company_id,year,sales,net_profit,operating_profit,equity_capital,borrowings,total_assets,operating_activity,net_profit_margin,operating_profit_margin,roe,debt_to_equity,asset_turnover,interest_coverage,cashflow_to_profit,financial_health_score,company_rank
INDIGO,Mar 2013,9203,787,8348.0,0.4,11,26,1741.0,8.55,90.71,17886.36,2.5,353.96,28.2,2.21,10683.09,1
INDIGO,Mar 2014,11117,474,10684.0,0.4,14,35,1595.0,4.26,96.11,10772.73,3.18,317.63,27.32,3.36,8000.66,2
BEL,Mar 2015,7093,1197,1179.0,2.0,26,49,1434.0,16.88,16.62,17100.0,3.71,144.76,168.43,1.2,7290.39,3
BEL,Mar 2013,6273,911,669.0,2.0,24,45,-1539.0,14.52,10.66,15183.33,4.0,139.4,95.57,-1.69,6631.76,4
BEL,Mar 2014,6518,952,925.0,2.0,21,46,-569.0,14.61,14.19,13600.0,3.0,141.7,132.14,-0.6,6196.99,5
BEL,Mar 2016,7354,1337,1393.0,9.0,25,52,2260.0,18.18,18.94,11141.67,2.08,141.42,139.3,1.69,5461.73,6
INDIGO,Mar 2015,13925,1304,12022.0,0.4,4,61,2384.0,9.36,86.33,4939.39,0.15,228.28,30.44,1.83,4924.87,7
BEL,Mar 2017,8656,1523,1792.0,9.0,29,77,-61.0,17.59,20.7,10153.33,1.93,112.42,99.56,-0.04,4731.19,8
BEL,Mar 2024,20268,3985,5051.0,11.0,43,161,4659.0,19.66,24.92,4744.05,0.51,125.89,420.92,1.17,3318.91,9
BEL,Mar 2023,17734,2986,4090.0,11.0,39,144,1199.0,16.84,23.06,3981.33,0.52,123.15,215.26,0.4,3047.87,10
HAL,Mar 2022,24620,5086,5420.0,5.0,12,202,10180.0,20.66,22.01,3324.18,0.08,121.88,83.38,2.0,2834.62,11
BEL,Mar 2018,10401,1431,2039.0,10.0,48,121,-687.0,13.76,19.6,4616.13,1.55,85.96,339.83,-0.48,2673.85,12
BEL,Mar 2019,12164,1887,2909.0,11.0,47,126,1514.0,15.51,23.91,3851.02,0.96,96.54,181.81,0.8,2607.27,13
BEL,Mar 2020,12968,1825,2759.0,11.0,44,122,2570.0,14.07,21.28,3318.18,0.8,106.3,344.88,1.41,2593.73,14
HAL,Mar 2021,22882,3239,5341.0,5.0,6,186,15124.0,14.16,23.34,2249.31,0.04,123.02,20.0,4.67,2528.1,15
HAL,Mar 2020,21445,2842,4880.0,5.0,2,173,1537.0,13.25,22.76,2059.42,0.01,123.96,13.59,0.54,2485.04,16
HAL,Mar 2023,26928,5811,6669.0,5.0,47,271,8836.0,21.58,24.77,3283.05,0.27,99.37,104.2,1.52,2484.46,17
BEL,Mar 2021,14109,2100,3214.0,11.0,49,152,5093.0,14.88,22.78,3559.32,0.83,92.82,321.4,2.43,2464.22,18
BEL,Mar 2022,15368,2400,3344.0,11.0,58,163,4207.0,15.62,21.76,3478.26,0.84,94.28,371.56,1.75,2461.74,19
HAL,Mar 2019,20008,2346,4569.0,5.0,8,175,-7694.0,11.73,22.84,1763.91,0.06,114.33,25.81,-3.28,2251.32,20
HAL,Mar 2017,17950,2616,3236.0,5.0,2,170,-423.0,14.57,18.03,1966.92,0.02,105.59,202.25,-0.16,2181.07,21
HAL,Mar 2024,30381,7595,9749.0,5.0,123,450,8226.0,25.0,32.09,3816.58,0.62,67.51,226.72,1.08,2167.19,22
HAL,Mar 2018,18519,1987,3460.0,5.0,3,166,-734.0,10.73,18.68,1528.46,0.02,111.56,98.86,-0.37,2138.26,23
HAL,Mar 2016,16758,1998,2478.0,5.0,18,176,0.0,11.92,14.79,1665.0,0.15,95.22,413.0,0.0,1932.99,24
INDIGO,Mar 2018,23021,2242,19991.0,29.0,54,279,3903.0,9.74,86.84,2242.0,0.54,82.51,21.11,1.74,1927.35,25
INDIGO,Mar 2016,16140,1986,12976.0,0.4,8,196,3116.0,12.3,80.4,1534.78,0.06,82.35,25.2,1.57,1714.54,26
INDIGO,Mar 2017,18580,1659,16362.0,29.0,52,246,3782.0,8.93,88.06,1692.86,0.53,75.53,20.74,2.28,1658.0,27
INDIGO,Mar 2020,35756,-248,31687.0,29.0,75,422,6943.0,-0.69,88.62,-138.55,0.42,84.73,20.7,-28.0,1244.84,28
INDIGO,Mar 2019,28497,156,28648.0,29.0,88,373,3160.0,0.55,100.53,120.93,0.68,76.4,21.62,20.26,1199.12,29
INDIGO,Mar 2024,68904,8167,52573.0,48.0,17,1222,21183.0,11.85,76.3,892.57,0.02,56.39,22.6,2.59,1131.74,30
INDIGO,Mar 2023,54446,-317,47926.0,48.0,12,1062,12703.0,-0.58,88.02,-40.8,0.02,51.27,33.49,-40.07,774.17,31
LT,Mar 2013,74426,5291,11394.0,16.0,234,2328,-4355.0,7.11,15.31,395.15,0.17,31.97,2.45,-0.82,602.08,32
LT,Mar 2014,85054,4885,14086.0,16.0,110,2666,-7143.0,5.74,16.56,303.42,0.07,31.9,2.17,-1.46,573.92,33
LT,Mar 2016,101122,4592,15486.0,17.0,55,3137,-3240.0,4.54,15.31,216.09,0.03,32.24,2.24,-0.71,552.47,34
LT,Mar 2015,91929,4966,15684.0,16.0,218,2978,-1365.0,5.4,17.06,245.11,0.11,30.87,2.16,-0.27,540.8,35
LT,Mar 2017,109312,6486,16620.0,17.0,0,4417,6655.0,5.93,15.2,206.3,0.0,24.75,2.43,1.03,437.66,36
INDIGO,Mar 2022,25931,-317,25373.0,48.0,12,920,2064.0,-1.22,97.85,-48.77,0.02,28.19,35.0,-6.51,427.38,37
LT,Mar 2018,119683,8004,20111.0,17.0,0,5337,-10031.0,6.69,16.8,207.36,0.0,22.43,2.61,-1.25,403.69,38
LT,Mar 2019,135220,10217,22866.0,17.0,0,6664,-4756.0,7.56,16.91,208.81,0.0,20.29,2.45,-0.47,372.26,39
LT,Mar 2020,145452,10894,24553.0,17.0,912,8815,6694.0,7.49,16.88,201.59,0.17,16.5,2.23,0.61,312.38,40
PNB,Mar 2013,43071,5020,0.0,50.0,6695,7655,-692.0,11.66,0.0,812.3,10.83,5.63,0.0,-0.14,276.9,41
PNB,Mar 2013,43071,5020,0.0,50.0,6695,7655,-692.0,11.66,0.0,812.3,10.83,5.63,0.0,-0.14,276.9,41
PNB,Mar 2013,43071,5020,0.0,50.0,6695,7655,-692.0,11.66,0.0,812.3,10.83,5.63,0.0,-0.14,276.9,41
PNB,Mar 2013,43071,5020,0.0,50.0,6695,7655,-692.0,11.66,0.0,812.3,10.83,5.63,0.0,-0.14,276.9,41
PNB,Mar 2013,43071,5020,0.0,50.0,6695,7655,-692.0,11.66,0.0,812.3,10.83,5.63,0.0,-0.14,276.9,41
BAJAJHLDNG,Mar 2023,522,4946,380.0,111.0,93,53188,1728.0,947.51,72.8,11.19,0.0,0.01,54.29,0.35,254.94,42
LT,Mar 2021,135979,12921,23460.0,18.0,798,10706,23074.0,9.5,17.25,176.9,0.11,12.7,2.0,1.79,248.84,43
NAUKRI,Mar 2022,1589,12882,446.0,129.0,64,20483,707.0,810.7,28.07,74.71,0.0,0.08,40.55,0.05,231.9,44
BAJAJHLDNG,Mar 2022,484,4126,367.0,111.0,114,53588,1610.0,852.48,75.83,9.63,0.0,0.01,122.33,0.39,231.32,45
BAJAJHLDNG,Mar 2021,457,3654,352.0,111.0,136,45490,272.0,799.56,77.02,9.83,0.0,0.01,88.0,0.07,218.39,46
BAJAJHLDNG,Mar 2019,431,3048,347.0,111.0,0,27008,628.0,707.19,80.51,11.31,0.0,0.02,0.0,0.21,196.59,47
BAJAJHLDNG,Mar 2020,435,3080,301.0,111.0,168,32729,1920.0,708.05,69.2,11.09,0.01,0.01,23.15,0.62,194.28,48
BAJAJHLDNG,Mar 2018,420,2655,355.0,111.0,0,25269,1631.0,632.14,84.52,10.54,0.0,0.02,0.0,0.61,178.4,49
BAJAJHLDNG,Mar 2013,337,1856,322.0,111.0,0,10775,473.0,550.74,95.55,17.94,0.0,0.03,0.0,0.25,162.63,50
LT,Mar 2024,221113,15547,29865.0,30.0,2071,27544,18266.0,7.03,13.51,77.67,0.1,8.03,3.14,1.17,147.71,51
LT,Mar 2023,183341,12531,27166.0,30.0,1541,23481,22777.0,6.83,14.82,75.52,0.09,7.81,2.88,1.82,144.03,52
BAJAJHLDNG,Mar 2016,470,2265,429.0,111.0,0,15472,1147.0,481.91,91.28,14.81,0.0,0.03,0.0,0.51,143.63,53
BAJAJHLDNG,Mar 2014,423,1988,400.0,111.0,0,12448,872.0,469.98,94.56,16.57,0.0,0.03,0.0,0.44,141.83,54
LT,Mar 2022,156521,10419,24314.0,30.0,258,20572,19164.0,6.66,15.53,72.92,0.02,7.61,2.63,1.84,140.7,55
BAJAJHLDNG,Mar 2024,1702,7365,1562.0,111.0,63,65161,1941.0,432.73,91.77,13.58,0.0,0.03,781.0,0.26,131.06,56
PNB,Mar 2014,44958,3674,0.0,66.0,10108,11540,16906.0,8.17,0.0,393.36,10.82,3.9,0.0,4.6,124.45,57
PNB,Mar 2014,44958,3674,0.0,66.0,10108,11540,16906.0,8.17,0.0,393.36,10.82,3.9,0.0,4.6,124.45,57
PNB,Mar 2014,44958,3674,0.0,66.0,10108,11540,16906.0,8.17,0.0,393.36,10.82,3.9,0.0,4.6,124.45,57
PNB,Mar 2014,44958,3674,0.0,66.0,10108,11540,16906.0,8.17,0.0,393.36,10.82,3.9,0.0,4.6,124.45,57
PNB,Mar 2014,44958,3674,0.0,66.0,10108,11540,16906.0,8.17,0.0,393.36,10.82,3.9,0.0,4.6,124.45,57
BAJAJHLDNG,Mar 2015,524,2029,484.0,111.0,0,13893,796.0,387.21,92.37,15.15,0.0,0.04,0.0,0.39,120.42,58
HINDUNILVR,Mar 2013,27004,3839,22784.0,216.0,25,12092,3605.0,14.22,84.37,134.0,0.01,2.23,20.29,0.94,94.03,59
BAJAJHLDNG,Mar 2017,842,2473,628.0,111.0,0,17889,-923.0,293.71,74.58,13.88,0.0,0.05,0.0,-0.37,93.26,60
HINDUNILVR,Mar 2015,31972,4376,26560.0,216.0,43,14430,3292.0,13.69,83.07,108.67,0.01,2.22,21.3,0.75,85.89,61
HINDUNILVR,Mar 2014,29234,3956,24475.0,216.0,46,13754,3818.0,13.53,83.72,111.85,0.01,2.13,30.9,0.97,85.58,62
NESTLEIND,Mar 2024,24394,3933,5813.0,96.0,345,10523,4175.0,16.12,23.83,117.75,0.1,2.32,40.09,1.06,78.42,63
NESTLEIND,Dec 2023,19126,2999,4471.0,96.0,271,8979,3392.0,15.68,23.38,121.96,0.11,2.13,37.57,1.13,76.58,64
HINDUNILVR,Mar 2019,39310,6060,30430.0,216.0,99,18629,5800.0,15.42,77.41,77.03,0.01,2.11,94.5,0.96,74.05,65
HINDUNILVR,Mar 2020,39783,6756,29922.0,216.0,0,20153,7623.0,16.98,75.21,82.1,0.0,1.97,70.57,1.13,73.47,66
HINDUNILVR,Mar 2016,32186,4151,26276.0,216.0,177,14793,4171.0,12.9,81.64,63.15,0.03,2.18,54.07,1.0,71.05,67
HINDUNILVR,Mar 2017,33162,4490,26834.0,216.0,277,15706,5185.0,13.54,80.92,66.58,0.04,2.11,44.28,1.15,70.99,68
HINDUNILVR,Mar 2018,35545,5227,28046.0,216.0,0,17862,6059.0,14.71,78.9,71.79,0.0,1.99,79.45,1.16,70.84,69
HEROMOTOCO,Mar 2015,27538,2364,24018.0,40.0,100,10654,2186.0,8.58,87.22,36.15,0.02,2.58,73.9,0.92,69.03,70
HEROMOTOCO,Mar 2014,25275,2102,21722.0,40.0,284,10122,2963.0,8.32,85.94,37.38,0.05,2.5,50.52,1.41,67.73,71
NESTLEIND,Dec 2021,14741,2118,3562.0,96.0,266,8234,2236.0,14.37,24.16,108.84,0.14,1.79,17.63,1.06,67.23,72
BRITANNIA,Mar 2014,6913,395,627.0,24.0,150,2107,671.0,5.71,9.07,49.5,0.19,3.28,78.38,1.7,66.34,73
NESTLEIND,Dec 2019,12369,1968,2926.0,96.0,189,7173,2295.0,15.91,23.66,102.61,0.1,1.72,22.68,1.17,64.79,74
NESTLEIND,Dec 2022,16897,2391,3706.0,96.0,271,8979,2737.0,14.15,21.93,97.23,0.11,1.88,23.91,1.14,64.74,75
NESTLEIND,Dec 2020,13350,2082,3202.0,96.0,147,7900,2454.0,15.6,23.99,103.12,0.07,1.69,19.52,1.18,64.63,76
HEROMOTOCO,Mar 2016,28457,3112,24033.0,40.0,232,12896,3722.0,10.94,84.45,35.23,0.03,2.21,57.09,1.2,63.19,77
BRITANNIA,Mar 2015,7858,689,870.0,24.0,145,2793,584.0,8.77,11.07,55.34,0.12,2.81,217.5,0.85,62.56,78
BRITANNIA,Mar 2013,6185,260,421.0,24.0,380,1883,320.0,4.2,6.81,46.59,0.68,3.28,10.27,1.23,62.19,79
HEROMOTOCO,Mar 2017,28610,3546,24025.0,40.0,261,15312,4007.0,12.39,83.97,34.37,0.03,1.87,28.95,1.13,58.1,80
HEROMOTOCO,Mar 2018,32458,3722,27124.0,40.0,228,17397,4017.0,11.47,83.57,31.09,0.02,1.87,48.09,1.08,56.86,81
LTIM,Mar 2014,4920,996,1147.0,16.0,110,2666,628.0,20.24,23.31,61.86,0.07,1.85,37.0,0.63,55.68,82
HEROMOTOCO,Mar 2019,33971,3466,28946.0,40.0,312,18504,1032.0,10.2,85.21,26.42,0.02,1.84,39.06,0.3,55.02,83
PNB,Mar 2015,48710,3525,0.0,104.0,16481,19035,4814.0,7.24,0.0,223.24,10.44,2.56,0.0,1.37,54.98,84
PNB,Mar 2015,48710,3525,0.0,104.0,16481,19035,4814.0,7.24,0.0,223.24,10.44,2.56,0.0,1.37,54.98,84
PNB,Mar 2015,48710,3525,0.0,104.0,16481,19035,4814.0,7.24,0.0,223.24,10.44,2.56,0.0,1.37,54.98,84
PNB,Mar 2015,48710,3525,0.0,104.0,16481,19035,4814.0,7.24,0.0,223.24,10.44,2.56,0.0,1.37,54.98,84
PNB,Mar 2015,48710,3525,0.0,104.0,16481,19035,4814.0,7.24,0.0,223.24,10.44,2.56,0.0,1.37,54.98,84
BRITANNIA,Mar 2016,8397,825,1224.0,24.0,131,3494,959.0,9.82,14.58,39.44,0.06,2.4,244.8,1.16,52.9,85
HEROMOTOCO,Mar 2020,29254,3659,25184.0,40.0,453,19674,5518.0,12.51,86.09,25.4,0.03,1.49,17.56,1.51,50.17,86
COALINDIA,Mar 2019,99586,17464,74579.0,6163.0,2210,133021,16356.0,17.54,74.89,66.01,0.08,0.75,12.78,0.94,50.02,87
TCS,Mar 2024,240893,46099,64296.0,362.0,8021,145472,44338.0,19.14,26.69,50.94,0.09,1.66,82.64,0.96,49.86,88
DMART,Mar 2019,20005,902,1633.0,624.0,700,7006,807.0,4.51,8.16,16.14,0.13,2.86,34.74,0.89,49.85,89
BRITANNIA,Mar 2023,16301,2316,2831.0,24.0,2997,9351,2526.0,14.21,17.37,65.53,0.85,1.74,16.75,1.09,48.54,90
BRITANNIA,Mar 2024,16769,2134,3167.0,24.0,2065,9072,2573.0,12.73,18.89,54.15,0.52,1.85,19.31,1.21,48.36,91
BRITANNIA,Mar 2017,9054,885,1278.0,24.0,125,4109,441.0,9.77,14.12,32.83,0.05,2.2,255.6,0.5,47.87,92
DMART,Mar 2018,15033,806,1353.0,624.0,439,5648,730.0,5.36,9.0,17.26,0.09,2.66,22.55,0.91,47.77,93
HEROMOTOCO,Mar 2024,37789,3742,32554.0,40.0,606,26153,4923.0,9.9,86.15,21.14,0.03,1.44,47.25,1.32,47.5,94
TCS,Mar 2023,225458,42303,59259.0,366.0,7688,142859,41965.0,18.76,26.28,46.78,0.09,1.58,76.07,0.99,47.23,95
BRITANNIA,Mar 2022,14136,1516,2201.0,24.0,2481,7527,1300.0,10.72,15.57,59.27,0.97,1.88,15.28,0.86,46.92,96
LTIM,Mar 2016,5846,836,1028.0,17.0,55,3137,858.0,14.3,17.58,39.34,0.03,1.86,171.33,1.03,46.64,97
DMART,Mar 2016,8584,320,664.0,562.0,1192,3102,433.0,3.73,7.74,21.04,0.78,2.77,7.3,1.35,46.44,98
HEROMOTOCO,Mar 2023,34158,2800,30060.0,40.0,568,23917,2614.0,8.2,88.0,16.81,0.03,1.43,53.02,0.93,45.99,99
HEROMOTOCO,Mar 2021,30959,2936,26902.0,40.0,584,23096,4110.0,9.48,86.9,19.05,0.04,1.34,48.65,1.4,45.36,100
HAVELLS,Mar 2016,7594,1300,796.0,62.0,134,4387,513.0,17.12,10.48,42.95,0.04,1.73,8.75,0.39,45.01,101
NESTLEIND,Dec 2014,9855,1185,2039.0,96.0,20,5820,1644.0,12.02,20.69,41.77,0.01,1.69,145.64,1.39,44.97,102
DMART,Mar 2015,6439,212,456.0,562.0,904,2355,222.0,3.29,7.08,17.67,0.75,2.73,6.33,1.05,44.74,103
LTIM,Mar 2013,3851,562,870.0,16.0,234,2328,608.0,14.59,22.59,41.97,0.17,1.65,41.43,1.08,44.66,104
BRITANNIA,Mar 2021,13136,1851,2509.0,24.0,2122,8000,1876.0,14.09,19.1,52.17,0.6,1.64,22.6,1.01,44.59,105
BPCL,Mar 2015,242598,5082,9780.0,723.0,25492,86322,20742.0,2.09,4.03,22.52,1.13,2.81,8.29,4.08,44.58,106
COALINDIA,Mar 2020,96080,16700,74500.0,6163.0,6434,150020,4977.0,17.38,77.54,51.93,0.2,0.64,11.56,0.3,44.03,107
COALINDIA,Mar 2023,138252,31723,94020.0,6163.0,4331,221396,35734.0,22.95,68.01,52.14,0.07,0.62,14.33,1.13,43.93,108
LTIM,Mar 2015,4978,769,1005.0,16.0,218,2978,642.0,15.45,20.19,37.96,0.11,1.67,100.5,0.83,43.79,109
BPCL,Mar 2024,448083,26859,44082.0,2136.0,54599,202418,35936.0,5.99,9.84,35.51,0.72,2.21,10.62,1.34,43.67,110
BPCL,Mar 2014,264421,4053,9414.0,723.0,33152,88460,9588.0,1.53,3.56,20.85,1.71,2.99,4.75,2.37,43.65,111
HEROMOTOCO,Mar 2022,29551,2329,26295.0,40.0,605,22478,2104.0,7.88,88.98,14.7,0.04,1.31,48.25,0.9,43.63,112
TCS,Mar 2022,191754,38449,53057.0,366.0,7818,140924,39949.0,20.05,27.67,43.13,0.09,1.36,67.67,1.04,43.44,113
NAUKRI,Mar 2021,1128,1418,74.0,129.0,65,6292,276.0,125.71,6.56,26.28,0.01,0.18,6.73,0.19,43.27,114
DMART,Mar 2014,4686,161,341.0,547.0,641,1808,198.0,3.44,7.28,16.84,0.67,2.59,6.09,1.23,42.87,115
DMART,Mar 2023,42840,2378,3639.0,648.0,643,18105,2630.0,5.55,8.49,14.79,0.04,2.37,54.31,1.11,42.87,115
BAJAJ-AUTO,Mar 2013,20025,3133,3656.0,289.0,116,12642,2218.0,15.65,18.26,38.85,0.01,1.58,3656.0,0.71,42.87,115
BAJAJ-AUTO,Mar 2013,20025,3133,3656.0,289.0,116,12642,2218.0,15.65,18.26,38.85,0.01,1.58,3656.0,0.71,42.87,115
DMART,Mar 2024,50789,2536,4106.0,651.0,592,21172,2746.0,4.99,8.08,13.56,0.03,2.4,70.79,1.08,42.78,116
BRITANNIA,Mar 2018,9914,1004,1501.0,24.0,201,5188,1249.0,10.13,15.14,29.48,0.06,1.91,187.62,1.24,42.75,117
NESTLEIND,Dec 2018,11292,1607,2618.0,96.0,35,8088,2052.0,14.23,23.18,43.75,0.01,1.4,23.38,1.28,42.27,118
COALINDIA,Mar 2016,77861,14267,59147.0,6316.0,1199,113560,13154.0,18.32,75.96,40.96,0.03,0.69,9.96,0.92,42.26,119
TCS,Mar 2014,81809,19332,25153.0,196.0,297,66829,14751.0,23.63,30.75,39.3,0.01,1.22,644.95,0.76,42.1,120
ABB,Mar 2014,2276,198,267.0,21.0,0,1139,0.0,8.7,11.73,25.13,0.0,2.0,0.0,0.0,42.06,121
ABB,Mar 2014,2276,198,267.0,21.0,0,1139,155.0,8.7,11.73,25.13,0.0,2.0,0.0,0.78,42.06,121
COALINDIA,Mar 2024,142324,37369,94352.0,6163.0,6523,236470,18103.0,26.26,66.29,45.17,0.08,0.6,11.24,0.48,41.97,122
TITAN,Mar 2015,11913,816,1153.0,89.0,100,5868,503.0,6.85,9.68,26.46,0.03,2.03,14.23,0.62,41.89,123
TCS,Mar 2015,94648,20060,24482.0,196.0,358,73318,19369.0,21.19,25.87,39.62,0.01,1.29,235.4,0.97,41.66,124
TCS,Mar 2020,156949,32447,42109.0,375.0,8174,120127,32369.0,20.67,26.83,38.57,0.1,1.31,45.57,1.0,41.25,125
COALINDIA,Mar 2014,70608,15112,52842.0,6316.0,178,104938,14525.0,21.4,74.84,35.64,0.0,0.67,7.37,0.96,41.06,126
COALINDIA,Mar 2013,68303,17356,50216.0,6316.0,1305,110983,9109.0,25.41,73.52,35.81,0.03,0.62,5.74,0.52,40.95,127
TRENT,Mar 2024,12375,1477,1971.0,36.0,1753,7162,1349.0,11.94,15.93,36.31,0.43,1.73,5.36,0.91,40.86,128
TCS,Mar 2019,146463,31562,39506.0,375.0,62,113901,28593.0,21.55,26.97,35.29,0.0,1.29,199.53,0.91,40.72,129
TITAN,Mar 2013,10123,725,1014.0,89.0,0,5884,553.0,7.16,10.02,36.8,0.0,1.72,19.88,0.76,40.63,130
NESTLEIND,Dec 2013,9101,1117,1948.0,96.0,1189,6314,1796.0,12.27,21.4,47.17,0.5,1.44,52.65,1.61,40.6,131
EICHERMOT,Mar 2016,6173,1338,1690.0,27.0,23,4939,1463.0,21.68,27.38,36.63,0.01,1.25,845.0,1.09,40.58,132
COALINDIA,Mar 2017,78164,9280,65716.0,6207.0,3014,118587,16461.0,11.87,84.07,37.85,0.12,0.66,12.36,1.77,40.44,133
TCS,Mar 2021,164177,32562,46546.0,370.0,7795,129992,38802.0,19.83,28.35,37.67,0.09,1.26,73.07,1.19,40.38,134
TCS,Mar 2013,62989,14076,18040.0,196.0,332,51932,11615.0,22.35,28.64,36.52,0.01,1.21,375.83,0.83,40.37,135
COALINDIA,Mar 2022,109715,17378,84995.0,6163.0,3514,179436,41107.0,15.84,77.47,40.28,0.08,0.61,21.99,2.37,40.29,136
BRITANNIA,Mar 2019,11055,1155,1732.0,24.0,156,6238,1156.0,10.45,15.67,27.16,0.04,1.77,192.44,1.0,40.24,137
COALINDIA,Mar 2015,74120,13727,56777.0,6316.0,408,111267,14382.0,18.52,76.6,34.02,0.01,0.67,8.64,1.05,40.16,138
COALINDIA,Mar 2018,85244,7038,75956.0,6207.0,1538,125471,21115.0,8.26,89.1,34.88,0.08,0.68,15.27,3.0,40.15,139
TCS,Mar 2016,108646,24338,30677.0,197.0,245,88291,19109.0,22.4,28.24,34.24,0.0,1.23,929.61,0.79,39.97,140
BPCL,Mar 2013,242181,1936,6709.0,723.0,33157,79628,5926.0,0.8,2.77,11.54,1.98,3.04,2.66,3.06,39.92,141
TVSMOTOR,Mar 2016,11377,429,819.0,48.0,1091,5146,936.0,3.77,7.2,23.58,0.6,2.21,11.7,2.18,39.61,142
BPCL,Mar 2016,187815,8089,12971.0,656.0,23388,86422,11119.0,4.31,6.91,29.1,0.84,2.17,19.07,1.37,39.54,143
ASIANPAINT,Mar 2013,10504,1160,1737.0,96.0,251,6784,1187.0,11.04,16.54,34.28,0.07,1.55,41.36,1.02,39.25,144
ASIANPAINT,Mar 2013,10504,1160,1737.0,96.0,251,6784,1187.0,11.04,16.54,34.28,0.07,1.55,41.36,1.02,39.25,144
JIOFIN,Mar 2024,1855,1605,1559.0,6353.0,0,144863,-678.0,86.52,84.04,1.15,0.0,0.01,155.9,-0.42,38.93,145
LTIM,Mar 2017,6501,971,1230.0,17.0,0,4417,1170.0,14.94,18.92,30.88,0.0,1.47,410.0,1.2,38.83,146
TVSMOTOR,Mar 2015,10256,328,605.0,48.0,1119,4570,83.0,3.2,5.9,24.75,0.84,2.24,9.76,0.25,38.8,147
PIDILITIND,Mar 2016,5361,807,1173.0,51.0,80,3714,907.0,15.05,21.88,30.59,0.03,1.44,90.23,1.12,38.77,148
ABB,Dec 2012,1653,145,202.0,21.0,0,907,101.0,8.77,12.22,22.41,0.0,1.82,0.0,0.7,38.66,149
LTIM,Mar 2019,9446,1516,1883.0,17.0,0,6664,1395.0,16.05,19.93,30.98,0.0,1.42,171.18,0.92,38.59,150
NESTLEIND,Dec 2017,10010,1225,2097.0,96.0,35,7363,1818.0,12.24,20.95,35.82,0.01,1.36,22.79,1.48,38.35,151
TVSMOTOR,Mar 2014,8384,187,492.0,48.0,728,3632,470.0,2.23,5.87,16.11,0.63,2.31,6.15,2.51,38.06,152
BAJAJ-AUTO,Mar 2014,20137,3380,4163.0,289.0,59,15308,3502.0,16.79,20.67,33.24,0.01,1.32,4163.0,1.04,38.05,153
BAJAJ-AUTO,Mar 2014,20137,3380,4163.0,289.0,59,15308,3502.0,16.79,20.67,33.24,0.01,1.32,4163.0,1.04,38.05,153
HINDUNILVR,Mar 2023,60580,10143,46433.0,235.0,1219,73077,9991.0,16.74,76.65,20.16,0.02,0.83,103.65,0.99,37.91,154
ABB,Mar 2015,2289,229,312.0,21.0,0,1374,215.0,10.0,13.63,24.44,0.0,1.67,0.0,0.94,37.61,155
ABB,Mar 2015,2289,229,312.0,21.0,0,1374,-35.0,10.0,13.63,24.44,0.0,1.67,0.0,-0.15,37.61,155
ASIANPAINT,Mar 2014,12220,1263,2004.0,96.0,249,8075,1402.0,10.34,16.4,31.27,0.06,1.51,41.75,1.11,37.6,156
ASIANPAINT,Mar 2014,12220,1263,2004.0,96.0,249,8075,1402.0,10.34,16.4,31.27,0.06,1.51,41.75,1.11,37.6,156
TITAN,Mar 2014,10927,735,1047.0,89.0,807,6111,-555.0,6.73,9.58,29.13,0.32,1.79,12.03,-0.76,37.59,157
TCS,Mar 2017,117966,26357,32311.0,197.0,289,102333,25223.0,22.34,27.39,30.57,0.0,1.15,1009.72,0.96,37.48,158
ASIANPAINT,Mar 2015,13615,1427,2243.0,96.0,418,8914,1188.0,10.48,16.47,30.09,0.09,1.53,53.4,0.83,37.44,159
ASIANPAINT,Mar 2015,13615,1427,2243.0,96.0,418,8914,1188.0,10.48,16.47,30.09,0.09,1.53,53.4,0.83,37.44,159
TORNTPHARM,Mar 2016,6687,1733,2733.0,85.0,2352,8886,2742.0,25.92,40.87,49.6,0.67,0.75,14.85,1.58,37.43,160
COALINDIA,Mar 2021,90026,12702,71398.0,6163.0,5884,161051,10592.0,14.11,79.31,34.78,0.16,0.56,19.08,0.83,37.42,161
DMART,Mar 2020,24870,1301,2128.0,648.0,333,12076,1280.0,5.23,8.56,11.74,0.03,2.06,30.84,0.98,37.29,162
TCS,Mar 2018,123104,25880,32516.0,191.0,247,105126,25067.0,21.02,26.41,30.4,0.0,1.17,625.31,0.97,37.21,163
HINDUNILVR,Mar 2024,61896,10282,47237.0,235.0,1484,78489,15469.0,16.61,76.32,20.07,0.03,0.79,57.82,1.5,37.14,164
BAJAJ-AUTO,Mar 2016,22574,4061,4793.0,289.0,118,17240,3690.0,17.99,21.23,28.97,0.01,1.31,4793.0,0.91,37.03,165
BAJAJ-AUTO,Mar 2016,22574,4061,4793.0,289.0,118,17240,3690.0,17.99,21.23,28.97,0.01,1.31,4793.0,0.91,37.03,165
IRCTC,Mar 2023,3541,1006,1276.0,160.0,84,5089,812.0,28.41,36.04,40.6,0.03,0.7,79.75,0.81,36.84,166
TVSMOTOR,Mar 2017,12463,509,871.0,48.0,1311,6128,689.0,4.08,6.99,22.96,0.59,2.03,14.52,1.35,36.81,167
ABB,Mar 2024,5849,1201,1453.0,21.0,83,5193,1213.0,20.53,24.84,32.47,0.02,1.13,121.08,1.01,36.69,168
ABB,Mar 2024,5849,1201,1453.0,21.0,83,5193,6038.0,20.53,24.84,32.47,0.02,1.13,121.08,5.03,36.69,168
ICICIPRULI,Mar 2013,20025,1515,19280.0,1429.0,0,75220,-2641.0,7.57,96.28,38.25,0.0,0.27,21.42,-1.74,36.67,169
MOTHERSON,Mar 2016,37216,1774,3548.0,132.0,6069,19665,2188.0,4.77,9.53,40.35,1.38,1.89,10.28,1.23,36.65,170
HAVELLS,Mar 2013,7135,581,674.0,62.0,982,4458,638.0,8.14,9.45,40.29,0.68,1.6,5.48,1.1,36.61,171
HDFCLIFE,Mar 2014,17166,725,16561.0,1995.0,0,52275,0.0,4.22,96.48,37.6,0.0,0.33,68.72,0.0,36.58,172
ITC,Mar 2014,35306,9001,13080.0,795.0,242,40848,7344.0,25.49,37.05,33.05,0.01,0.86,451.03,0.82,36.55,173
ITC,Mar 2013,31618,7704,11221.0,790.0,102,35329,7102.0,24.37,35.49,33.27,0.0,0.89,103.9,0.92,36.52,174
MOTHERSON,Mar 2015,34661,1292,2844.0,88.0,5131,17425,3390.0,3.73,8.21,38.87,1.54,1.99,8.94,2.62,36.39,175
EICHERMOT,Mar 2017,7033,1667,2174.0,27.0,112,7009,1708.0,23.7,30.91,31.19,0.02,1.0,543.5,1.02,36.36,176
ADANIPOWER,Mar 2024,50351,20829,18228.0,3857.0,34616,92009,14170.0,41.37,36.2,48.28,0.8,0.55,5.38,0.68,36.32,177
LTIM,Mar 2018,7306,1112,1187.0,17.0,0,5337,844.0,15.22,16.25,28.81,0.0,1.37,74.19,0.76,36.25,178
BRITANNIA,Mar 2020,11600,1394,1843.0,24.0,1538,7830,1485.0,12.02,15.89,31.66,0.35,1.48,23.94,1.07,36.13,179
TECHM,Mar 2014,18802,3062,4172.0,234.0,363,15940,1596.0,16.29,22.19,33.35,0.04,1.18,52.15,0.52,36.02,180
TECHM,Mar 2014,18802,3062,4172.0,234.0,363,15940,1596.0,16.29,22.19,33.35,0.04,1.18,52.15,0.52,36.02,180
NESTLEIND,Dec 2016,9141,1001,1850.0,96.0,33,6810,1466.0,10.95,20.24,30.5,0.01,1.34,20.33,1.46,35.99,181
ABB,Mar 2016,2614,255,365.0,21.0,0,1616,249.0,9.76,13.96,21.34,0.0,1.62,121.67,0.98,35.93,182
ABB,Mar 2016,2614,255,365.0,21.0,0,1616,1544.0,9.76,13.96,21.34,0.0,1.62,121.67,6.05,35.93,182
HCLTECH,Jun 2014,32144,6528,8035.0,140.0,1018,29980,6457.0,20.31,25.0,33.39,0.05,1.07,70.48,0.99,35.89,183
DMART,Mar 2022,30976,1492,2502.0,648.0,647,15471,1372.0,4.82,8.08,10.91,0.05,2.0,46.33,0.92,35.84,184
DMART,Mar 2013,3341,94,215.0,544.0,526,1492,127.0,2.81,6.44,11.91,0.67,2.24,5.0,1.35,35.81,185
TVSMOTOR,Mar 2013,7510,198,438.0,48.0,1068,3381,464.0,2.64,5.83,22.02,1.19,2.22,4.25,2.34,35.78,186
HINDUNILVR,Mar 2022,52446,8892,39589.0,235.0,1043,70506,9048.0,16.95,75.49,18.12,0.02,0.74,180.77,1.02,35.77,187
BAJAJ-AUTO,Mar 2015,21595,3026,4128.0,289.0,112,15966,2114.0,14.01,19.12,27.27,0.01,1.35,688.0,0.7,35.71,188
BAJAJ-AUTO,Mar 2015,21595,3026,4128.0,289.0,112,15966,2114.0,14.01,19.12,27.27,0.01,1.35,688.0,0.7,35.71,188
LTIM,Mar 2023,33183,4410,6108.0,30.0,1541,23481,3095.0,13.29,18.41,26.58,0.09,1.41,40.72,0.7,35.68,189
INFY,Mar 2023,146767,24108,35130.0,2069.0,8299,124596,22467.0,16.43,23.94,31.97,0.11,1.18,123.7,0.93,35.64,190
IRCTC,Mar 2022,1879,660,874.0,160.0,105,3884,524.0,35.13,46.51,35.29,0.06,0.48,79.45,0.79,35.57,191
CIPLA,Mar 2024,25774,4154,19483.0,161.0,559,32533,4134.0,16.12,75.59,15.55,0.02,0.79,35.3,1.0,35.56,192
TITAN,Mar 2016,11276,675,939.0,89.0,113,6342,576.0,5.99,8.33,19.25,0.03,1.78,22.36,0.85,35.49,193
DABUR,Mar 2014,7058,916,1162.0,174.0,708,5312,1098.0,12.98,16.46,34.49,0.27,1.33,21.52,1.2,35.48,194
ITC,Mar 2015,38817,9779,14252.0,802.0,269,45952,9843.0,25.19,36.72,30.81,0.01,0.84,156.62,1.01,35.43,195
MOTHERSON,Mar 2014,30414,1097,2397.0,88.0,4840,15244,2695.0,3.61,7.88,37.07,1.64,2.0,8.15,2.46,35.4,196
ASIANPAINT,Mar 2016,14271,1803,2725.0,96.0,323,10559,2243.0,12.63,19.09,27.63,0.05,1.35,55.61,1.24,35.26,197
ASIANPAINT,Mar 2016,14271,1803,2725.0,96.0,323,10559,2243.0,12.63,19.09,27.63,0.05,1.35,55.61,1.24,35.26,197
ABB,Mar 2023,5349,949,1206.0,21.0,113,4556,893.0,17.74,22.55,29.77,0.04,1.17,75.38,0.94,35.23,198
BPCL,Mar 2019,298226,8528,15112.0,1967.0,44839,136926,10157.0,2.86,5.07,22.0,1.16,2.18,8.57,1.19,35.23,198
ABB,Mar 2023,5349,949,1206.0,21.0,113,4556,3777.0,17.74,22.55,29.77,0.04,1.17,75.38,3.98,35.23,198
HDFCLIFE,Mar 2015,27215,786,26341.0,1995.0,0,69309,4459.0,2.89,96.79,30.93,0.0,0.39,333.43,5.67,35.21,199
HDFCLIFE,Mar 2013,14060,447,13535.0,1995.0,0,41918,0.0,3.18,96.27,33.43,0.0,0.34,483.39,0.0,35.18,200
ICICIPRULI,Mar 2014,21888,1561,20384.0,1429.0,0,81474,-2382.0,7.13,93.13,35.61,0.0,0.27,158.02,-1.53,35.14,201
LTIM,Mar 2022,26109,3950,5249.0,30.0,258,20572,3251.0,15.13,20.1,27.65,0.02,1.27,42.67,0.82,35.05,202
ICICIGI,Mar 2014,4352,520,4578.0,445.0,0,14744,595.0,11.95,105.19,21.72,0.0,0.3,5.6,1.14,35.04,203
DMART,Mar 2017,11898,479,969.0,624.0,1497,5819,455.0,4.03,8.14,12.47,0.39,2.04,7.94,0.95,35.03,204
ITC,Mar 2023,70919,19477,25704.0,1243.0,306,85831,18878.0,27.46,36.24,28.16,0.0,0.83,329.54,0.97,35.01,205
SIEMENS,Sep 2016,10837,2914,1021.0,71.0,25,11986,513.0,26.89,9.42,42.83,0.0,0.9,92.82,0.18,34.96,206
ICICIGI,Mar 2015,4234,585,4456.0,447.0,0,14646,-98.0,13.82,105.24,20.27,0.0,0.29,4.49,-0.17,34.93,207
HAVELLS,Mar 2015,8468,385,755.0,62.0,424,4788,963.0,4.55,8.92,21.18,0.23,1.77,7.86,2.5,34.68,208
ICICIPRULI,Mar 2015,34453,1640,32798.0,1432.0,0,101215,523.0,4.76,95.2,31.15,0.0,0.34,762.74,0.32,34.68,208
ITC,Mar 2024,70866,20751,26233.0,1248.0,303,91754,17179.0,29.28,37.02,27.85,0.0,0.77,327.91,0.83,34.63,209
BPCL,Mar 2018,235895,9792,15317.0,1967.0,37659,120356,11068.0,4.15,6.49,26.74,1.03,1.96,12.91,1.13,34.61,210
CIPLA,Mar 2013,8279,1545,6065.0,161.0,967,11658,1398.0,18.66,73.26,17.13,0.11,0.71,24.76,0.9,34.56,211
DIVISLAB,Mar 2022,8960,2960,3885.0,53.0,4,13360,1912.0,33.04,43.36,25.24,0.0,0.67,1942.5,0.65,34.55,212
HINDUNILVR,Mar 2021,47028,7999,35402.0,235.0,0,68740,9163.0,17.01,75.28,16.78,0.0,0.68,208.25,1.15,34.54,213
JIOFIN,Mar 2023,45,31,39.0,2.0,743,114930,2055.0,68.89,86.67,0.03,0.01,0.0,0.0,66.29,34.52,214
PIDILITIND,Mar 2014,4283,450,672.0,51.0,46,2928,394.0,10.51,15.69,23.05,0.02,1.46,42.0,0.88,34.48,215
DABUR,Mar 2015,7795,1068,1320.0,176.0,734,6106,1047.0,13.7,16.93,31.84,0.22,1.28,33.0,0.98,34.46,216
INFY,Mar 2024,153670,26248,36425.0,2071.0,8359,136020,25210.0,17.08,23.7,29.79,0.09,1.13,77.5,0.96,34.45,217
PIDILITIND,Mar 2013,3678,424,558.0,51.0,111,2616,472.0,11.53,15.17,25.68,0.07,1.41,34.88,1.11,34.42,218
PIDILITIND,Mar 2015,4844,514,771.0,51.0,58,3315,552.0,10.61,15.92,22.64,0.03,1.46,48.19,1.07,34.38,219
DIVISLAB,Mar 2016,3776,1126,1423.0,53.0,42,4898,1038.0,29.82,37.69,26.23,0.01,0.77,284.6,0.92,34.36,220
CIPLA,Mar 2022,21763,2547,17211.0,161.0,1056,26857,3326.0,11.7,79.08,12.22,0.05,0.81,173.85,1.31,34.31,221
ASIANPAINT,Mar 2024,35495,5558,7585.0,96.0,2474,29901,6104.0,15.66,21.37,29.68,0.13,1.19,37.0,1.1,34.29,222
ASIANPAINT,Mar 2024,35495,5558,7585.0,96.0,2474,29901,6104.0,15.66,21.37,29.68,0.13,1.19,37.0,1.1,34.29,222
HCLTECH,Jun 2013,25581,4040,5680.0,139.0,1044,22399,4492.0,15.79,22.2,30.69,0.08,1.14,53.58,1.11,34.29,222
CIPLA,Mar 2014,10173,1404,8026.0,161.0,1248,13400,1563.0,13.8,78.9,13.97,0.12,0.76,31.98,1.11,34.22,223
HCLTECH,Jun 2015,36701,7342,8486.0,281.0,648,35245,5539.0,20.0,23.12,30.31,0.03,1.04,93.25,0.75,34.17,224
ABB,Mar 2022,4913,799,1082.0,21.0,152,4224,948.0,16.26,22.02,28.33,0.05,1.16,56.95,1.19,34.12,225
ABB,Mar 2022,4913,799,1082.0,21.0,152,4224,4097.0,16.26,22.02,28.33,0.05,1.16,56.95,5.13,34.12,225
HINDALCO,Mar 2023,223202,10097,200536.0,222.0,60291,223489,19208.0,4.52,89.85,10.65,0.64,1.0,153.43,1.9,34.1,226
EICHERMOT,Mar 2018,8965,1960,2809.0,27.0,151,9522,2482.0,21.86,31.33,27.88,0.02,0.94,561.8,1.27,34.1,226
IRCTC,Mar 2020,2264,513,703.0,160.0,0,3241,409.0,22.66,31.05,39.04,0.0,0.7,70.3,0.8,34.09,227
IRCTC,Mar 2024,4270,1111,1466.0,160.0,60,6091,882.0,26.02,34.33,34.4,0.02,0.7,77.16,0.79,34.09,227
DABUR,Mar 2013,6140,766,992.0,174.0,1151,4709,870.0,12.48,16.16,36.56,0.55,1.3,16.81,1.14,34.07,228
ASIANPAINT,Mar 2023,34489,4195,6260.0,96.0,1933,25779,4193.0,12.16,18.15,26.23,0.12,1.34,43.47,1.0,34.04,229
ASIANPAINT,Mar 2023,34489,4195,6260.0,96.0,1933,25779,4193.0,12.16,18.15,26.23,0.12,1.34,43.47,1.0,34.04,229
TITAN,Mar 2019,19779,1389,1994.0,89.0,2393,11710,1243.0,7.02,10.08,22.88,0.39,1.69,37.62,0.89,34.03,230
ASIANPAINT,Mar 2020,20211,2774,4157.0,96.0,1118,16138,3038.0,13.73,20.57,27.38,0.11,1.25,40.75,1.1,33.96,231
ASIANPAINT,Mar 2020,20211,2774,4157.0,96.0,1118,16138,3038.0,13.73,20.57,27.38,0.11,1.25,40.75,1.1,33.96,231
TITAN,Mar 2018,16120,1102,1644.0,89.0,1691,9521,-51.0,6.84,10.2,21.65,0.33,1.69,31.02,-0.05,33.94,232
PIDILITIND,Mar 2018,6078,966,1341.0,51.0,125,5199,796.0,15.89,22.06,27.03,0.03,1.17,83.81,0.82,33.89,233
ABB,Mar 2018,3298,401,525.0,21.0,0,2416,2198.0,12.16,15.92,23.69,0.0,1.37,131.25,5.48,33.88,234
ABB,Mar 2018,3298,401,525.0,21.0,0,2416,153.0,12.16,15.92,23.69,0.0,1.37,131.25,0.38,33.88,234
CIPLA,Mar 2023,22753,2833,17726.0,161.0,803,29300,3238.0,12.45,77.91,12.1,0.03,0.78,60.5,1.14,33.87,235
INFY,Mar 2022,121641,22146,31491.0,2098.0,5474,116729,23885.0,18.21,25.89,29.39,0.07,1.04,157.46,1.08,33.8,236
DIVISLAB,Mar 2014,2532,773,1018.0,27.0,18,3710,557.0,30.53,40.21,26.08,0.01,0.68,339.33,0.72,33.65,237
BPCL,Mar 2017,201251,9507,13783.0,1311.0,35725,109086,9041.0,4.72,6.85,30.85,1.16,1.84,19.8,0.95,33.61,238
CIPLA,Mar 2021,19160,2389,14907.0,161.0,2014,24855,3755.0,12.47,77.8,13.04,0.11,0.77,56.04,1.57,33.59,239
ICICIGI,Mar 2013,4012,353,4191.0,437.0,0,12637,984.0,8.8,104.46,18.88,0.0,0.32,7.15,2.79,33.56,240
PIDILITIND,Mar 2017,5617,863,1262.0,51.0,98,4770,794.0,15.36,22.47,24.86,0.03,1.18,90.14,0.92,33.34,241
HINDALCO,Mar 2024,215962,10155,192090.0,222.0,56356,230723,24056.0,4.7,88.95,9.57,0.53,0.94,126.46,2.37,33.29,242
LTIM,Mar 2020,10879,1520,2029.0,17.0,912,8815,1644.0,13.97,18.65,28.13,0.17,1.23,24.45,1.08,33.26,243
EICHERMOT,Dec 2014,8738,702,1118.0,27.0,58,6403,1047.0,8.03,12.79,27.9,0.02,1.36,111.8,1.49,33.24,244
HINDALCO,Mar 2022,195059,13730,166712.0,222.0,64486,221855,16838.0,7.04,85.47,17.56,0.82,0.88,133.05,1.23,33.22,245
LTIM,Mar 2021,12370,1938,2725.0,18.0,798,10706,2400.0,15.67,22.03,26.53,0.11,1.16,34.49,1.24,33.13,246
EICHERMOT,Dec 2012,6390,475,550.0,27.0,23,4471,496.0,7.43,8.61,27.07,0.01,1.43,137.5,1.04,33.1,247
ASIANPAINT,Mar 2017,15062,2016,2994.0,96.0,560,12405,1527.0,13.38,19.88,26.51,0.07,1.21,80.92,0.76,33.07,248
ASIANPAINT,Mar 2017,15062,2016,2994.0,96.0,560,12405,1527.0,13.38,19.88,26.51,0.07,1.21,80.92,0.76,33.07,248
BPCL,Mar 2023,473187,2131,10899.0,2129.0,69376,188109,12466.0,0.45,2.3,3.98,1.3,2.52,2.91,5.85,33.07,248
BAJAJ-AUTO,Mar 2024,44870,7708,8765.0,279.0,1912,39344,6558.0,17.18,19.53,26.61,0.07,1.14,146.08,0.85,32.93,249
BAJAJ-AUTO,Mar 2024,44870,7708,8765.0,279.0,1912,39344,6558.0,17.18,19.53,26.61,0.07,1.14,146.08,0.85,32.93,249
DABUR,Mar 2016,7780,1254,1518.0,176.0,805,6932,1187.0,16.12,19.51,30.06,0.19,1.12,31.62,0.95,32.8,250
ABB,Mar 2021,4310,691,922.0,21.0,153,3840,3784.0,16.03,21.39,26.56,0.06,1.12,51.22,5.48,32.75,251
ABB,Mar 2021,4310,691,922.0,21.0,153,3840,727.0,16.03,21.39,26.56,0.06,1.12,51.22,1.05,32.75,251
LTIM,Mar 2024,35517,4585,6387.0,30.0,2071,27544,5670.0,12.91,17.98,22.9,0.1,1.29,28.77,1.24,32.54,252
ICICIPRULI,Mar 2017,37816,1682,36010.0,1435.0,0,124741,4130.0,4.45,95.22,26.26,0.0,0.3,277.0,2.46,32.53,253
ITC,Mar 2022,60645,15503,20623.0,1232.0,249,77196,15776.0,25.56,34.01,24.82,0.0,0.79,343.72,1.02,32.49,254
ITC,Mar 2020,49388,15593,19344.0,1229.0,277,77311,14690.0,31.57,39.17,23.89,0.0,0.64,238.81,0.94,32.49,254
ICICIGI,Mar 2018,6912,862,7174.0,454.0,485,29750,2390.0,12.47,103.79,18.98,0.11,0.23,4.57,2.77,32.47,255
ASIANPAINT,Mar 2018,16825,2098,3204.0,96.0,533,13763,2113.0,12.47,19.04,24.95,0.06,1.22,78.15,1.01,32.41,256
ASIANPAINT,Mar 2018,16825,2098,3204.0,96.0,533,13763,2113.0,12.47,19.04,24.95,0.06,1.22,78.15,1.01,32.41,256
CIPLA,Mar 2015,11345,1229,9183.0,161.0,1703,15670,1173.0,10.83,80.94,11.38,0.16,0.72,55.99,0.95,32.31,257
DIVISLAB,Mar 2015,3115,852,1173.0,27.0,27,4405,826.0,27.35,37.66,24.37,0.01,0.71,391.0,0.97,32.28,258
ABB,Mar 2017,2903,277,398.0,21.0,0,2066,307.0,9.54,13.71,19.97,0.0,1.41,199.0,1.11,32.27,259
ABB,Mar 2017,2903,277,398.0,21.0,0,2066,2189.0,9.54,13.71,19.97,0.0,1.41,199.0,7.9,32.27,259
HCLTECH,Mar 2017,47568,8606,10390.0,285.0,582,45762,8995.0,18.09,21.84,26.12,0.02,1.04,116.74,1.05,32.23,260
PIDILITIND,Mar 2020,7294,1122,1576.0,51.0,288,6523,1280.0,15.38,21.61,25.18,0.06,1.12,46.35,1.14,32.22,261
INFY,Mar 2013,40352,9429,11538.0,286.0,0,46275,7373.0,23.37,28.59,24.82,0.0,0.87,2307.6,0.78,32.06,262
DIVISLAB,Mar 2013,2145,602,816.0,27.0,33,3139,480.0,28.07,38.04,24.07,0.01,0.68,272.0,0.8,32.0,263
BAJAJ-AUTO,Mar 2020,29919,5212,5109.0,289.0,126,26510,3850.0,17.42,17.08,24.06,0.01,1.13,1703.0,0.74,31.89,264
BAJAJ-AUTO,Mar 2020,29919,5212,5109.0,289.0,126,26510,3850.0,17.42,17.08,24.06,0.01,1.13,1703.0,0.74,31.89,264
HDFCLIFE,Mar 2017,30647,887,29674.0,1998.0,0,95097,6230.0,2.89,96.83,23.18,0.0,0.32,213.48,7.02,31.84,265
ABB,Mar 2019,3679,450,605.0,21.0,0,2941,499.0,12.23,16.44,22.41,0.0,1.25,302.5,1.11,31.82,266
ABB,Mar 2019,3679,450,605.0,21.0,0,2941,2591.0,12.23,16.44,22.41,0.0,1.25,302.5,5.76,31.82,266
INFY,Mar 2018,70522,16029,18822.0,1088.0,0,79349,13218.0,22.73,26.69,24.69,0.0,0.89,0.0,0.82,31.78,267
EICHERMOT,Mar 2019,9797,2203,2904.0,27.0,187,11387,1575.0,22.49,29.64,24.7,0.02,0.86,414.86,0.71,31.76,268
PIDILITIND,Mar 2019,7078,928,1371.0,51.0,113,5904,845.0,13.11,19.37,22.37,0.03,1.2,52.73,0.91,31.71,269
DMART,Mar 2021,24143,1099,1745.0,648.0,393,13655,1375.0,4.55,7.23,9.02,0.03,1.77,41.55,1.25,31.69,270
ITC,Mar 2017,42768,10477,15470.0,1215.0,46,55898,10627.0,24.5,36.17,22.57,0.0,0.77,315.71,1.01,31.68,271
INFY,Mar 2021,100472,19423,27889.0,2124.0,5325,107511,23224.0,19.33,27.76,25.44,0.07,0.93,143.02,1.2,31.62,272
INFY,Mar 2020,90791,16639,22267.0,2122.0,4633,91800,17003.0,18.33,24.53,25.42,0.07,0.99,130.98,1.02,31.61,273
HCLTECH,Mar 2018,50569,8722,11246.0,278.0,557,47989,8328.0,17.25,22.24,23.97,0.02,1.05,162.99,0.95,31.6,274
HDFCLIFE,Mar 2018,32260,1107,31186.0,2012.0,0,110483,6739.0,3.43,96.67,23.53,0.0,0.29,110.59,6.09,31.6,274
HDFCLIFE,Mar 2016,18141,817,17187.0,1995.0,0,76544,5687.0,4.5,94.74,26.33,0.0,0.24,159.14,6.96,31.57,275
ICICIPRULI,Mar 2018,38832,1619,37062.0,1436.0,0,141819,5690.0,4.17,95.44,24.63,0.0,0.27,280.77,3.51,31.57,275
NESTLEIND,Dec 2015,8175,563,1555.0,96.0,18,6086,1098.0,6.89,19.02,19.99,0.01,1.34,518.33,1.95,31.57,275
ICICIPRULI,Mar 2016,20849,1650,19008.0,1432.0,1029,104765,3634.0,7.91,91.17,31.0,0.19,0.2,0.0,2.2,31.56,276
ITC,Mar 2016,39192,9501,14531.0,805.0,84,51651,9799.0,24.24,37.08,22.26,0.0,0.76,186.29,1.03,31.55,277
ABB,Mar 2020,4093,593,757.0,21.0,175,3547,5437.0,14.49,18.49,24.39,0.07,1.15,84.11,9.17,31.54,278
ABB,Mar 2020,4093,593,757.0,21.0,175,3547,626.0,14.49,18.49,24.39,0.07,1.15,84.11,1.06,31.54,278
DIVISLAB,Mar 2021,6969,1984,2867.0,53.0,5,10771,1947.0,28.47,41.14,21.34,0.0,0.65,1433.5,0.98,31.5,279
MARUTI,Mar 2017,68085,7511,10421.0,151.0,484,51960,10282.0,11.03,15.31,20.26,0.01,1.31,117.09,1.37,31.5,279
HDFCLIFE,Mar 2019,38855,1278,37640.0,2017.0,0,130020,9868.0,3.29,96.87,22.65,0.0,0.3,276.76,7.72,31.49,280
SUNPHARMA,Mar 2013,11131,3469,4784.0,104.0,260,20377,3357.0,31.17,42.98,23.14,0.02,0.55,111.26,0.97,31.48,281
TITAN,Mar 2020,21052,1493,2463.0,89.0,3562,13544,-348.0,7.09,11.7,22.39,0.53,1.55,14.84,-0.23,31.43,282
INFY,Mar 2019,82675,15410,20170.0,2170.0,0,84066,14841.0,18.64,24.4,23.73,0.0,0.98,0.0,0.96,31.36,283
CIPLA,Mar 2020,17132,1500,13926.0,161.0,2816,23423,3068.0,8.76,81.29,9.52,0.18,0.73,40.48,2.05,31.35,284
ASIANPAINT,Mar 2021,21713,3207,4856.0,96.0,1093,20355,3683.0,14.77,22.36,25.04,0.09,1.07,52.78,1.15,31.28,285
ASIANPAINT,Mar 2021,21713,3207,4856.0,96.0,1093,20355,3683.0,14.77,22.36,25.04,0.09,1.07,52.78,1.15,31.28,285
TITAN,Mar 2023,40575,3274,4882.0,89.0,9367,27020,1370.0,8.07,12.03,27.63,0.79,1.5,16.27,0.42,31.26,286
HCLTECH,Mar 2019,60427,10120,13926.0,271.0,4195,58349,8971.0,16.75,23.05,24.46,0.1,1.04,80.03,0.89,31.24,287
MARUTI,Mar 2015,50801,3809,6892.0,151.0,666,34477,6449.0,7.5,13.57,15.66,0.03,1.47,31.61,1.69,31.19,288
HAVELLS,Mar 2024,18590,1271,1881.0,63.0,303,12433,1953.0,6.84,10.12,17.07,0.04,1.5,22.39,1.54,31.16,289
ASIANPAINT,Mar 2022,29101,3085,4804.0,96.0,1587,22958,986.0,10.6,16.51,22.34,0.11,1.27,50.57,0.32,31.15,290
ASIANPAINT,Mar 2022,29101,3085,4804.0,96.0,1587,22958,986.0,10.6,16.51,22.34,0.11,1.27,50.57,0.32,31.15,290
HCLTECH,Mar 2024,109913,15710,24198.0,543.0,5758,99006,22448.0,14.29,22.02,23.01,0.08,1.11,43.76,1.43,31.13,291
MARUTI,Mar 2016,57589,5497,9024.0,151.0,231,42726,8482.0,9.55,15.67,17.95,0.01,1.35,110.05,1.54,31.11,292
INFY,Mar 2014,50133,10656,13390.0,286.0,0,56966,9825.0,21.26,26.71,23.93,0.0,0.88,1487.78,0.92,31.04,293
MARUTI,Mar 2013,44304,2470,4361.0,151.0,1569,27517,4059.0,5.58,9.84,12.98,0.08,1.61,22.03,1.64,31.01,294
HAVELLS,Mar 2023,16911,1072,1621.0,63.0,223,11157,565.0,6.34,9.59,16.18,0.03,1.52,29.47,0.53,31.01,294
TITAN,Mar 2024,51084,3496,5292.0,89.0,15528,31547,1695.0,6.84,10.36,37.22,1.65,1.62,8.55,0.48,31.0,295
ATGL,Mar 2020,1875,436,595.0,110.0,428,2476,0.0,23.25,31.73,29.64,0.29,0.76,14.51,0.0,31.0,295
HAVELLS,Mar 2019,10073,788,1189.0,63.0,94,7148,501.0,7.82,11.8,18.77,0.02,1.41,74.31,0.64,31.0,295
ITC,Mar 2018,43449,11493,16521.0,1220.0,36,64241,13169.0,26.45,38.02,21.89,0.0,0.68,143.66,1.15,30.98,296
IOC,Mar 2024,776352,43161,75646.0,13772.0,132628,482683,71099.0,5.56,9.74,23.53,0.72,1.61,9.6,1.65,30.95,297
IRCTC,Mar 2016,1367,189,190.0,20.0,0,1437,288.0,13.83,13.9,34.87,0.0,0.95,0.0,1.52,30.95,297
HCLTECH,Mar 2023,101456,14845,22628.0,543.0,4794,93250,18009.0,14.63,22.3,22.7,0.07,1.09,64.1,1.21,30.93,298
ITC,Mar 2019,48340,12836,18537.0,1226.0,13,71739,12583.0,26.55,38.35,21.7,0.0,0.67,261.08,0.98,30.87,299
MARUTI,Mar 2018,79809,7881,12118.0,151.0,121,60248,11788.0,9.87,15.18,18.52,0.0,1.32,35.02,1.5,30.86,300
HAVELLS,Mar 2014,8051,446,777.0,62.0,1054,5332,868.0,5.54,9.65,26.77,0.63,1.51,7.62,1.95,30.85,301
ASIANPAINT,Mar 2019,19240,2208,3765.0,96.0,1320,16249,2470.0,11.48,19.57,23.31,0.14,1.18,34.23,1.12,30.78,302
ASIANPAINT,Mar 2019,19240,2208,3765.0,96.0,1320,16249,2470.0,11.48,19.57,23.31,0.14,1.18,34.23,1.12,30.78,302
ICICIGI,Mar 2023,17876,1729,16612.0,491.0,35,55086,2290.0,9.67,92.93,16.55,0.0,0.32,16.76,1.32,30.77,303
BAJAJ-AUTO,Mar 2017,21755,4079,4429.0,289.0,120,21638,3267.0,18.75,20.36,22.84,0.01,1.01,4429.0,0.8,30.71,304
BAJAJ-AUTO,Mar 2017,21755,4079,4429.0,289.0,120,21638,3267.0,18.75,20.36,22.84,0.01,1.01,4429.0,0.8,30.71,304
INFY,Mar 2015,53319,12372,14883.0,572.0,0,66289,8353.0,23.2,27.91,24.39,0.0,0.8,1240.25,0.68,30.7,305
EICHERMOT,Dec 2013,6810,525,715.0,27.0,84,5337,716.0,7.71,10.5,25.55,0.04,1.28,89.38,1.36,30.69,306
DABUR,Mar 2019,8515,1446,1740.0,177.0,699,8437,1499.0,16.98,20.43,25.67,0.12,1.01,29.0,1.04,30.58,307
HDFCLIFE,Mar 2021,71528,1361,70294.0,2021.0,600,179655,9703.0,1.9,98.27,15.75,0.07,0.4,157.96,7.13,30.5,308
ITC,Mar 2021,49257,13383,17065.0,1231.0,271,73761,12527.0,27.17,34.64,22.18,0.0,0.67,294.22,0.94,30.42,309
CIPLA,Mar 2019,16362,1492,13265.0,161.0,4316,23762,1691.0,9.12,81.07,9.94,0.29,0.69,27.81,1.13,30.38,310
BPCL,Mar 2022,346791,11682,19137.0,2129.0,64534,187529,20336.0,3.37,5.52,22.51,1.24,1.85,7.34,1.74,30.25,311
CIPLA,Mar 2018,15156,1417,12329.0,161.0,4098,22673,1463.0,9.35,81.35,9.96,0.29,0.67,44.03,1.03,30.2,312
NAUKRI,Mar 2018,988,501,219.0,122.0,1,2596,253.0,50.71,22.17,24.5,0.0,0.38,43.8,0.5,30.16,313
CIPLA,Mar 2016,13790,1383,11310.0,161.0,5202,21049,1741.0,10.03,82.02,12.01,0.45,0.66,54.38,1.26,30.16,313
TATASTEEL,Mar 2022,243959,41749,63490.0,1221.0,75561,282422,44381.0,17.11,26.02,36.48,0.66,0.86,11.62,1.06,30.03,314
ICICIGI,Mar 2016,6033,507,5269.0,448.0,0,15676,511.0,8.4,87.34,15.66,0.0,0.38,0.0,1.01,29.97,315
HAVELLS,Mar 2022,13938,1196,1775.0,63.0,616,10523,1728.0,8.58,12.73,19.92,0.1,1.32,26.49,1.44,29.97,315
TECHM,Mar 2015,22621,2659,4193.0,480.0,700,19848,2448.0,11.75,18.54,21.71,0.06,1.14,60.77,0.92,29.96,316
TECHM,Mar 2015,22621,2659,4193.0,480.0,700,19848,2448.0,11.75,18.54,21.71,0.06,1.14,60.77,0.92,29.96,316
MARUTI,Mar 2019,86068,7651,11056.0,151.0,160,63969,6601.0,8.89,12.85,16.25,0.0,1.35,145.47,0.86,29.92,317
HINDALCO,Mar 2019,130542,5495,115031.0,222.0,52415,151972,11977.0,4.21,88.12,9.56,0.91,0.86,102.07,2.18,29.89,318
INFY,Mar 2016,62441,13489,17079.0,1144.0,0,75098,10028.0,21.6,27.35,21.85,0.0,0.83,0.0,0.74,29.88,319
DABUR,Mar 2017,7614,1280,1512.0,176.0,975,7732,1227.0,16.81,19.86,26.41,0.2,0.98,28.0,0.96,29.8,320
ICICIGI,Mar 2021,12161,1473,10090.0,455.0,485,39298,1774.0,12.11,82.97,19.38,0.06,0.31,840.83,1.2,29.79,321
BPCL,Mar 2021,230171,17320,21001.0,2093.0,54532,160978,23455.0,7.52,9.12,32.34,1.02,1.43,12.19,1.35,29.76,322
SHREECEM,Jun 2013,5418,1004,1561.0,35.0,1288,6160,1260.0,18.53,28.81,26.12,0.34,0.88,8.09,1.25,29.73,323
ICICIGI,Mar 2019,11163,1049,9494.0,454.0,485,33403,2976.0,9.4,85.05,19.43,0.09,0.33,-4747.0,2.84,29.69,324
TECHM,Mar 2016,26494,3027,4260.0,436.0,1091,22525,3137.0,11.43,16.08,20.75,0.07,1.18,43.92,1.04,29.65,325
TECHM,Mar 2016,26494,3027,4260.0,436.0,1091,22525,3137.0,11.43,16.08,20.75,0.07,1.18,43.92,1.04,29.65,325
ICICIGI,Mar 2020,11517,1194,9745.0,454.0,485,37042,3433.0,10.37,84.61,19.47,0.08,0.31,649.67,2.88,29.61,326
BAJAJ-AUTO,Mar 2019,30358,4928,5198.0,289.0,125,28834,2487.0,16.23,17.12,21.21,0.01,1.05,1299.5,0.5,29.54,327
BAJAJ-AUTO,Mar 2019,30358,4928,5198.0,289.0,125,28834,2487.0,16.23,17.12,21.21,0.01,1.05,1299.5,0.5,29.54,327
TITAN,Mar 2017,13261,697,1164.0,89.0,1882,8408,1712.0,5.26,8.78,16.47,0.44,1.58,30.63,2.46,29.51,328
ICICIGI,Mar 2022,16026,1271,15010.0,491.0,255,50848,809.0,7.93,93.66,13.83,0.03,0.32,18.55,0.64,29.51,328
CIPLA,Mar 2017,14394,1035,11898.0,161.0,4113,20869,2382.0,7.19,82.66,8.25,0.33,0.69,57.2,2.3,29.5,329
BAJAJ-AUTO,Mar 2023,36455,6060,6465.0,283.0,124,35136,5277.0,16.62,17.73,20.64,0.0,1.04,161.62,0.87,29.49,330
ICICIGI,Mar 2017,7520,702,6601.0,451.0,485,23351,1628.0,9.34,87.78,18.0,0.12,0.32,-3300.5,2.32,29.49,330
BAJAJ-AUTO,Mar 2023,36455,6060,6465.0,283.0,124,35136,5277.0,16.62,17.73,20.64,0.0,1.04,161.62,0.87,29.49,330
DIVISLAB,Mar 2019,4946,1353,1874.0,53.0,106,8036,954.0,27.36,37.89,19.45,0.02,0.62,374.8,0.71,29.45,331
DIVISLAB,Mar 2017,4064,1060,1450.0,53.0,36,6155,1150.0,26.08,35.68,19.79,0.01,0.66,483.33,1.08,29.44,332
PIDILITIND,Mar 2024,12383,1747,2708.0,51.0,382,12076,2724.0,14.11,21.87,20.78,0.05,1.03,53.1,1.56,29.34,333
HDFCLIFE,Mar 2020,29380,1297,28239.0,2019.0,0,132224,7388.0,4.41,96.12,19.05,0.0,0.22,76.53,5.7,29.34,333
ICICIGI,Mar 2024,20487,1919,17910.0,493.0,35,63308,2407.0,9.37,87.42,15.72,0.0,0.32,159.91,1.25,29.34,333
INFY,Mar 2017,68484,14353,18604.0,1144.0,0,83148,11531.0,20.96,27.17,20.81,0.0,0.82,0.0,0.8,29.22,334
HINDALCO,Mar 2018,115183,6083,101488.0,223.0,52074,147014,10898.0,5.28,88.11,11.09,0.95,0.78,35.25,1.79,29.22,334
HCLTECH,Mar 2022,85651,13523,20529.0,543.0,6343,88921,16900.0,15.79,23.97,21.84,0.1,0.96,64.35,1.25,29.19,335
BAJAJ-AUTO,Mar 2018,25210,4219,4846.0,289.0,121,25141,4328.0,16.74,19.22,20.66,0.01,1.0,4846.0,1.03,29.18,336
BAJAJ-AUTO,Mar 2018,25210,4219,4846.0,289.0,121,25141,4328.0,16.74,19.22,20.66,0.01,1.0,4846.0,1.03,29.18,336
HAVELLS,Mar 2020,9440,735,1067.0,63.0,72,7073,827.0,7.79,11.3,17.05,0.02,1.33,20.92,1.13,29.17,337
ICICIPRULI,Mar 2019,41463,1139,40922.0,1436.0,0,163086,11377.0,2.75,98.7,16.58,0.0,0.25,50.33,9.99,29.15,338
IRCTC,Mar 2017,1520,229,314.0,40.0,0,1826,338.0,15.07,20.66,29.1,0.0,0.83,104.67,1.48,29.08,339
ATGL,Mar 2021,1696,463,704.0,110.0,529,3204,0.0,27.3,41.51,23.94,0.27,0.53,17.6,0.0,28.91,340
MARUTI,Mar 2014,44542,2854,5310.0,151.0,2004,31476,4995.0,6.41,11.92,13.28,0.09,1.42,28.86,1.75,28.82,341
BOSCHLTD,Mar 2015,12086,1338,1981.0,31.0,111,10431,1396.0,11.07,16.39,18.21,0.02,1.16,141.5,1.04,28.81,342
HAVELLS,Mar 2021,10457,1044,1589.0,63.0,521,8852,660.0,9.98,15.2,20.17,0.1,1.18,17.66,0.63,28.79,343
EICHERMOT,Mar 2024,16536,4001,4329.0,27.0,419,23115,3724.0,24.2,26.18,22.17,0.02,0.72,84.88,0.93,28.64,344
ICICIPRULI,Mar 2021,83182,956,83572.0,1436.0,1200,217220,7314.0,1.15,100.47,10.5,0.13,0.38,50.07,7.65,28.58,345
SUNPHARMA,Mar 2014,16080,3879,7003.0,207.0,2561,29095,3959.0,24.12,43.55,20.94,0.14,0.55,159.16,1.02,28.57,346
TORNTPHARM,Mar 2014,4172,664,955.0,85.0,1132,5022,599.0,15.92,22.89,34.89,0.59,0.83,16.19,0.9,28.52,347
IRCTC,Mar 2015,1059,131,152.0,20.0,0,1162,69.0,12.37,14.35,29.5,0.0,0.91,0.0,0.53,28.46,348
DABUR,Mar 2020,8685,1448,1792.0,177.0,522,9337,1614.0,16.67,20.63,21.92,0.08,0.93,35.84,1.11,28.42,349
SIEMENS,Sep 2011,11955,868,1171.0,68.0,0,10158,3.0,7.26,9.8,22.75,0.0,1.18,45.04,0.0,28.3,350
HDFCLIFE,Mar 2024,101482,1574,100951.0,2151.0,950,302687,10721.0,1.55,99.48,10.73,0.06,0.34,192.29,6.81,28.3,350
DABUR,Mar 2018,7722,1358,1617.0,176.0,938,8702,1092.0,17.59,20.94,23.8,0.16,0.89,30.51,0.8,28.28,351
DIVISLAB,Mar 2020,5394,1377,1826.0,53.0,39,8531,1216.0,25.53,33.85,18.84,0.01,0.63,260.86,0.88,28.2,352
HAVELLS,Mar 2018,8116,661,1033.0,63.0,115,6608,1100.0,8.14,12.73,17.72,0.03,1.23,41.32,1.66,28.2,352
MARUTI,Mar 2024,141858,13488,18626.0,157.0,119,115304,16801.0,9.51,13.13,15.75,0.0,1.23,96.01,1.25,28.18,353
TECHM,Mar 2019,34742,4289,6271.0,444.0,1996,33446,4432.0,12.35,18.05,21.14,0.1,1.04,47.15,1.03,28.14,354
TECHM,Mar 2019,34742,4289,6271.0,444.0,1996,33446,4432.0,12.35,18.05,21.14,0.1,1.04,47.15,1.03,28.14,354
BAJAJ-AUTO,Mar 2022,33145,6166,5259.0,289.0,123,35111,4197.0,18.6,15.87,20.65,0.0,0.94,584.33,0.68,28.12,355
BAJAJ-AUTO,Mar 2022,33145,6166,5259.0,289.0,123,35111,4197.0,18.6,15.87,20.65,0.0,0.94,584.33,0.68,28.12,355
DABUR,Mar 2021,9562,1695,2002.0,177.0,509,10833,2115.0,17.73,20.94,22.12,0.07,0.88,64.58,1.25,28.11,356
GODREJCP,Mar 2019,10314,2342,2132.0,102.0,3382,14094,1729.0,22.71,20.67,32.23,0.47,0.73,8.96,0.74,28.08,357
PIDILITIND,Mar 2023,11799,1289,1986.0,51.0,391,10505,1558.0,10.92,16.83,17.87,0.05,1.12,41.38,1.21,28.01,358
ICICIPRULI,Mar 2020,21025,1067,21344.0,1436.0,0,156031,8596.0,5.07,101.52,14.79,0.0,0.13,13.53,8.06,27.96,359
LICI,Mar 2023,784628,35997,34207.0,6325.0,0,4578491,54519.0,4.59,4.36,77.86,0.0,0.17,444.25,1.51,27.93,360
TITAN,Mar 2022,28799,2198,3344.0,89.0,7275,21188,-724.0,7.63,11.61,23.63,0.78,1.36,15.34,-0.33,27.82,361
PIDILITIND,Mar 2022,9921,1207,1856.0,51.0,416,9494,955.0,12.17,18.71,18.85,0.06,1.04,44.19,0.79,27.74,362
IRCTC,Mar 2019,1870,309,383.0,160.0,0,2594,499.0,16.52,20.48,28.85,0.0,0.72,191.5,1.61,27.68,363
IOC,Mar 2018,421492,22626,41658.0,9479.0,65650,295860,29115.0,5.37,9.88,19.87,0.58,1.42,10.75,1.29,27.68,363
TECHM,Mar 2022,44646,5630,8020.0,439.0,2618,44416,5285.0,12.61,17.96,20.94,0.1,1.01,49.2,0.94,27.68,363
TECHM,Mar 2022,44646,5630,8020.0,439.0,2618,44416,5285.0,12.61,17.96,20.94,0.1,1.01,49.2,0.94,27.68,363
POWERGRID,Mar 2022,41622,16824,35826.0,6975.0,134696,250950,26124.0,40.42,86.07,22.07,1.77,0.17,4.46,1.55,27.64,364
POWERGRID,Mar 2022,41622,16824,35826.0,6975.0,134696,250950,26124.0,40.42,86.07,22.07,1.77,0.17,4.46,1.55,27.64,364
ADANIPORTS,Mar 2017,8439,3902,5418.0,414.0,22214,43369,4063.0,46.24,64.2,22.26,1.27,0.19,4.85,1.04,27.58,365
ADANIPORTS,Mar 2017,8439,3902,5418.0,414.0,22214,43369,4063.0,46.24,64.2,22.26,1.27,0.19,4.85,1.04,27.58,365
HDFCLIFE,Mar 2023,70207,1368,70127.0,2149.0,950,248069,6883.0,1.95,99.89,10.53,0.07,0.28,48.8,5.03,27.47,366
BOSCHLTD,Dec 2012,8659,958,1350.0,31.0,230,7902,871.0,11.06,15.59,17.19,0.04,1.1,225.0,0.91,27.34,367
TATAMOTORS,Mar 2024,437928,31807,59538.0,766.0,107262,369521,67915.0,7.26,13.6,37.46,1.26,1.19,5.96,2.14,27.32,368
TECHM,Mar 2023,53290,4857,7763.0,440.0,2740,45827,5572.0,9.11,14.57,17.39,0.1,1.16,23.81,1.15,27.31,369
TECHM,Mar 2023,53290,4857,7763.0,440.0,2740,45827,5572.0,9.11,14.57,17.39,0.1,1.16,23.81,1.15,27.31,369
HCLTECH,Mar 2021,75379,11169,20048.0,543.0,6864,86047,19618.0,14.82,26.6,18.64,0.11,0.88,39.23,1.76,27.27,370
MOTHERSON,Mar 2018,56303,2260,5128.0,210.0,10374,36974,3264.0,4.01,9.11,22.87,1.05,1.52,12.48,1.44,27.24,371
HCLTECH,Mar 2020,70676,11057,17316.0,543.0,7986,82819,13359.0,15.64,24.5,21.57,0.16,0.85,34.29,1.21,27.23,372
TORNTPHARM,Mar 2013,3203,435,697.0,42.0,693,3753,153.0,13.58,21.76,30.59,0.49,0.85,20.5,0.35,27.22,373
DABUR,Mar 2022,10889,1742,2252.0,177.0,1030,12284,1802.0,16.0,20.68,20.78,0.12,0.89,57.74,1.03,27.12,374
BOSCHLTD,Mar 2017,10435,1741,1963.0,30.0,0,11800,1457.0,16.68,18.81,19.79,0.0,0.88,72.7,0.84,27.07,375
DRREDDY,Mar 2024,28011,5578,7933.0,83.0,2002,38780,4543.0,19.91,28.32,19.74,0.07,0.72,46.39,0.81,27.01,376
HDFCLIFE,Mar 2022,67126,1327,66348.0,2113.0,600,230734,5943.0,1.98,98.84,8.5,0.04,0.29,86.62,4.48,26.96,377
IOC,Mar 2015,449507,4872,10575.0,2428.0,64893,233883,46092.0,1.08,2.35,7.08,0.94,1.92,2.52,9.46,26.96,377
TECHM,Mar 2017,29141,2851,4184.0,439.0,1366,26057,4071.0,9.78,14.36,17.35,0.08,1.12,32.43,1.43,26.92,378
TECHM,Mar 2017,29141,2851,4184.0,439.0,1366,26057,4071.0,9.78,14.36,17.35,0.08,1.12,32.43,1.43,26.92,378
ICICIPRULI,Mar 2024,90307,851,92136.0,1441.0,1200,299001,-7315.0,0.94,102.03,7.73,0.11,0.3,31.02,-8.6,26.91,379
DRREDDY,Mar 2023,24670,4507,6470.0,83.0,1347,32209,5888.0,18.27,26.23,19.35,0.06,0.77,45.24,1.31,26.87,380
POWERGRID,Mar 2024,45843,15573,39826.0,9301.0,123516,250829,37290.0,33.97,86.87,17.87,1.42,0.18,4.54,2.39,26.83,381
POWERGRID,Mar 2024,45843,15573,39826.0,9301.0,123516,250829,37290.0,33.97,86.87,17.87,1.42,0.18,4.54,2.39,26.83,381
BOSCHLTD,Mar 2024,16727,2490,2095.0,30.0,39,17355,1253.0,14.89,12.52,20.64,0.0,0.96,41.08,0.5,26.82,382
EICHERMOT,Mar 2023,14442,2914,3446.0,27.0,288,19198,2823.0,20.18,23.86,19.44,0.02,0.75,123.07,0.97,26.8,383
HAVELLS,Mar 2017,6130,494,815.0,62.0,208,5168,767.0,8.06,13.3,15.08,0.06,1.19,62.69,1.55,26.75,384
IOC,Mar 2023,841756,11704,30683.0,13772.0,148977,441995,29644.0,1.39,3.65,8.38,1.07,1.9,4.04,2.53,26.74,385
DLF,Mar 2018,6707,4477,2378.0,357.0,17491,60585,270.0,66.75,35.46,12.68,0.5,0.11,0.81,0.06,26.73,386
ICICIPRULI,Mar 2022,63564,759,65728.0,1437.0,1200,244437,1831.0,1.19,103.4,8.29,0.13,0.26,20.6,2.41,26.71,387
MOTHERSON,Mar 2013,25298,452,1480.0,59.0,4904,12739,1486.0,1.79,5.85,19.75,2.14,1.99,5.92,3.29,26.69,388
PIDILITIND,Mar 2021,7293,1126,1686.0,51.0,331,8814,1392.0,15.44,23.12,20.13,0.06,0.83,45.57,1.24,26.67,389
TECHM,Mar 2018,30773,3786,4710.0,442.0,2397,30431,3554.0,12.3,15.31,20.09,0.13,1.01,29.07,0.94,26.66,390
TECHM,Mar 2018,30773,3786,4710.0,442.0,2397,30431,3554.0,12.3,15.31,20.09,0.13,1.01,29.07,0.94,26.66,390
SIEMENS,Sep 2015,10563,1174,998.0,71.0,25,10576,574.0,11.11,9.45,22.94,0.0,1.0,33.27,0.49,26.55,391
TECHM,Mar 2013,6873,1307,1422.0,128.0,1380,8984,855.0,19.02,20.69,24.09,0.25,0.77,13.81,0.65,26.42,392
TECHM,Mar 2013,6873,1307,1422.0,128.0,1380,8984,855.0,19.02,20.69,24.09,0.25,0.77,13.81,0.65,26.42,392
BOSCHLTD,Mar 2019,12085,1598,2154.0,30.0,0,12710,593.0,13.22,17.82,17.51,0.0,0.95,165.69,0.37,26.37,393
POWERGRID,Mar 2023,45603,15420,39576.0,6975.0,128584,252225,40203.0,33.81,86.78,18.57,1.55,0.18,4.11,2.61,26.33,394
POWERGRID,Mar 2023,45603,15420,39576.0,6975.0,128584,252225,40203.0,33.81,86.78,18.57,1.55,0.18,4.11,2.61,26.33,394
EICHERMOT,Mar 2020,9154,1827,2183.0,27.0,249,12450,1694.0,19.96,23.85,18.3,0.02,0.74,114.89,0.93,26.25,395
GAIL,Mar 2022,92770,12304,15161.0,4440.0,9216,96584,9420.0,13.26,16.34,19.19,0.14,0.96,75.05,0.77,26.04,396
IOC,Mar 2019,528158,17274,35262.0,9181.0,96765,335363,12747.0,3.27,6.68,15.36,0.86,1.57,7.16,0.74,26.01,397
ICICIPRULI,Mar 2023,50478,813,52235.0,1439.0,1200,255851,89.0,1.61,103.48,8.06,0.12,0.2,17.86,0.11,25.92,398
ADANIPORTS,Mar 2013,3577,1639,2382.0,401.0,11620,21035,1379.0,45.82,66.59,25.63,1.82,0.17,4.39,0.84,25.91,399
ADANIPORTS,Mar 2013,3577,1639,2382.0,401.0,11620,21035,1379.0,45.82,66.59,25.63,1.82,0.17,4.39,0.84,25.91,399
IOC,Mar 2017,355379,20385,34149.0,4739.0,63271,273719,28216.0,5.74,9.61,19.97,0.62,1.3,9.12,1.38,25.75,400
DRREDDY,Mar 2014,13415,1963,3251.0,85.0,4477,15906,1970.0,14.63,24.23,24.96,0.57,0.84,25.6,1.0,25.74,401
BAJAJ-AUTO,Mar 2021,27741,4857,4938.0,289.0,121,33602,3120.0,17.51,17.8,17.81,0.0,0.83,705.43,0.64,25.73,402
BAJAJ-AUTO,Mar 2021,27741,4857,4938.0,289.0,121,33602,3120.0,17.51,17.8,17.81,0.0,0.83,705.43,0.64,25.73,402
SHREECEM,Mar 2017,8594,1339,2513.0,35.0,1293,11166,2202.0,15.58,29.24,17.39,0.17,0.77,19.48,1.64,25.66,403
ATGL,Mar 2019,1719,229,455.0,110.0,394,2048,0.0,13.32,26.47,20.78,0.36,0.84,5.06,0.0,25.66,403
DRREDDY,Mar 2015,15023,2336,3508.0,85.0,4314,18457,2524.0,15.55,23.35,23.71,0.44,0.81,32.48,1.08,25.62,404
TORNTPHARM,Mar 2024,10728,1656,3368.0,169.0,4022,14505,3266.0,15.44,31.39,24.15,0.59,0.74,9.51,1.97,25.53,405
ADANIPORTS,Mar 2021,12550,5049,8688.0,406.0,35855,74582,7556.0,40.23,69.23,16.59,1.18,0.17,3.85,1.5,25.53,405
ADANIPORTS,Mar 2021,12550,5049,8688.0,406.0,35855,74582,7556.0,40.23,69.23,16.59,1.18,0.17,3.85,1.5,25.53,405
TECHM,Mar 2021,37855,4353,6796.0,437.0,2901,39602,8094.0,11.5,17.95,17.51,0.12,0.96,39.06,1.86,25.52,406
TECHM,Mar 2021,37855,4353,6796.0,437.0,2901,39602,8094.0,11.5,17.95,17.51,0.12,0.96,39.06,1.86,25.52,406
SUNPHARMA,Mar 2017,31578,7846,10102.0,240.0,9832,61095,7082.0,24.85,31.99,21.41,0.27,0.52,25.25,0.9,25.48,407
GAIL,Mar 2019,76190,6553,9938.0,2255.0,2224,68426,7984.0,8.6,13.04,14.24,0.05,1.11,62.5,1.22,25.43,408
GAIL,Mar 2020,72518,9515,9022.0,4510.0,6912,74934,8345.0,13.12,12.44,19.31,0.14,0.97,29.2,0.88,25.41,409
IOC,Mar 2016,346045,12413,22038.0,2370.0,58552,231715,25624.0,3.59,6.37,13.8,0.65,1.49,6.32,2.06,25.41,409
NAUKRI,Mar 2019,1151,592,9.0,122.0,1,3189,276.0,51.43,0.78,23.28,0.0,0.36,1.29,0.47,25.4,410
MOTHERSON,Mar 2019,63523,2098,5348.0,316.0,11534,42754,4312.0,3.3,8.42,19.14,1.05,1.49,12.64,2.06,25.35,411
NHPC,Mar 2013,6381,2873,4152.0,12301.0,20340,62361,2846.0,45.02,65.07,9.64,0.68,0.1,6.8,0.99,25.26,412
DRREDDY,Mar 2013,11833,1527,2669.0,85.0,3682,13380,1378.0,12.9,22.56,23.98,0.58,0.88,26.69,0.9,25.23,413
MARUTI,Mar 2020,75660,5678,7355.0,151.0,184,63628,3496.0,7.5,9.72,11.49,0.0,1.19,54.89,0.62,25.12,414
DIVISLAB,Mar 2018,3891,877,1269.0,53.0,63,6785,776.0,22.54,32.61,14.8,0.01,0.57,634.5,0.88,25.1,415
DABUR,Mar 2023,11530,1701,2162.0,177.0,1174,13652,1488.0,14.75,18.75,18.96,0.13,0.84,27.72,0.87,25.08,416
HINDALCO,Mar 2021,132008,3483,114449.0,222.0,67206,188822,17232.0,2.64,86.7,5.23,1.01,0.7,-115.96,4.95,25.02,417
TECHM,Mar 2020,36868,3897,5503.0,436.0,3670,37318,4358.0,10.57,14.93,17.87,0.17,0.99,28.66,1.12,24.99,418
TECHM,Mar 2020,36868,3897,5503.0,436.0,3670,37318,4358.0,10.57,14.93,17.87,0.17,0.99,28.66,1.12,24.99,418
IOC,Mar 2022,589321,25727,47758.0,9181.0,132020,410882,25747.0,4.37,8.1,19.27,0.99,1.43,8.76,1.0,24.99,418
HINDALCO,Mar 2020,118144,3767,103838.0,222.0,68399,168618,12745.0,3.19,87.89,6.46,1.17,0.7,114.61,3.38,24.96,419
MARUTI,Mar 2023,118410,8264,13122.0,157.0,1248,100106,10815.0,6.98,11.08,11.08,0.02,1.18,52.07,1.31,24.88,420
MOTHERSON,Mar 2017,42376,2172,4171.0,140.0,10349,31944,3800.0,5.13,9.84,26.26,1.25,1.33,11.12,1.75,24.83,421
PNB,Mar 2024,109065,9157,0.0,260.0,55017,72371,-27939.0,8.4,0.0,61.32,3.68,1.51,0.0,-3.05,24.75,422
PNB,Mar 2024,109065,9157,0.0,260.0,55017,72371,-27939.0,8.4,0.0,61.32,3.68,1.51,0.0,-3.05,24.75,422
PNB,Mar 2024,109065,9157,0.0,260.0,55017,72371,-27939.0,8.4,0.0,61.32,3.68,1.51,0.0,-3.05,24.75,422
PNB,Mar 2024,109065,9157,0.0,260.0,55017,72371,-27939.0,8.4,0.0,61.32,3.68,1.51,0.0,-3.05,24.75,422
PNB,Mar 2024,109065,9157,0.0,260.0,55017,72371,-27939.0,8.4,0.0,61.32,3.68,1.51,0.0,-3.05,24.75,422
IOC,Mar 2014,488345,6967,17222.0,2428.0,94916,265953,24195.0,1.43,3.53,10.26,1.4,1.84,2.9,3.47,24.74,423
DABUR,Mar 2024,12404,1811,2400.0,177.0,1365,15116,2013.0,14.6,19.35,18.36,0.14,0.82,19.35,1.11,24.63,424
AMBUJACEM,Dec 2012,9749,1292,2473.0,308.0,60,12345,1860.0,13.25,25.37,14.69,0.01,0.79,31.71,1.44,24.59,425
DIVISLAB,Mar 2023,7767,1824,2370.0,53.0,4,14425,2459.0,23.48,30.51,14.29,0.0,0.54,1185.0,1.35,24.36,426
ADANIPORTS,Mar 2018,11323,3690,7157.0,414.0,22370,47233,5608.0,32.59,63.21,17.65,1.07,0.24,4.53,1.52,24.33,427
ADANIPORTS,Mar 2018,11323,3690,7157.0,414.0,22370,47233,5608.0,32.59,63.21,17.65,1.07,0.24,4.53,1.52,24.33,427
BOSCHLTD,Mar 2016,9701,1531,1878.0,31.0,50,12433,1318.0,15.78,19.36,16.06,0.01,0.78,144.46,0.86,24.28,428
GODREJCP,Mar 2021,11029,1721,2399.0,102.0,1864,14244,2030.0,15.6,21.75,18.23,0.2,0.77,17.38,1.18,24.27,429
SIEMENS,Sep 2024,22240,2718,3104.0,71.0,279,25299,1670.0,12.22,13.96,17.7,0.02,0.88,51.73,0.61,24.26,430
BOSCHLTD,Dec 2013,8757,885,1289.0,31.0,183,8891,1057.0,10.11,14.72,14.06,0.03,0.98,0.0,1.19,24.24,431
IOC,Mar 2013,461780,3627,13861.0,2428.0,89671,241878,9340.0,0.79,3.0,5.75,1.42,1.91,1.93,2.58,24.07,432
GODREJCP,Mar 2018,9847,1634,2084.0,68.0,3508,13864,1723.0,16.59,21.16,26.11,0.56,0.71,12.05,1.05,24.06,433
JSWSTEEL,Mar 2022,146371,20938,39114.0,301.0,72237,196485,26270.0,14.3,26.72,31.11,1.07,0.74,7.87,1.25,24.0,434
IRCTC,Mar 2018,1466,221,274.0,40.0,0,2319,24.0,15.08,18.69,23.14,0.0,0.63,91.33,0.11,23.9,435
ADANIPORTS,Mar 2016,7109,2856,4577.0,414.0,22342,38385,2381.0,40.17,64.38,21.15,1.65,0.19,4.07,0.83,23.86,436
ADANIPORTS,Mar 2016,7109,2856,4577.0,414.0,22342,38385,2381.0,40.17,64.38,21.15,1.65,0.19,4.07,0.83,23.86,436
APOLLOHOSP,Mar 2022,14663,1108,2189.0,72.0,4068,13261,1696.0,7.56,14.93,19.7,0.72,1.11,5.78,1.53,23.84,437
NHPC,Mar 2017,8623,3480,4884.0,10259.0,19227,60187,8329.0,40.36,56.64,11.99,0.66,0.14,4.31,2.39,23.82,438
SUNPHARMA,Mar 2015,27392,5476,7894.0,207.0,8996,48723,5616.0,19.99,28.82,21.36,0.35,0.56,13.63,1.03,23.82,438
ATGL,Mar 2022,3038,509,773.0,110.0,1035,4415,0.0,16.75,25.44,21.07,0.43,0.69,14.58,0.0,23.8,439
SHREECEM,Jun 2014,5715,787,1390.0,35.0,1200,7329,1401.0,13.77,24.32,16.71,0.25,0.78,10.78,1.78,23.77,440
SHREECEM,Mar 2021,13560,2337,4091.0,36.0,2230,21513,4254.0,17.23,30.17,15.18,0.14,0.63,16.3,1.82,23.65,441
BHEL,Mar 2013,48903,6693,9483.0,490.0,2698,71818,1759.0,13.69,19.39,21.91,0.09,0.68,74.09,0.26,23.62,442
GODREJCP,Mar 2015,8273,976,1379.0,34.0,2717,9125,1027.0,11.8,16.67,22.64,0.63,0.91,12.31,1.05,23.58,443
HINDALCO,Mar 2013,80193,3007,72494.0,191.0,56951,120590,2977.0,3.75,90.4,8.51,1.61,0.67,65.25,0.99,23.57,444
GAIL,Mar 2023,145668,5596,7500.0,6575.0,17816,107805,3205.0,3.84,5.15,8.62,0.27,1.35,20.55,0.57,23.48,445
ADANIPORTS,Mar 2019,10925,4045,6596.0,414.0,27712,56311,6029.0,37.03,60.38,16.6,1.14,0.19,4.76,1.49,23.46,446
ADANIPORTS,Mar 2019,10925,4045,6596.0,414.0,27712,56311,6029.0,37.03,60.38,16.6,1.14,0.19,4.76,1.49,23.46,446
BPCL,Mar 2020,284572,3666,8975.0,1967.0,65476,150860,7881.0,1.29,3.15,10.04,1.79,1.89,3.4,2.15,23.36,447
DRREDDY,Mar 2016,15568,2131,3585.0,85.0,3352,20330,3263.0,13.69,23.03,16.95,0.27,0.77,43.19,1.53,23.31,448
TECHM,Mar 2024,51996,2397,4506.0,441.0,2537,43149,6376.0,4.61,8.67,8.99,0.1,1.21,11.49,2.66,23.23,449
BOSCHLTD,Mar 2018,11690,1371,2093.0,30.0,0,13927,1729.0,11.73,17.9,13.74,0.0,0.84,697.67,1.26,23.23,449
TECHM,Mar 2024,51996,2397,4506.0,441.0,2537,43149,6376.0,4.61,8.67,8.99,0.1,1.21,11.49,2.66,23.23,449
JINDALSTEL,Mar 2022,51166,6766,15515.0,101.0,13502,76644,16048.0,13.22,30.32,18.99,0.38,0.67,8.22,2.37,23.22,450
ADANIPORTS,Mar 2015,6152,2324,3902.0,414.0,17776,32082,3057.0,37.78,63.43,21.59,1.65,0.19,3.32,1.32,23.21,451
ADANIPORTS,Mar 2015,6152,2324,3902.0,414.0,17776,32082,3057.0,37.78,63.43,21.59,1.65,0.19,3.32,1.32,23.21,451
SUNPHARMA,Mar 2024,48497,9610,13018.0,240.0,3274,85308,12135.0,19.82,26.84,15.09,0.05,0.57,54.7,1.26,23.15,452
SIEMENS,Sep 2023,19554,1962,2487.0,71.0,175,21646,1400.0,10.03,12.72,14.99,0.01,0.9,108.13,0.71,23.0,453
NHPC,Mar 2023,10607,4261,6184.0,10045.0,29540,86211,4705.0,40.17,58.3,11.53,0.8,0.12,13.02,1.1,22.96,454
AMBUJACEM,Dec 2014,9955,1487,1934.0,310.0,34,13878,1675.0,14.94,19.43,14.77,0.0,0.72,29.3,1.13,22.85,455
GODREJCP,Mar 2022,12276,1783,2409.0,102.0,1704,16082,1451.0,14.52,19.62,15.43,0.15,0.76,19.75,0.81,22.83,456
GODREJCP,Mar 2013,6412,845,995.0,34.0,2456,7695,820.0,13.18,15.52,25.51,0.74,0.83,11.44,0.97,22.8,457
GODREJCP,Mar 2014,7599,819,1169.0,34.0,2373,8320,1116.0,10.78,15.38,21.7,0.63,0.91,9.74,1.36,22.78,458
ONGC,Mar 2013,161984,23994,43501.0,4278.0,20686,253424,39874.0,14.81,26.86,15.73,0.14,0.64,89.88,1.66,22.69,459
TITAN,Mar 2021,21644,974,1725.0,89.0,5638,16444,4139.0,4.5,7.97,12.99,0.75,1.32,8.5,4.25,22.67,460
ADANIPORTS,Mar 2014,4830,1741,2919.0,414.0,12979,24677,1132.0,36.05,60.43,19.86,1.48,0.2,2.99,0.65,22.66,461
ADANIPORTS,Mar 2014,4830,1741,2919.0,414.0,12979,24677,1132.0,36.05,60.43,19.86,1.48,0.2,2.99,0.65,22.66,461
HINDALCO,Mar 2017,100184,1882,87867.0,223.0,63817,146144,12687.0,1.88,87.71,4.09,1.39,0.69,73.34,6.74,22.64,462
ADANIPORTS,Mar 2024,26711,8104,15589.0,432.0,49470,116999,15018.0,30.34,58.36,15.35,0.94,0.23,5.7,1.85,22.61,463
ADANIPORTS,Mar 2024,26711,8104,15589.0,432.0,49470,116999,15018.0,30.34,58.36,15.35,0.94,0.23,5.7,1.85,22.61,463
ADANIPOWER,Mar 2023,38773,10727,10096.0,3857.0,42350,85821,8431.0,27.67,26.04,35.91,1.42,0.45,3.03,0.79,22.55,464
POWERGRID,Mar 2021,39640,12036,34906.0,5232.0,143232,255708,29403.0,30.36,88.06,17.21,2.05,0.16,4.29,2.44,22.52,465
POWERGRID,Mar 2021,39640,12036,34906.0,5232.0,143232,255708,29403.0,30.36,88.06,17.21,2.05,0.16,4.29,2.44,22.52,465
GAIL,Mar 2024,133228,9903,14314.0,6575.0,21794,124735,12586.0,7.43,10.74,12.86,0.28,1.07,19.91,1.27,22.51,466
BOSCHLTD,Mar 2023,14929,1424,1810.0,30.0,53,16259,1214.0,9.54,12.12,12.93,0.0,0.92,150.83,0.85,22.49,467
TATAMOTORS,Mar 2014,232834,14050,34853.0,644.0,60642,218426,36151.0,6.03,14.97,21.42,0.92,1.07,7.34,2.57,22.38,468
NHPC,Mar 2015,8221,2798,5134.0,11071.0,20584,61436,4061.0,34.03,62.45,9.1,0.67,0.13,3.96,1.45,22.33,469
ATGL,Mar 2024,4475,668,1104.0,110.0,1557,6592,0.0,14.93,24.67,18.66,0.43,0.68,9.95,0.0,22.31,470
SUNPHARMA,Mar 2023,43886,8513,11650.0,240.0,6886,80712,4959.0,19.4,26.55,15.2,0.12,0.54,67.73,0.58,22.22,471
SUNPHARMA,Mar 2016,28487,5658,8174.0,241.0,8497,55428,6686.0,19.86,28.69,17.15,0.26,0.51,15.63,1.18,22.2,472
MARUTI,Mar 2022,88330,3880,5752.0,151.0,426,74656,1840.0,4.39,6.51,7.01,0.01,1.18,45.29,0.47,22.15,473
GODREJCP,Mar 2017,9268,1308,1907.0,34.0,4001,12940,1860.0,14.11,20.58,24.67,0.75,0.72,12.38,1.42,22.09,474
ADANIENSOL,Mar 2018,3944,1143,2826.0,1100.0,10428,17265,2198.0,28.98,71.65,18.87,1.72,0.23,3.19,1.92,22.09,474
HINDALCO,Mar 2014,87695,2195,79671.0,206.0,64756,137982,7956.0,2.5,90.85,5.41,1.59,0.64,117.68,3.62,22.07,475
ATGL,Mar 2023,4378,546,870.0,110.0,1422,5645,0.0,12.47,19.87,18.57,0.48,0.78,11.15,0.0,21.96,476
NHPC,Mar 2021,9648,3600,5277.0,10045.0,23365,73136,5070.0,37.31,54.7,10.89,0.71,0.13,9.15,1.41,21.93,477
DIVISLAB,Mar 2024,7845,1600,2210.0,53.0,3,15460,1261.0,20.4,28.17,11.79,0.0,0.51,552.5,0.79,21.92,478
TATAMOTORS,Mar 2015,263159,14073,39239.0,644.0,73610,237315,35531.0,5.35,14.91,25.01,1.31,1.11,8.07,2.52,21.92,478
GODREJCP,Mar 2016,8424,831,1657.0,34.0,2891,9679,847.0,9.86,19.67,19.48,0.68,0.87,12.95,1.02,21.89,479
EICHERMOT,Mar 2022,10298,1677,2178.0,27.0,108,16140,1527.0,16.28,21.15,13.3,0.01,0.64,114.63,0.91,21.84,480
BAJAJFINSV,Mar 2014,6023,2191,4491.0,80.0,19507,74383,-9807.0,36.38,74.56,23.53,2.09,0.08,2.88,-4.48,21.82,481
AMBUJACEM,Dec 2013,9161,1278,1669.0,309.0,48,12956,1267.0,13.95,18.22,13.51,0.01,0.71,24.91,0.99,21.78,482
ONGC,Mar 2022,491246,49294,79874.0,6290.0,121986,583260,78248.0,10.03,16.26,19.0,0.47,0.84,14.02,1.59,21.71,483
GODREJCP,Mar 2020,9911,1497,2154.0,102.0,3575,14880,1588.0,15.1,21.73,18.95,0.45,0.67,9.45,1.06,21.61,484
APOLLOHOSP,Mar 2023,16612,844,2065.0,72.0,4332,14416,1377.0,5.08,12.43,13.62,0.7,1.15,5.42,1.63,21.59,485
GODREJCP,Mar 2023,13316,1702,2443.0,102.0,1130,17437,2151.0,12.78,18.35,12.34,0.08,0.76,12.99,1.26,21.57,486
TATAMOTORS,Mar 2013,188793,9976,24596.0,638.0,53716,168330,22163.0,5.28,13.03,26.51,1.43,1.12,6.91,2.22,21.53,487
SIEMENS,Sep 2017,11065,1137,1056.0,71.0,0,13138,573.0,10.28,9.54,14.79,0.0,0.84,132.0,0.5,21.52,488
NAUKRI,Mar 2013,472,76,121.0,109.0,1,825,75.0,16.1,25.64,12.5,0.0,0.57,40.33,0.99,21.45,489
TORNTPHARM,Mar 2017,5816,934,1377.0,85.0,2510,9601,1009.0,16.06,23.68,21.47,0.58,0.61,6.68,1.08,21.44,490
GAIL,Mar 2018,54496,4805,7802.0,2255.0,3876,61353,8769.0,8.82,14.32,11.53,0.09,0.89,26.45,1.82,21.43,491
NHPC,Mar 2018,7755,2785,4248.0,10259.0,18602,62933,4696.0,35.91,54.78,9.27,0.62,0.12,4.6,1.69,21.41,492
AMBUJACEM,Dec 2021,28965,3711,6210.0,397.0,477,45205,5309.0,12.81,21.44,14.64,0.02,0.64,42.53,1.43,21.38,493
SIEMENS,Sep 2014,10678,603,119.0,71.0,0,10290,608.0,5.65,1.11,13.78,0.0,1.04,3.84,1.01,21.37,494
ULTRACEMCO,Mar 2013,20514,2688,4839.0,274.0,7342,29582,3618.0,13.1,23.59,17.65,0.48,0.69,19.2,1.35,21.24,495
ONGC,Mar 2024,591396,57101,102835.0,6290.0,153181,709774,99263.0,9.66,17.39,16.94,0.45,0.83,10.09,1.74,21.17,496
SHREECEM,Mar 2018,9833,1384,2473.0,35.0,3403,15142,1879.0,14.08,25.15,15.56,0.38,0.65,18.32,1.36,21.07,497
APOLLOHOSP,Mar 2024,19059,935,2394.0,72.0,5333,16742,1920.0,4.91,12.56,13.48,0.77,1.14,5.33,2.05,21.03,498
TORNTPHARM,Mar 2021,8005,1252,2480.0,85.0,4874,14075,2005.0,15.64,30.98,21.45,0.83,0.57,7.03,1.6,20.94,499
SHREECEM,Mar 2020,12868,1544,3771.0,36.0,3146,19944,3973.0,12.0,29.31,11.72,0.24,0.65,12.96,2.57,20.93,500
NHPC,Mar 2024,9632,4028,4807.0,10045.0,32561,93297,6938.0,41.82,49.91,10.41,0.84,0.1,7.91,1.72,20.86,501
NHPC,Mar 2020,10008,3345,5446.0,10045.0,23226,71277,2993.0,33.42,54.42,10.66,0.74,0.14,6.21,0.89,20.84,502
TORNTPHARM,Mar 2015,4636,751,1020.0,85.0,2740,7820,810.0,16.2,22.0,30.15,1.1,0.59,5.83,1.08,20.84,502
SIEMENS,Sep 2019,13084,1099,1490.0,71.0,0,15358,1273.0,8.4,11.39,12.14,0.0,0.85,124.17,1.16,20.77,503
ONGC,Mar 2014,174121,26665,49130.0,4278.0,49113,324976,53270.0,15.31,28.22,15.49,0.29,0.54,78.73,2.0,20.77,503
HINDALCO,Mar 2015,104281,259,95437.0,207.0,68468,141746,7143.0,0.25,91.52,0.68,1.79,0.74,-114.71,27.58,20.72,504
TORNTPHARM,Mar 2023,9620,1245,2842.0,169.0,5369,14610,2368.0,12.94,29.54,20.09,0.87,0.66,8.53,1.9,20.72,504
POWERGRID,Mar 2020,37744,11059,32886.0,5232.0,148270,256671,30739.0,29.3,87.13,17.09,2.29,0.15,3.46,2.78,20.68,505
POWERGRID,Mar 2020,37744,11059,32886.0,5232.0,148270,256671,30739.0,29.3,87.13,17.09,2.29,0.15,3.46,2.78,20.68,505
ONGC,Mar 2019,421624,33938,74819.0,6290.0,107742,492343,61458.0,8.05,17.75,15.64,0.5,0.86,12.82,1.81,20.65,506
NHPC,Mar 2019,8983,2836,4981.0,10045.0,19066,66734,3824.0,31.57,55.45,9.21,0.62,0.13,5.56,1.35,20.6,507
SIEMENS,Sep 2022,16138,1543,1860.0,71.0,182,20109,978.0,9.56,11.53,13.29,0.02,0.8,51.67,0.63,20.58,508
ULTRACEMCO,Mar 2022,52599,7334,11514.0,289.0,11299,83811,9283.0,13.94,21.89,14.54,0.22,0.63,12.18,1.27,20.57,509
AMBUJACEM,Dec 2020,24516,3107,5006.0,397.0,471,39718,4832.0,12.67,20.42,13.65,0.02,0.62,35.76,1.56,20.55,510
MOTHERSON,Mar 2023,78788,1670,6251.0,678.0,13792,61330,4643.0,2.12,7.93,7.44,0.61,1.28,8.0,2.78,20.5,511
DRREDDY,Mar 2019,15448,1950,3178.0,83.0,3838,22418,2870.0,12.62,20.57,13.9,0.27,0.69,35.71,1.47,20.44,512
SIEMENS,Sep 2018,12795,901,1327.0,71.0,0,14336,100.0,7.04,10.37,10.86,0.0,0.89,165.88,0.11,20.44,512
AMBUJACEM,Dec 2018,26041,2973,4011.0,397.0,40,37391,1703.0,11.42,15.4,13.29,0.0,0.7,23.59,0.57,20.42,513
MARUTI,Mar 2021,70372,4389,5411.0,151.0,541,71376,8856.0,6.24,7.69,8.36,0.01,0.99,53.05,2.02,20.41,514
GRASIM,Mar 2013,27909,3778,5924.0,92.0,9550,44123,4242.0,13.54,21.23,19.22,0.49,0.63,18.28,1.12,20.4,515
EICHERMOT,Mar 2021,8720,1347,1783.0,27.0,219,14559,1691.0,15.45,20.45,11.78,0.02,0.6,111.44,1.26,20.39,516
NHPC,Mar 2022,9144,3774,4013.0,10045.0,26096,77288,4590.0,41.27,43.89,10.81,0.75,0.12,6.85,1.22,20.39,516
DLF,Mar 2024,6427,2724,2124.0,495.0,4834,59069,2539.0,42.38,33.05,6.91,0.12,0.11,5.97,0.93,20.33,517
SHREECEM,Mar 2019,12555,1015,2797.0,35.0,2803,15493,2080.0,8.08,22.28,10.5,0.29,0.81,11.28,2.05,20.33,517
DRREDDY,Mar 2020,17517,2026,2477.0,83.0,2210,23223,2984.0,11.57,14.14,12.99,0.14,0.75,25.28,1.47,20.17,518
ONGC,Mar 2023,632291,32778,75527.0,6290.0,142255,613115,86062.0,5.18,11.94,11.68,0.51,1.03,9.57,2.63,20.09,519
HINDALCO,Mar 2016,98759,-702,90981.0,207.0,67552,141146,11688.0,-0.71,92.12,-1.73,1.66,0.7,60.65,-16.65,19.93,520
MOTHERSON,Mar 2020,60729,1294,4654.0,316.0,13136,45033,6352.0,2.13,7.66,11.49,1.17,1.35,7.85,4.91,19.91,521
SHREECEM,Mar 2023,17852,2369,2960.0,36.0,2725,26334,2569.0,13.27,16.58,12.71,0.15,0.68,11.25,1.08,19.9,522
GAIL,Mar 2014,61765,4786,7988.0,1268.0,18537,66865,4615.0,7.75,12.93,14.75,0.57,0.92,11.94,0.96,19.9,522
DRREDDY,Mar 2021,19048,1952,3874.0,83.0,3031,26588,3570.0,10.25,20.34,11.07,0.17,0.72,39.94,1.83,19.9,522
MOTHERSON,Mar 2024,98692,3020,9322.0,678.0,19922,84178,7569.0,3.06,9.45,11.55,0.76,1.17,5.15,2.51,19.87,523
RELIANCE,Mar 2013,395957,20886,33155.0,2936.0,107219,362357,36918.0,5.27,8.37,11.47,0.59,1.09,9.57,1.77,19.83,524
BOSCHLTD,Mar 2022,11782,1217,1462.0,30.0,73,15410,271.0,10.33,12.41,11.39,0.01,0.76,50.41,0.22,19.83,524
IOC,Mar 2021,363950,21762,39929.0,9181.0,116649,355145,49650.0,5.98,10.97,19.46,1.04,1.02,13.61,2.28,19.63,525
SHREECEM,Mar 2024,20521,1733,4518.0,36.0,1656,27925,3347.0,8.45,22.02,8.37,0.08,0.73,17.51,1.93,19.58,526
NHPC,Mar 2016,8354,2365,4783.0,11071.0,19938,62823,5971.0,28.31,57.25,7.47,0.63,0.13,4.12,2.52,19.57,527
TATAMOTORS,Mar 2016,273046,11678,38395.0,679.0,69360,263184,37900.0,4.28,14.06,14.79,0.88,1.04,7.85,3.25,19.52,528
GAIL,Mar 2013,50974,4367,7427.0,1268.0,16472,59809,6603.0,8.57,14.57,15.17,0.57,0.85,17.0,1.51,19.51,529
AMBUJACEM,Dec 2019,27104,2783,4597.0,397.0,41,40178,4739.0,10.27,16.96,11.56,0.0,0.67,27.04,1.7,19.48,530
TRENT,Mar 2015,2284,129,88.0,33.0,267,2207,-10.0,5.65,3.85,9.07,0.19,1.03,4.0,-0.08,19.4,531
ADANIPORTS,Mar 2020,11873,3785,5947.0,406.0,30242,61917,7402.0,31.88,50.09,14.87,1.19,0.19,3.05,1.96,19.35,532
ADANIPORTS,Mar 2020,11873,3785,5947.0,406.0,30242,61917,7402.0,31.88,50.09,14.87,1.19,0.19,3.05,1.96,19.35,532
DRREDDY,Mar 2022,21545,2182,3768.0,83.0,3384,29746,2811.0,10.13,17.49,11.36,0.18,0.72,39.25,1.29,19.34,533
SHREECEM,Jun 2015,6259,426,1344.0,35.0,917,7998,1239.0,6.81,21.47,8.07,0.17,0.78,11.11,2.91,19.27,534
LICI,Mar 2024,845966,40916,32779.0,6325.0,0,5316047,26122.0,4.84,3.87,49.45,0.0,0.16,256.09,0.64,19.22,535
POWERGRID,Mar 2017,25697,7451,22450.0,5232.0,118988,195662,21575.0,29.0,87.36,14.94,2.39,0.13,3.62,2.9,19.2,536
POWERGRID,Mar 2017,25697,7451,22450.0,5232.0,118988,195662,21575.0,29.0,87.36,14.94,2.39,0.13,3.62,2.9,19.2,536
MOTHERSON,Mar 2021,57370,1569,4370.0,316.0,11930,47749,5051.0,2.73,7.62,12.49,0.95,1.2,8.54,3.22,19.2,536
ULTRACEMCO,Mar 2024,70908,7004,12969.0,289.0,11403,100797,10898.0,9.88,18.29,11.63,0.19,0.7,13.4,1.56,19.17,537
JINDALSTEL,Mar 2024,50354,5943,10202.0,100.0,16472,78676,6008.0,11.8,20.26,13.41,0.37,0.64,7.88,1.01,18.77,538
ADANIPORTS,Mar 2022,17119,4953,9528.0,422.0,47935,98328,10420.0,28.93,55.66,11.84,1.15,0.17,3.75,2.1,18.72,539
ADANIPORTS,Mar 2022,17119,4953,9528.0,422.0,47935,98328,10420.0,28.93,55.66,11.84,1.15,0.17,3.75,2.1,18.72,539
BAJAJFINSV,Mar 2013,8055,2214,3931.0,80.0,12991,65370,-6922.0,27.49,48.8,28.38,1.67,0.12,3.26,-3.13,18.6,540
JSWENERGY,Mar 2022,8167,1743,3572.0,1640.0,8943,30514,2952.0,21.34,43.74,10.01,0.51,0.27,4.6,1.69,18.59,541
GAIL,Mar 2021,57372,6143,7245.0,4440.0,7873,81030,8993.0,10.71,12.63,11.55,0.15,0.71,40.47,1.46,18.57,542
POWERGRID,Mar 2018,29954,8204,25961.0,5232.0,131503,225354,22710.0,27.39,86.67,15.07,2.42,0.13,3.54,2.77,18.55,543
POWERGRID,Mar 2018,29954,8204,25961.0,5232.0,131503,225354,22710.0,27.39,86.67,15.07,2.42,0.13,3.54,2.77,18.55,543
JINDALSTEL,Mar 2023,53212,3974,9942.0,100.0,13046,69427,7347.0,7.47,18.68,10.27,0.34,0.77,6.88,1.85,18.53,544
TRENT,Mar 2019,2630,95,241.0,33.0,494,2559,21.0,3.61,9.16,5.77,0.3,1.03,4.73,0.22,18.42,545
AMBUJACEM,Mar 2024,33160,4738,6400.0,440.0,699,65261,5646.0,14.29,19.3,11.43,0.02,0.51,23.19,1.19,18.41,546
TORNTPHARM,Mar 2022,8508,777,2431.0,85.0,4070,12906,1803.0,9.13,28.57,13.05,0.68,0.66,9.53,2.32,18.41,546
POWERGRID,Mar 2013,13081,4313,10837.0,4630.0,69233,113384,11690.0,32.97,82.85,16.34,2.62,0.12,4.17,2.71,18.41,546
POWERGRID,Mar 2013,13081,4313,10837.0,4630.0,69233,113384,11690.0,32.97,82.85,16.34,2.62,0.12,4.17,2.71,18.41,546
GAIL,Mar 2017,48552,3374,6021.0,1691.0,6553,58291,6024.0,6.95,12.4,8.58,0.17,0.83,11.83,1.79,18.39,547
ONGC,Mar 2017,282506,29169,52804.0,6417.0,80029,444525,45780.0,10.33,18.69,15.01,0.41,0.64,14.7,1.57,18.37,548
SIEMENS,Sep 2021,13198,1089,1452.0,71.0,4,18015,1422.0,8.25,11.0,10.52,0.0,0.73,60.5,1.31,18.37,548
POWERGRID,Mar 2016,20652,5959,18184.0,5232.0,108545,179312,15008.0,28.85,88.05,13.55,2.47,0.12,3.58,2.52,18.34,549
POWERGRID,Mar 2016,20652,5959,18184.0,5232.0,108545,179312,15008.0,28.85,88.05,13.55,2.47,0.12,3.58,2.52,18.34,549
IRCTC,Mar 2021,777,187,188.0,160.0,79,3153,248.0,24.07,24.2,12.84,0.05,0.25,23.5,1.33,18.21,550
GRASIM,Mar 2017,36068,4246,7387.0,93.0,9213,62747,7288.0,11.77,20.48,13.53,0.29,0.57,10.52,1.72,18.2,551
SHREECEM,Mar 2022,15010,1269,3710.0,36.0,2129,23749,2668.0,8.45,24.72,7.27,0.12,0.63,14.11,2.1,18.09,552
APOLLOHOSP,Mar 2013,3769,303,612.0,70.0,1213,4814,443.0,8.04,16.24,11.03,0.44,0.78,5.94,1.46,18.07,553
AMBUJACEM,Dec 2017,23609,1945,3858.0,397.0,24,35509,3416.0,8.24,16.34,9.41,0.0,0.66,18.73,1.76,18.05,554
APOLLOHOSP,Mar 2014,4357,315,676.0,70.0,1344,5350,373.0,7.23,15.52,10.58,0.45,0.81,5.68,1.18,17.99,555
RELIANCE,Mar 2014,433521,22548,34935.0,2940.0,138761,428843,43261.0,5.2,8.06,11.35,0.7,1.01,9.11,1.92,17.97,556
ULTRACEMCO,Mar 2014,20730,2213,4035.0,274.0,7332,32185,3455.0,10.68,19.46,12.88,0.43,0.64,11.18,1.56,17.88,557
AMBUJACEM,Dec 2015,9437,808,1542.0,310.0,35,14133,1557.0,8.56,16.34,7.87,0.0,0.67,16.76,1.93,17.82,558
BOSCHLTD,Mar 2020,9842,650,1483.0,30.0,74,13320,1336.0,6.6,15.07,7.01,0.01,0.74,148.3,2.06,17.82,558
DLF,Mar 2023,5695,2034,1726.0,495.0,3334,52572,2375.0,35.72,30.31,5.4,0.09,0.11,4.4,1.17,17.81,559
JSWENERGY,Mar 2015,9347,1358,3624.0,1640.0,9294,19420,3394.0,14.53,38.77,18.06,1.24,0.48,3.19,2.5,17.8,560
SUNPHARMA,Mar 2022,38654,3389,10258.0,240.0,1290,69776,8985.0,8.77,26.54,7.06,0.03,0.55,80.77,2.65,17.72,561
TORNTPHARM,Mar 2020,7939,1025,2170.0,85.0,5784,14010,1393.0,12.91,27.33,21.25,1.2,0.57,4.81,1.36,17.62,562
TATACONSUM,Mar 2013,7351,445,770.0,62.0,1389,8794,173.0,6.05,10.47,9.25,0.29,0.84,9.17,0.39,17.53,563
ULTRACEMCO,Mar 2023,63240,5073,10620.0,289.0,11058,91380,9069.0,8.02,16.79,9.34,0.2,0.69,12.9,1.79,17.52,564
ADANIPORTS,Mar 2023,20852,5391,10947.0,432.0,53434,112563,11900.0,25.85,52.5,11.88,1.18,0.19,4.63,2.21,17.48,565
ADANIPORTS,Mar 2023,20852,5391,10947.0,432.0,53434,112563,11900.0,25.85,52.5,11.88,1.18,0.19,4.63,2.21,17.48,565
JSWSTEEL,Mar 2019,84757,7524,18930.0,301.0,47396,114797,14633.0,8.88,22.33,21.62,1.36,0.74,4.83,1.94,17.47,566
JSWSTEEL,Mar 2018,71933,6113,14916.0,302.0,39393,91970,12379.0,8.5,20.74,21.83,1.41,0.78,4.03,2.03,17.47,566
POWERGRID,Mar 2014,15555,4548,12967.0,5232.0,84220,141480,15223.0,29.24,83.36,13.11,2.43,0.11,3.98,3.35,17.42,567
POWERGRID,Mar 2014,15555,4548,12967.0,5232.0,84220,141480,15223.0,29.24,83.36,13.11,2.43,0.11,3.98,3.35,17.42,567
ULTRACEMCO,Mar 2017,25375,2714,5212.0,275.0,8474,42209,5005.0,10.7,20.54,11.13,0.35,0.6,8.14,1.84,17.37,568
POWERGRID,Mar 2019,35059,10034,26920.0,5232.0,146376,247380,23271.0,28.62,76.78,16.98,2.48,0.14,3.08,2.32,17.31,569
MOTHERSON,Mar 2022,63774,1182,4714.0,452.0,14130,55726,2463.0,1.85,7.39,5.74,0.69,1.14,8.68,2.08,17.31,569
ULTRACEMCO,Mar 2020,42430,5751,9246.0,289.0,23019,79214,8972.0,13.55,21.79,14.73,0.59,0.54,4.64,1.56,17.31,569
POWERGRID,Mar 2019,35059,10034,26920.0,5232.0,146376,247380,23271.0,28.62,76.78,16.98,2.48,0.14,3.08,2.32,17.31,569
POWERGRID,Mar 2015,17540,5046,14927.0,5232.0,96243,160784,15800.0,28.77,85.1,13.13,2.5,0.11,3.66,3.13,17.3,570
POWERGRID,Mar 2015,17540,5046,14927.0,5232.0,96243,160784,15800.0,28.77,85.1,13.13,2.5,0.11,3.66,3.13,17.3,570
ONGC,Mar 2018,322706,26068,56889.0,6417.0,106550,459232,56792.0,8.08,17.63,12.78,0.52,0.7,11.38,2.18,17.28,571
ULTRACEMCO,Mar 2021,44726,5462,11568.0,289.0,21719,86176,12500.0,12.21,25.86,12.36,0.49,0.52,7.78,2.29,17.28,571
APOLLOHOSP,Mar 2020,11247,432,1591.0,70.0,3596,11289,1293.0,3.84,14.15,12.93,1.08,1.0,2.98,2.99,17.27,572
TRENT,Mar 2018,2157,87,208.0,33.0,391,2336,77.0,4.03,9.64,5.45,0.25,0.92,4.73,0.89,17.12,573
TATASTEEL,Mar 2018,123249,17743,21433.0,1145.0,92147,208722,8023.0,14.4,17.39,29.15,1.51,0.59,3.93,0.45,17.12,573
NHPC,Mar 2014,7389,1633,4342.0,11071.0,20819,61427,3824.0,22.1,58.76,5.78,0.74,0.12,3.61,2.34,17.11,574
DRREDDY,Mar 2017,14196,1292,2472.0,83.0,4918,21654,2144.0,9.1,17.41,10.54,0.4,0.66,31.29,1.66,16.82,575
GRASIM,Mar 2014,28331,2954,4915.0,92.0,9681,47736,3549.0,10.43,17.35,13.67,0.45,0.59,11.0,1.2,16.78,576
NAUKRI,Mar 2014,567,60,97.0,109.0,1,1060,81.0,10.58,17.11,8.93,0.0,0.53,32.33,1.35,16.7,577
TATACONSUM,Mar 2014,7738,510,752.0,62.0,1438,9911,422.0,6.59,9.72,8.72,0.25,0.78,8.64,0.83,16.66,578
M&M,Mar 2013,68693,4129,9116.0,295.0,28711,76131,-922.0,6.01,13.27,20.69,1.44,0.9,3.97,-0.22,16.66,578
ONGC,Mar 2015,160923,17703,42312.0,4278.0,53944,337847,33950.0,11.0,26.29,9.81,0.3,0.48,14.77,1.92,16.65,579
ULTRACEMCO,Mar 2016,25153,2480,4901.0,274.0,10616,41193,4526.0,9.86,19.48,11.3,0.48,0.61,8.66,1.82,16.5,580
SUNPHARMA,Mar 2020,32838,4172,6983.0,240.0,8315,68194,6555.0,12.7,21.26,9.22,0.18,0.48,23.05,1.57,16.49,581
APOLLOHOSP,Mar 2015,5129,335,737.0,70.0,1992,6459,470.0,6.53,14.37,10.56,0.63,0.79,6.25,1.4,16.37,582
GAIL,Mar 2015,60557,3160,5631.0,1268.0,18291,69669,4214.0,5.22,9.3,9.29,0.54,0.87,8.64,1.33,16.3,583
AMBUJACEM,Dec 2016,20094,1434,3181.0,397.0,29,32824,2810.0,7.14,15.83,7.23,0.0,0.61,20.79,1.96,16.27,584
TATACONSUM,Mar 2017,6780,455,791.0,63.0,787,9551,741.0,6.71,11.67,7.26,0.13,0.71,18.4,1.63,16.19,585
TATACONSUM,Mar 2023,13783,1320,1856.0,93.0,1600,22762,1461.0,9.58,13.47,8.11,0.1,0.61,14.28,1.11,16.17,586
M&M,Mar 2014,74001,5154,10170.0,295.0,35167,87889,-244.0,6.96,13.74,22.11,1.51,0.84,3.44,-0.05,16.17,586
GAIL,Mar 2016,52053,1874,4536.0,1268.0,9052,59063,3960.0,3.6,8.71,5.15,0.25,0.88,5.52,2.11,16.14,587
GRASIM,Mar 2016,34487,3455,5911.0,93.0,12505,59576,5868.0,10.02,17.14,12.6,0.46,0.58,8.23,1.7,16.11,588
TVSMOTOR,Mar 2018,16340,665,1571.0,48.0,6928,13190,354.0,4.07,9.61,24.83,2.59,1.24,4.65,0.53,16.04,589
ULTRACEMCO,Mar 2015,23306,2102,4425.0,274.0,9829,38053,4190.0,9.02,18.99,11.04,0.52,0.61,7.54,1.99,15.92,590
TATACONSUM,Mar 2015,7993,273,792.0,62.0,1324,9458,418.0,3.42,9.91,4.97,0.24,0.85,9.66,1.53,15.88,591
TATACONSUM,Mar 2018,6815,556,839.0,63.0,1068,10461,356.0,8.16,12.31,7.91,0.15,0.65,16.13,0.64,15.88,591
SIEMENS,Sep 2020,9946,769,1003.0,71.0,0,15860,720.0,7.73,10.08,8.1,0.0,0.63,33.43,0.94,15.83,592
NTPC,Mar 2013,71518,12586,18149.0,8245.0,70419,178776,16508.0,17.6,25.38,15.49,0.87,0.4,7.29,1.31,15.77,593
LICI,Mar 2021,690914,2974,-252.0,100.0,4,3829524,80602.0,0.43,-0.04,43.2,0.0,0.18,0.0,27.1,15.76,594
TRENT,Mar 2014,2333,-19,-10.0,33.0,332,1936,-46.0,-0.81,-0.43,-1.92,0.34,1.21,-0.38,2.42,15.59,595
TRENT,Mar 2017,1812,85,134.0,33.0,392,2222,102.0,4.69,7.4,5.49,0.25,0.82,2.91,1.2,15.35,596
JINDALSTEL,Mar 2021,34579,4267,10933.0,102.0,29910,77840,11961.0,12.34,31.62,13.41,0.94,0.44,3.97,2.8,15.33,597
SUNPHARMA,Mar 2021,33498,2272,8470.0,240.0,3869,67622,6170.0,6.78,25.29,4.89,0.08,0.5,60.07,2.72,15.32,598
IOC,Mar 2020,483763,-1876,16053.0,9181.0,129790,329962,7146.0,-0.39,3.32,-1.97,1.36,1.47,2.77,-3.81,15.23,599
TATACONSUM,Mar 2022,12425,1015,1719.0,92.0,1412,21075,1516.0,8.17,13.84,6.7,0.09,0.59,19.76,1.49,15.22,600
ONGC,Mar 2016,124036,13102,39135.0,4278.0,45500,341772,46292.0,10.56,31.55,6.62,0.23,0.36,10.39,3.53,15.19,601
TRENT,Mar 2023,8242,394,1114.0,36.0,4464,8082,595.0,4.78,13.52,15.18,1.72,1.02,2.72,1.51,15.15,602
SUNPHARMA,Mar 2019,29066,3208,6377.0,240.0,10514,64590,2196.0,11.04,21.94,7.75,0.25,0.45,11.49,0.68,14.97,603
BOSCHLTD,Mar 2021,9718,482,1163.0,30.0,54,14774,835.0,4.96,11.97,4.91,0.01,0.66,83.07,1.73,14.96,604
DLF,Mar 2022,5717,1500,1743.0,495.0,4182,51167,2832.0,26.24,30.49,4.13,0.12,0.11,2.79,1.89,14.95,605
BHEL,Mar 2014,39561,3502,4579.0,490.0,4693,75331,4512.0,8.85,11.57,10.56,0.14,0.53,34.43,1.29,14.94,606
TATAMOTORS,Mar 2017,269693,7557,29589.0,679.0,78604,272580,30199.0,2.8,10.97,13.02,1.35,0.99,6.98,4.0,14.9,607
GRASIM,Mar 2015,31734,2582,5144.0,92.0,11930,54033,4594.0,8.14,16.21,11.16,0.52,0.59,7.71,1.78,14.88,608
TATACONSUM,Mar 2019,7252,457,786.0,63.0,1141,10881,210.0,6.3,10.84,6.23,0.16,0.67,10.08,0.46,14.86,609
DRREDDY,Mar 2018,14281,947,2351.0,83.0,5071,22349,1803.0,6.63,16.46,7.53,0.4,0.64,29.76,1.9,14.81,610
APOLLOHOSP,Mar 2019,9617,200,1070.0,70.0,3673,9166,905.0,2.08,11.13,6.0,1.1,1.05,3.27,4.53,14.8,611
TATACONSUM,Mar 2021,11602,930,1544.0,92.0,1634,20218,1656.0,8.02,13.31,6.4,0.11,0.57,21.15,1.78,14.59,612
NAUKRI,Mar 2016,748,118,91.0,121.0,1,1925,78.0,15.78,12.17,7.65,0.0,0.39,30.33,0.66,14.52,613
TATAMOTORS,Mar 2018,291550,9091,31458.0,679.0,88950,327192,23857.0,3.12,10.79,9.53,0.93,0.89,6.72,2.62,14.5,614
TATASTEEL,Mar 2023,243353,8075,32300.0,1221.0,84893,285396,21683.0,3.32,13.27,7.83,0.82,0.85,5.13,2.69,14.48,615
TATACONSUM,Mar 2024,15206,1215,2284.0,95.0,3477,27879,1937.0,7.99,15.02,7.57,0.22,0.55,26.25,1.59,14.42,616
M&M,Mar 2018,92094,7958,13226.0,543.0,55898,136369,682.0,8.64,14.36,21.64,1.52,0.68,3.32,0.09,14.12,617
JSWENERGY,Mar 2021,6922,823,2913.0,1642.0,8371,26207,3700.0,11.89,42.08,5.67,0.58,0.26,3.25,4.5,14.09,618
RELIANCE,Mar 2015,374372,23640,37449.0,2943.0,168251,504486,34374.0,6.31,10.0,10.82,0.77,0.74,11.29,1.45,14.07,619
JSWSTEEL,Mar 2021,79839,7873,20178.0,302.0,62392,148317,18789.0,9.86,25.27,16.84,1.33,0.54,5.1,2.39,14.02,620
JSWENERGY,Mar 2020,8273,1081,2957.0,1642.0,9840,24931,2082.0,13.07,35.74,9.28,0.84,0.33,2.81,1.93,13.95,621
TRENT,Mar 2020,3486,106,529.0,36.0,300,5507,361.0,3.04,15.17,4.44,0.13,0.63,2.01,3.41,13.93,622
JSWENERGY,Mar 2016,9824,1460,4029.0,1627.0,14862,28539,3538.0,14.86,41.01,15.05,1.53,0.34,2.69,2.42,13.88,623
JSWSTEEL,Mar 2024,175006,8973,28157.0,305.0,87984,227898,12078.0,5.13,16.09,11.55,1.13,0.77,3.47,1.35,13.87,624
ATGL,Mar 2018,1374,162,366.0,257.0,1345,2803,0.0,11.79,26.64,15.94,1.32,0.49,2.93,0.0,13.81,625
ADANIENT,Mar 2020,43403,1040,2294.0,110.0,12419,46875,2454.0,2.4,5.29,6.14,0.73,0.93,1.46,2.36,13.8,626
NTPC,Mar 2014,78330,11403,19727.0,8245.0,81455,200118,16531.0,14.56,25.18,13.06,0.93,0.39,6.05,1.45,13.79,627
LICI,Mar 2022,723606,4125,3326.0,6325.0,1,4254059,-3783.0,0.57,0.46,36.38,0.0,0.17,0.0,-0.92,13.7,628
APOLLOHOSP,Mar 2016,6150,235,684.0,70.0,2834,7360,597.0,3.82,11.12,7.05,0.85,0.84,3.8,2.54,13.64,629
ONGC,Mar 2020,396728,11456,52105.0,6290.0,129473,508364,70593.0,2.89,13.13,5.59,0.63,0.78,6.96,6.16,13.58,630
RELIANCE,Mar 2023,876396,74088,142318.0,6766.0,451664,1605882,115032.0,8.45,16.24,10.35,0.63,0.55,7.27,1.55,13.57,631
RELIANCE,Mar 2024,899041,79020,162498.0,6766.0,458991,1755048,158788.0,8.79,18.07,9.96,0.58,0.51,7.03,2.01,13.55,632
JINDALSTEL,Mar 2013,19807,2952,6106.0,93.0,24618,57073,3522.0,14.9,30.83,13.89,1.16,0.35,5.72,1.19,13.51,633
SUNPHARMA,Mar 2018,26489,2542,5631.0,240.0,10385,64297,3907.0,9.6,21.26,6.63,0.27,0.41,10.87,1.54,13.44,634
TVSMOTOR,Mar 2019,20160,725,2163.0,48.0,9298,16696,-918.0,3.6,10.73,22.86,2.93,1.21,3.26,-1.27,13.4,635
TRENT,Mar 2016,1686,55,90.0,33.0,400,2157,109.0,3.26,5.34,3.76,0.27,0.78,1.88,1.98,13.36,636
ONGC,Mar 2021,303849,21360,49473.0,6290.0,133187,541748,47185.0,7.03,16.28,9.67,0.6,0.56,9.74,2.21,13.31,637
NAUKRI,Mar 2024,2536,595,711.0,129.0,246,36089,702.0,23.46,28.04,1.97,0.01,0.07,20.31,1.18,13.06,638
RELIANCE,Mar 2022,694673,67845,108581.0,6765.0,319158,1498622,110654.0,9.77,15.63,8.7,0.41,0.46,7.45,1.63,13.03,639
KOTAKBANK,Mar 2022,33741,12089,30699.0,992.0,365747,546498,8308.0,35.83,90.98,12.51,3.78,0.06,1.23,0.69,12.91,640
APOLLOHOSP,Mar 2021,10560,137,1140.0,72.0,4160,11392,1265.0,1.3,10.8,2.98,0.9,0.93,2.54,9.23,12.83,641
ADANIENT,Mar 2019,40379,506,1969.0,110.0,11243,42536,3236.0,1.25,4.88,3.43,0.76,0.95,1.21,6.4,12.77,642
SBILIFE,Mar 2013,14870,630,427.0,1000.0,0,53714,1130.0,4.24,2.87,23.03,0.0,0.28,106.75,1.79,12.74,643
LODHA,Mar 2024,10316,1554,2665.0,994.0,7698,47198,2512.0,15.06,25.83,8.9,0.44,0.22,5.53,1.62,12.7,644
ULTRACEMCO,Mar 2018,30979,2224,6145.0,275.0,19480,57141,3888.0,7.18,19.84,8.43,0.74,0.54,4.96,1.75,12.69,645
ADANIENSOL,Mar 2016,2194,368,1927.0,1100.0,8585,11746,1544.0,16.77,87.83,13.77,3.21,0.19,2.01,4.2,12.69,645
APOLLOHOSP,Mar 2017,7256,131,734.0,70.0,3125,8103,623.0,1.81,10.12,3.95,0.94,0.9,2.86,4.76,12.46,646
M&M,Mar 2023,121269,11374,20285.0,557.0,92247,204283,-7074.0,9.38,16.73,20.18,1.64,0.59,3.48,-0.62,12.4,647
RELIANCE,Mar 2019,568337,39837,84250.0,5926.0,307714,997630,42346.0,7.01,14.82,10.29,0.79,0.57,5.11,1.06,12.4,647
RELIANCE,Mar 2018,390823,36080,64315.0,5922.0,239843,811273,71459.0,9.23,16.46,12.29,0.82,0.48,7.99,1.98,12.39,648
SBILIFE,Mar 2015,23399,815,794.0,1000.0,0,74121,2711.0,3.48,3.39,20.09,0.0,0.32,198.5,3.33,12.38,649
RELIANCE,Mar 2016,272583,29861,41781.0,2948.0,194714,598997,38134.0,10.95,15.33,12.9,0.84,0.46,11.32,1.28,12.37,650
SBILIFE,Mar 2014,17258,728,511.0,1000.0,0,60640,166.0,4.22,2.96,21.69,0.0,0.28,102.2,0.23,12.35,651
JSWENERGY,Mar 2014,8648,760,3255.0,1640.0,10106,19244,2269.0,8.79,37.64,11.57,1.54,0.45,2.7,2.99,12.25,652
TRENT,Mar 2013,2132,-27,5.0,33.0,343,2209,31.0,-1.27,0.23,-2.19,0.28,0.97,0.17,-1.15,12.22,653
TATASTEEL,Mar 2021,156294,8190,30504.0,1198.0,88501,243909,44327.0,5.24,19.52,11.03,1.19,0.64,4.01,5.41,12.17,654
GODREJCP,Mar 2024,14096,-561,2957.0,102.0,3222,18392,2070.0,-3.98,20.98,-4.45,0.26,0.77,9.54,-3.69,12.12,655
TATACONSUM,Mar 2020,9637,460,1292.0,92.0,1586,18473,1082.0,4.77,13.41,3.33,0.11,0.52,18.72,2.35,12.12,655
TATASTEEL,Mar 2019,157669,9122,29318.0,1145.0,100816,232773,25336.0,5.79,18.59,13.23,1.46,0.68,3.83,2.78,12.03,656
M&M,Mar 2024,139078,12270,24892.0,557.0,108647,234722,-5630.0,8.82,17.9,18.54,1.64,0.59,3.32,-0.46,12.0,657
RELIANCE,Mar 2021,466307,53739,80790.0,6445.0,278962,1320065,26958.0,11.52,17.33,7.68,0.4,0.35,3.81,0.5,11.9,658
DLF,Mar 2021,5414,1083,1469.0,495.0,6886,53488,1460.0,20.0,27.13,3.06,0.19,0.1,1.72,1.35,11.89,659
APOLLOHOSP,Mar 2018,8243,60,801.0,70.0,3427,8596,537.0,0.73,9.72,1.85,1.05,0.96,2.72,8.95,11.83,660
NTPC,Mar 2016,73396,10781,18568.0,8245.0,99424,224665,24125.0,14.69,25.3,11.77,1.09,0.33,5.52,2.24,11.76,661
BAJAJFINSV,Mar 2015,11335,2409,5511.0,80.0,26312,88228,-10731.0,21.25,48.62,21.72,2.37,0.13,2.47,-4.45,11.65,662
GRASIM,Mar 2022,95701,11206,20431.0,132.0,74744,289149,7038.0,11.71,21.35,14.8,0.99,0.33,4.28,0.63,11.64,663
M&M,Mar 2015,71448,3381,8793.0,296.0,37911,94376,1055.0,4.73,12.31,13.08,1.47,0.76,2.79,0.31,11.62,664
ULTRACEMCO,Mar 2019,41462,2400,7347.0,275.0,25337,76525,5956.0,5.79,17.72,7.11,0.75,0.54,4.13,2.48,11.47,665
JSWENERGY,Mar 2013,8870,901,2801.0,1640.0,10377,20378,1725.0,10.16,31.58,14.52,1.67,0.44,2.91,1.91,11.46,666
M&M,Mar 2016,75841,3554,10082.0,270.0,41553,99852,2385.0,4.69,13.29,13.42,1.57,0.76,2.99,0.67,11.41,667
ADANIPOWER,Mar 2022,27711,4912,9881.0,3857.0,49145,81981,10233.0,17.73,35.66,26.61,2.66,0.34,2.41,2.08,11.35,668
RELIANCE,Mar 2017,303954,29833,46307.0,2959.0,217475,706802,49550.0,9.81,15.23,11.31,0.82,0.43,12.03,1.66,11.24,669
SBILIFE,Mar 2019,44604,1327,1474.0,1000.0,0,146734,13473.0,2.98,3.3,17.52,0.0,0.3,184.25,10.15,11.16,670
SBILIFE,Mar 2017,30548,955,1068.0,1000.0,0,102240,8525.0,3.13,3.5,17.2,0.0,0.3,213.6,8.93,11.14,671
SBILIFE,Mar 2018,34068,1150,1332.0,1000.0,0,121720,10395.0,3.38,3.91,17.62,0.0,0.28,222.0,9.04,11.11,672
TORNTPHARM,Mar 2018,5950,678,1349.0,85.0,6462,14243,894.0,11.39,22.67,14.67,1.4,0.42,4.38,1.32,11.08,673
TORNTPHARM,Mar 2019,7673,436,1983.0,85.0,6038,14113,1798.0,5.68,25.84,9.23,1.28,0.54,3.93,4.12,11.06,674
KOTAKBANK,Mar 2023,42151,14925,33485.0,993.0,418807,620430,-1242.0,35.41,79.44,13.35,3.75,0.07,1.29,-0.08,11.05,675
RELIANCE,Mar 2020,596679,39880,89266.0,6339.0,355133,1163015,94877.0,6.68,14.96,8.88,0.79,0.51,4.05,2.38,11.03,676
JSWENERGY,Mar 2024,11486,1725,5382.0,1641.0,31573,57767,6234.0,15.02,46.86,8.28,1.52,0.2,2.62,3.61,11.01,677
KOTAKBANK,Mar 2021,32820,9990,29812.0,991.0,327110,478854,4881.0,30.44,90.83,11.85,3.88,0.07,1.26,0.49,10.98,678
NTPC,Mar 2017,82042,10714,21598.0,8245.0,113773,248601,20167.0,13.06,26.33,10.95,1.16,0.33,5.75,1.88,10.97,679
NTPC,Mar 2024,178501,21332,51456.0,9697.0,237131,479278,40785.0,11.95,28.83,13.27,1.48,0.37,4.18,1.91,10.88,680
SBILIFE,Mar 2016,19324,844,920.0,1000.0,0,83429,5778.0,4.37,4.76,17.83,0.0,0.23,184.0,6.85,10.84,681
BHARTIARTL,Mar 2016,96532,6893,33984.0,1999.0,100646,224472,27942.0,7.14,35.2,10.32,1.51,0.43,3.98,4.05,10.82,682
M&M,Mar 2017,83773,4051,10735.0,311.0,48762,113835,183.0,4.84,12.81,13.6,1.64,0.74,2.94,0.05,10.75,683
JSWENERGY,Mar 2019,9138,684,2855.0,1641.0,10555,25926,2491.0,7.49,31.24,5.79,0.89,0.35,2.4,3.64,10.66,684
ADANIENT,Mar 2021,39537,1046,2506.0,110.0,16227,51617,4043.0,2.65,6.34,6.1,0.95,0.77,1.82,3.87,10.56,685
JSWSTEEL,Mar 2017,55604,3467,12308.0,301.0,43334,88005,7888.0,6.24,22.14,15.31,1.91,0.63,3.27,2.28,10.48,686
JSWSTEEL,Mar 2023,165960,4139,18470.0,301.0,80853,210539,23323.0,2.49,11.13,6.3,1.23,0.79,2.68,5.63,10.44,687
NTPC,Mar 2015,79957,9992,17352.0,8245.0,102252,219712,14889.0,12.5,21.7,12.17,1.25,0.36,4.73,1.49,10.27,688
SBILIFE,Mar 2021,81913,1456,872.0,1000.0,0,226830,23878.0,1.78,1.06,14.0,0.0,0.36,0.0,16.4,10.26,689
SBILIFE,Mar 2020,43798,1422,1351.0,1000.0,0,165580,19299.0,3.25,3.08,16.26,0.0,0.26,0.0,13.57,10.21,690
BHEL,Mar 2015,31323,1450,2141.0,490.0,1889,70983,821.0,4.63,6.84,4.24,0.06,0.44,23.27,0.57,10.1,691
KOTAKBANK,Mar 2024,56237,18213,47052.0,994.0,520374,767667,15685.0,32.39,83.67,14.01,4.0,0.07,1.24,0.86,10.08,692
NTPC,Mar 2022,132669,16960,40362.0,9697.0,210707,415831,41788.0,12.78,30.42,12.53,1.56,0.32,4.3,2.46,10.04,693
LODHA,Mar 2022,9233,1208,2186.0,482.0,11537,38404,1998.0,13.08,23.68,9.98,0.95,0.24,3.18,1.65,9.85,694
BHEL,Mar 2019,30441,1002,2032.0,696.0,2598,64490,-3860.0,3.29,6.68,3.24,0.08,0.47,5.38,-3.85,9.78,695
M&M,Mar 2019,104721,6017,15207.0,544.0,70848,161889,-4347.0,5.75,14.52,15.05,1.77,0.65,3.03,-0.72,9.76,696
TATACONSUM,Mar 2016,6637,-37,366.0,63.0,1354,9895,116.0,-0.56,5.51,-0.59,0.22,0.67,3.13,-3.14,9.74,697
ADANIENSOL,Mar 2017,2876,416,1983.0,1100.0,8975,12811,2189.0,14.46,68.95,14.12,3.05,0.22,2.19,5.26,9.69,698
DLF,Mar 2019,8366,1314,2148.0,441.0,17222,66483,2043.0,15.71,25.68,3.91,0.51,0.13,1.04,1.55,9.64,699
NTPC,Mar 2023,176207,17121,47596.0,9697.0,222913,447189,47152.0,9.72,27.01,11.65,1.52,0.39,4.16,2.75,9.58,700
BHARTIARTL,Mar 2015,96101,5048,33602.0,1999.0,83415,181939,28059.0,5.25,34.97,12.69,2.1,0.53,7.56,5.56,9.56,701
ADANIENT,Mar 2023,127540,2422,8818.0,114.0,53200,141278,17626.0,1.9,6.91,7.33,1.61,0.9,2.22,7.28,9.51,702
NTPC,Mar 2018,88083,10502,22485.0,8245.0,130049,282492,19670.0,11.92,25.53,10.14,1.26,0.31,5.06,1.87,9.48,703
M&M,Mar 2022,90171,7253,14683.0,556.0,77605,172388,9248.0,8.04,16.28,15.39,1.65,0.52,2.93,1.28,9.43,704
BHARTIARTL,Mar 2014,85864,3019,26512.0,1999.0,75896,181492,26233.0,3.52,30.88,5.05,1.27,0.47,4.51,8.69,9.27,705
JSWSTEEL,Mar 2013,38210,929,6512.0,284.0,21625,57513,5844.0,2.43,17.04,5.44,1.27,0.66,3.31,6.29,9.2,706
JSWENERGY,Mar 2017,8263,623,3324.0,1628.0,14349,28389,3853.0,7.54,40.23,6.01,1.38,0.29,1.97,6.18,9.18,707
SBILIFE,Mar 2024,131988,1894,246.0,1001.0,0,398299,29122.0,1.43,0.19,12.7,0.0,0.33,27.33,15.38,9.16,708
ADANIENT,Mar 2016,34008,1000,1684.0,110.0,19169,41679,5112.0,2.94,4.95,7.47,1.43,0.82,1.24,5.11,9.12,709
SBILIFE,Mar 2022,82983,1506,730.0,1000.0,0,273337,21852.0,1.81,0.88,12.96,0.0,0.3,0.0,14.51,9.02,710
GRASIM,Mar 2023,117627,11078,21589.0,132.0,103039,336823,-12685.0,9.42,18.35,14.07,1.31,0.35,3.57,-1.15,8.95,711
NTPC,Mar 2021,111531,14969,34044.0,9697.0,210208,398022,32444.0,13.42,30.52,11.9,1.67,0.28,3.69,2.17,8.88,712
JSWENERGY,Mar 2023,10332,1480,3282.0,1641.0,25051,48417,2084.0,14.32,31.77,7.94,1.34,0.21,3.89,1.41,8.77,713
BHARTIARTL,Mar 2013,76947,2267,22960.0,1899.0,66736,157970,22608.0,2.95,29.84,4.5,1.33,0.49,5.08,9.97,8.76,714
BHEL,Mar 2018,28827,438,1653.0,734.0,110,63940,989.0,1.52,5.73,1.35,0.0,0.45,5.01,2.26,8.68,715
GRASIM,Mar 2021,76404,6987,18635.0,132.0,79078,267349,15075.0,9.14,24.39,10.67,1.21,0.29,3.26,2.16,8.66,716
BHARTIARTL,Mar 2017,95468,4241,35330.0,1999.0,107288,232322,28280.0,4.44,37.01,6.29,1.59,0.41,3.7,6.67,8.6,717
TATASTEEL,Mar 2014,148614,3665,16184.0,971.0,81629,171604,13146.0,2.47,10.89,9.04,2.01,0.87,3.73,3.59,8.51,718
BHEL,Mar 2017,28465,455,1095.0,490.0,156,61698,560.0,1.6,3.85,1.4,0.0,0.46,2.65,1.23,8.49,719
SBILIFE,Mar 2023,80636,1721,122.0,1001.0,0,314599,28656.0,2.13,0.15,13.22,0.0,0.26,12.2,16.65,8.43,720
NTPC,Mar 2019,100287,14034,22710.0,9895.0,173058,346923,18686.0,13.99,22.65,12.6,1.55,0.29,4.05,1.33,8.41,721
ADANIENT,Mar 2017,36533,925,1902.0,110.0,20846,47611,774.0,2.53,5.21,6.54,1.47,0.77,1.51,0.84,7.84,722
TATASTEEL,Mar 2024,229171,-4910,22248.0,1247.0,87082,269312,20301.0,-2.14,9.71,-5.33,0.95,0.85,2.96,-4.13,7.81,723
JSWSTEEL,Mar 2020,73326,3919,11813.0,301.0,61423,131820,12785.0,5.34,16.11,10.71,1.68,0.56,2.77,3.26,7.77,724
TATAPOWER,Mar 2024,61449,4280,10735.0,320.0,53689,139054,12596.0,6.97,17.47,13.23,1.66,0.44,2.32,2.94,7.51,725
BHEL,Mar 2023,23365,654,1044.0,696.0,5454,57664,-741.0,2.8,4.47,2.68,0.22,0.41,1.71,-1.13,7.45,726
BHARTIARTL,Mar 2022,116547,8305,57534.0,2795.0,169678,361207,55017.0,7.13,49.37,12.48,2.55,0.32,3.46,6.62,7.45,726
DLF,Mar 2015,7649,507,3014.0,356.0,24495,66262,2037.0,6.63,39.4,1.85,0.89,0.12,1.31,4.02,7.44,727
RECLTD,Mar 2017,24338,6313,22450.0,1975.0,167852,210245,6805.0,25.94,92.24,18.75,4.99,0.12,1.67,1.08,7.41,728
DLF,Mar 2017,8221,708,3446.0,357.0,29202,63954,-898.0,8.61,41.92,2.88,1.19,0.13,1.16,-1.27,7.4,729
NTPC,Mar 2020,109464,11902,31586.0,9895.0,202984,377569,23890.0,10.87,28.86,10.02,1.71,0.29,3.86,2.01,7.3,730
BHARTIARTL,Mar 2023,139145,12287,71274.0,2837.0,226020,444557,65325.0,8.83,51.22,15.84,2.91,0.31,3.69,5.32,7.3,730
JSWSTEEL,Mar 2015,52972,1722,9364.0,303.0,38754,85654,7876.0,3.25,17.68,7.73,1.74,0.62,2.68,4.57,7.27,731
JINDALSTEL,Mar 2014,19286,1896,5799.0,91.0,36368,68913,4580.0,9.83,30.07,8.39,1.61,0.28,3.21,2.42,7.14,732
BHARTIARTL,Mar 2024,149982,8558,78292.0,2877.0,215592,442019,78898.0,5.71,52.2,10.36,2.61,0.34,3.46,9.22,7.03,733
LODHA,Mar 2023,9470,490,2064.0,482.0,9060,39122,2750.0,5.17,21.8,3.87,0.72,0.24,4.28,5.61,6.81,734
TVSMOTOR,Mar 2024,39145,1779,5500.0,48.0,26006,42024,-1253.0,4.54,14.05,26.22,3.83,0.93,2.85,-0.7,6.61,735
ADANIENT,Mar 2018,35924,594,2038.0,110.0,17637,56405,2942.0,1.65,5.67,3.94,1.17,0.64,1.63,4.95,6.48,736
BHEL,Mar 2022,21211,445,828.0,696.0,4830,56991,660.0,2.1,3.9,1.68,0.18,0.37,1.85,1.48,6.46,737
GRASIM,Mar 2024,130978,9926,27195.0,133.0,137155,412116,-10719.0,7.58,20.76,11.2,1.55,0.32,2.93,-1.08,6.46,737
ADANIENT,Mar 2024,96421,3335,11377.0,114.0,65310,160586,10312.0,3.46,11.8,8.53,1.67,0.6,2.5,3.09,6.43,738
JSWENERGY,Mar 2018,8049,85,2713.0,1640.0,11883,26721,3934.0,1.06,33.71,0.77,1.07,0.3,1.86,46.28,6.39,739
DLF,Mar 2013,7773,667,2633.0,340.0,26600,64647,2009.0,8.58,33.87,2.59,1.03,0.12,1.14,3.01,6.35,740
DLF,Mar 2016,9926,305,3966.0,357.0,25264,61729,2957.0,3.07,39.96,1.27,1.05,0.16,1.48,9.7,6.29,741
TVSMOTOR,Mar 2020,18849,647,2264.0,48.0,11591,19272,373.0,3.43,12.01,19.71,3.53,0.98,2.65,0.58,6.22,742
DLF,Mar 2014,8298,590,2493.0,356.0,24133,64525,1468.0,7.11,30.04,2.15,0.88,0.13,1.01,2.49,5.98,743
GRASIM,Mar 2018,55894,3688,11612.0,131.0,67070,207899,-4140.0,6.6,20.78,6.43,1.17,0.27,3.17,-1.12,5.94,744
JSWSTEEL,Mar 2014,51220,402,9169.0,303.0,35527,77640,2594.0,0.78,17.9,1.9,1.68,0.66,3.01,6.45,5.85,745
BHARTIARTL,Mar 2018,82639,2184,30079.0,1999.0,111334,249521,29854.0,2.64,36.4,3.14,1.6,0.33,3.23,13.67,5.83,746
BAJAJFINSV,Mar 2016,20533,2775,6739.0,80.0,36062,103951,-9795.0,13.51,32.82,20.41,2.65,0.2,2.34,-3.53,5.81,747
TATAPOWER,Mar 2023,55109,3810,7728.0,320.0,52923,128096,7166.0,6.91,14.02,13.23,1.84,0.43,1.77,1.88,5.75,748
GRASIM,Mar 2020,68252,6639,10373.0,132.0,84777,244181,16620.0,9.73,15.2,11.72,1.5,0.28,1.51,2.5,5.69,749
BHEL,Mar 2024,23893,282,711.0,696.0,8856,59788,-3713.0,1.18,2.98,1.15,0.36,0.4,0.86,-13.17,5.44,750
TVSMOTOR,Mar 2021,19421,608,2232.0,48.0,12179,21865,1151.0,3.13,11.49,15.89,3.18,0.89,2.53,1.89,5.3,751
PNB,Mar 2023,86845,3359,0.0,169.0,53621,66805,22592.0,3.87,0.0,30.67,4.9,1.3,0.0,6.73,5.17,752
PNB,Mar 2023,86845,3359,0.0,169.0,53621,66805,22592.0,3.87,0.0,30.67,4.9,1.3,0.0,6.73,5.17,752
PNB,Mar 2023,86845,3359,0.0,169.0,53621,66805,22592.0,3.87,0.0,30.67,4.9,1.3,0.0,6.73,5.17,752
PNB,Mar 2023,86845,3359,0.0,169.0,53621,66805,22592.0,3.87,0.0,30.67,4.9,1.3,0.0,6.73,5.17,752
PNB,Mar 2023,86845,3359,0.0,169.0,53621,66805,22592.0,3.87,0.0,30.67,4.9,1.3,0.0,6.73,5.17,752
BAJAJFINSV,Mar 2017,24507,3450,8713.0,80.0,48282,128614,-10922.0,14.08,35.55,21.36,2.99,0.19,2.34,-3.17,4.94,753
NAUKRI,Mar 2015,732,-14,21.0,120.0,1,2217,51.0,-1.91,2.87,-0.99,0.0,0.33,5.25,-3.64,4.75,754
TATAMOTORS,Mar 2023,345967,2690,31816.0,766.0,134113,334674,35388.0,0.78,9.2,5.94,2.96,1.03,3.11,13.16,4.47,755
RECLTD,Mar 2014,17223,4741,16650.0,987.0,126173,152944,-17244.0,27.53,96.67,22.79,6.07,0.11,1.66,-3.64,4.35,756
NAUKRI,Mar 2017,888,-43,-9.0,121.0,1,2053,213.0,-4.84,-1.01,-2.7,0.0,0.43,-2.25,-4.95,4.23,757
LODHA,Mar 2012,2954,381,724.0,108.0,4259,9268,0.0,12.9,24.51,33.84,3.78,0.32,2.85,0.0,4.18,758
GRASIM,Mar 2019,77200,2745,16640.0,132.0,84487,241127,-1659.0,3.56,21.55,4.73,1.46,0.32,2.75,-0.6,4.12,759
NAUKRI,Mar 2023,2346,-70,348.0,129.0,108,16658,512.0,-2.98,14.83,-0.52,0.01,0.14,19.33,-7.31,4.12,759
TVSMOTOR,Mar 2023,31974,1309,4027.0,48.0,22376,35025,-4405.0,4.09,12.59,23.78,4.06,0.91,2.94,-3.37,4.02,760
RECLTD,Mar 2013,13634,3833,13270.0,987.0,107762,130570,-20059.0,28.11,97.33,21.87,6.15,0.1,1.64,-5.23,3.8,761
ADANIENSOL,Mar 2021,9926,1290,3950.0,1100.0,27095,43234,3784.0,13.0,39.79,14.46,3.04,0.23,1.87,2.93,3.8,761
TATASTEEL,Mar 2020,139817,1174,17463.0,1145.0,116328,249149,20169.0,0.84,12.49,1.6,1.58,0.56,2.32,17.18,3.69,762
PNB,Mar 2022,76242,3908,0.0,169.0,52961,65649,20032.0,5.13,0.0,39.87,5.4,1.16,0.0,5.13,3.64,763
PNB,Mar 2022,76242,3908,0.0,169.0,52961,65649,20032.0,5.13,0.0,39.87,5.4,1.16,0.0,5.13,3.64,763
PNB,Mar 2022,76242,3908,0.0,169.0,52961,65649,20032.0,5.13,0.0,39.87,5.4,1.16,0.0,5.13,3.64,763
PNB,Mar 2022,76242,3908,0.0,169.0,52961,65649,20032.0,5.13,0.0,39.87,5.4,1.16,0.0,5.13,3.64,763
PNB,Mar 2022,76242,3908,0.0,169.0,52961,65649,20032.0,5.13,0.0,39.87,5.4,1.16,0.0,5.13,3.64,763
JINDALSTEL,Mar 2020,37923,-400,6831.0,102.0,36824,89742,8814.0,-1.05,18.01,-1.24,1.15,0.42,1.81,-22.04,3.52,764
TVSMOTOR,Mar 2022,24355,731,2755.0,48.0,15827,26919,-1575.0,3.0,11.31,16.61,3.6,0.9,2.93,-2.15,3.49,765
BHEL,Mar 2016,25505,-706,-1357.0,490.0,211,65577,374.0,-2.77,-5.32,-2.18,0.01,0.39,-3.77,-0.53,3.39,766
RECLTD,Mar 2015,20544,5344,19395.0,987.0,150979,183456,-23898.0,26.01,94.41,21.31,6.02,0.11,1.64,-4.47,3.33,767
ADANIENT,Mar 2022,69420,788,3714.0,110.0,41604,101586,1385.0,1.14,5.35,3.54,1.87,0.68,1.47,1.76,3.27,768
BHARTIARTL,Mar 2019,80780,1688,25764.0,1999.0,125428,274026,20070.0,2.09,31.89,2.36,1.76,0.29,2.43,11.89,3.16,769
RECLTD,Mar 2024,47517,14145,47883.0,2633.0,445568,548191,-57723.0,29.77,100.77,20.4,6.42,0.09,1.6,-4.08,2.97,770
RECLTD,Mar 2016,24125,5691,22445.0,987.0,169212,206945,-13278.0,23.59,93.04,19.7,5.86,0.12,1.57,-2.33,2.92,771
TRENT,Mar 2021,2593,-181,114.0,36.0,300,5724,285.0,-6.98,4.4,-7.83,0.13,0.45,0.44,-1.57,2.89,772
BAJAJFINSV,Mar 2018,32862,4176,10788.0,80.0,65695,161514,-19580.0,12.71,32.83,20.39,3.21,0.2,2.38,-4.69,2.81,773
ADANIENSOL,Mar 2022,11258,1236,4206.0,1100.0,29902,47464,4097.0,10.98,37.36,12.47,3.02,0.24,1.78,3.31,2.46,774
KOTAKBANK,Mar 2015,13319,3105,9718.0,386.0,104258,148464,2302.0,23.31,72.96,14.01,4.71,0.09,1.19,0.74,2.42,775
ADANIENSOL,Mar 2019,7305,559,2778.0,1100.0,20137,32558,2591.0,7.65,38.03,6.95,2.5,0.22,2.0,4.64,2.4,776
TRENT,Mar 2022,4498,35,595.0,36.0,4725,7726,58.0,0.78,13.23,1.48,2.0,0.58,1.83,1.66,1.98,777
JINDALSTEL,Mar 2019,46966,-2412,8412.0,97.0,39559,89001,9027.0,-5.14,17.91,-7.52,1.23,0.53,1.97,-3.74,1.84,778
TATAPOWER,Mar 2021,32703,1439,6921.0,320.0,46708,98655,8345.0,4.4,21.16,6.45,2.09,0.33,1.73,5.8,1.77,779
M&M,Mar 2021,74278,1512,11487.0,555.0,80625,164968,17909.0,2.04,15.46,3.64,1.94,0.45,1.88,11.84,1.74,780
BAJFINANCE,Mar 2023,41411,11508,12693.0,121.0,216690,275226,-42112.0,27.79,30.65,21.17,3.99,0.15,-2538.6,-3.66,1.73,781
TATAPOWER,Mar 2022,42816,2156,7031.0,320.0,51195,112550,6693.0,5.04,16.42,9.61,2.28,0.38,1.82,3.1,1.73,781
ADANIENSOL,Mar 2023,13293,1281,4518.0,1115.0,34270,53932,3777.0,9.64,33.99,10.9,2.92,0.25,1.62,2.95,1.63,782
ADANIENSOL,Mar 2020,11416,706,4258.0,1100.0,24246,39711,5437.0,6.18,37.3,8.31,2.85,0.29,1.9,7.7,1.6,783
DLF,Mar 2020,6083,-590,1146.0,495.0,8103,55890,356.0,-9.7,18.84,-1.71,0.24,0.11,0.8,-0.6,1.28,784
BAJFINANCE,Mar 2022,31641,7028,11880.0,121.0,165232,212506,-37090.0,22.21,37.55,16.08,3.78,0.15,-698.82,-5.28,1.24,785
BAJFINANCE,Mar 2024,54972,14451,16099.0,124.0,293346,375742,-72760.0,26.29,29.29,18.84,3.82,0.15,2683.17,-5.03,1.23,786
BHEL,Mar 2020,21463,-1468,-133.0,696.0,5080,60291,-2892.0,-6.84,-0.62,-5.12,0.18,0.36,-0.22,1.97,1.13,787
ADANIENSOL,Mar 2024,16607,1196,5711.0,1115.0,37070,58538,6038.0,7.2,34.39,9.46,2.93,0.28,2.06,5.05,1.07,788
BAJAJFINSV,Mar 2021,60592,7367,19641.0,80.0,128461,279845,4547.0,12.16,32.42,20.56,3.59,0.22,2.12,0.62,1.04,789
TATAPOWER,Mar 2019,29881,2606,3070.0,270.0,48506,84073,4574.0,8.72,10.27,14.24,2.65,0.36,0.74,1.76,0.66,790
KOTAKBANK,Mar 2020,33474,8593,22578.0,957.0,326477,443173,46619.0,25.67,67.45,12.9,4.9,0.08,1.34,5.43,0.48,791
LODHA,Mar 2015,6236,798,1467.0,108.0,11852,27998,0.0,12.8,23.52,24.23,3.6,0.22,2.98,0.0,0.47,792
BAJFINANCE,Mar 2021,26673,4420,10839.0,120.0,131634,171470,-807.0,16.57,40.64,11.97,3.57,0.16,3613.0,-0.18,0.41,793
RECLTD,Mar 2023,39486,11167,37628.0,2633.0,380790,465503,-37360.0,28.28,95.29,19.21,6.55,0.08,1.59,-3.35,0.34,794
KOTAKBANK,Mar 2014,11986,2527,7053.0,385.0,85937,122197,9068.0,21.08,58.84,13.24,4.5,0.1,1.34,3.59,0.01,795
ADANIENSOL,Mar 2014,0,0,0.0,0.1,0,0,0.0,0.0,0.0,0.0,0.0,0.0,0.0,0.0,0.0,796
ADANIENT,Mar 2014,54947,2646,9383.0,110.0,71980,118102,8228.0,4.82,17.08,11.14,3.03,0.47,1.65,3.11,-0.14,797
KOTAKBANK,Mar 2018,25131,6258,16805.0,953.0,249840,337720,-10392.0,24.9,66.87,12.4,4.95,0.07,1.23,-1.66,-0.38,798
JINDALSTEL,Mar 2018,33286,-1616,6469.0,97.0,42962,89230,7724.0,-4.85,19.43,-5.32,1.41,0.37,1.67,-4.78,-0.42,799
TATAPOWER,Mar 2020,29136,1316,6805.0,270.0,51936,89674,7375.0,4.52,23.36,6.73,2.65,0.32,1.51,5.6,-0.63,800
LODHA,Mar 2016,8249,703,2126.0,108.0,13835,30981,387.0,8.52,25.77,17.69,3.48,0.27,2.15,0.55,-0.76,801
BAJFINANCE,Mar 2020,26374,5264,9159.0,120.0,129806,164391,-24412.0,19.96,34.73,16.28,4.02,0.16,1017.67,-4.64,-0.88,802
TATAPOWER,Mar 2018,26840,2611,2295.0,270.0,48589,81892,6364.0,9.73,8.55,15.92,2.96,0.33,0.61,2.44,-0.93,803
BAJAJFINSV,Mar 2023,82072,12210,29868.0,159.0,212265,405401,-39480.0,14.88,36.39,26.31,4.57,0.2,2.41,-3.23,-0.96,804
BAJAJFINSV,Mar 2019,42605,5374,15037.0,80.0,99754,208428,-27076.0,12.61,35.29,22.64,4.2,0.2,2.26,-5.04,-1.0,805
KOTAKBANK,Mar 2019,29831,7204,19758.0,954.0,291763,395171,1822.0,24.15,66.23,12.47,5.05,0.08,1.22,0.25,-1.03,806
M&M,Mar 2020,75382,-321,10158.0,554.0,82092,165716,-1457.0,-0.43,13.48,-0.8,2.05,0.45,1.69,4.54,-1.15,807
RECLTD,Mar 2022,39276,10036,34438.0,1975.0,333043,410860,-819.0,25.55,87.68,19.56,6.49,0.1,1.56,-0.08,-1.16,808
TATASTEEL,Mar 2016,101965,-497,-625.0,970.0,81987,176884,11455.0,-0.49,-0.61,-1.14,1.87,0.58,-0.15,-23.05,-1.24,809
BAJAJFINSV,Mar 2022,68406,8314,21455.0,80.0,161179,333413,-33670.0,12.15,31.36,20.66,4.0,0.21,2.23,-4.05,-1.34,810
JSWSTEEL,Mar 2016,41546,-481,6422.0,301.0,42204,81907,6897.0,-1.16,15.46,-2.54,2.23,0.51,1.78,-14.34,-1.46,811
ADANIENT,Mar 2015,64465,2298,12450.0,110.0,83571,130718,8532.0,3.56,19.31,8.93,3.25,0.49,1.76,3.71,-1.47,812
BAJAJFINSV,Mar 2020,54351,5994,18258.0,80.0,127212,251304,-23369.0,11.03,33.59,19.15,4.06,0.22,1.92,-3.9,-1.78,813
SHRIRAMFIN,Mar 2023,30492,6020,8799.0,374.0,164202,210573,-17625.0,19.74,28.86,13.84,3.77,0.14,0.68,-2.93,-1.89,814
BAJAJFINSV,Mar 2024,110382,15595,40886.0,159.0,288933,537415,-68674.0,14.13,37.04,25.85,4.79,0.21,2.2,-4.4,-2.1,815
SHRIRAMFIN,Mar 2024,36388,7399,10523.0,376.0,195496,248266,-31101.0,20.33,28.92,15.12,3.99,0.15,0.68,-4.2,-2.3,816
TATAPOWER,Mar 2015,33593,457,6301.0,270.0,40607,75185,5981.0,1.36,18.76,3.19,2.84,0.45,1.7,13.09,-2.4,817
KOTAKBANK,Mar 2017,22324,5019,14832.0,920.0,205230,276188,13222.0,22.48,66.44,13.04,5.33,0.08,1.27,2.63,-2.63,818
BAJFINANCE,Mar 2018,12746,2496,4115.0,115.0,66557,84798,-20566.0,19.58,32.28,15.75,4.2,0.15,411.5,-8.24,-2.67,819
TATAMOTORS,Mar 2020,261068,-11975,17987.0,720.0,124788,320179,26633.0,-4.59,6.89,-18.98,1.98,0.82,2.48,-2.22,-3.06,820
SHRIRAMFIN,Mar 2013,7009,1463,2179.0,227.0,33386,47274,-8359.0,20.87,31.09,19.94,4.55,0.15,0.7,-5.71,-3.08,821
TATASTEEL,Mar 2017,112299,-4169,13144.0,970.0,83014,172447,10824.0,-3.71,11.7,-11.02,2.2,0.65,2.59,-2.6,-3.14,822
TATASTEEL,Mar 2013,134712,-7272,3965.0,971.0,68529,146876,14035.0,-5.4,2.94,-21.28,2.01,0.92,1.0,-1.93,-3.4,823
TATASTEEL,Mar 2015,139504,-3939,3409.0,971.0,80701,159109,11880.0,-2.82,2.44,-12.56,2.57,0.88,0.7,-3.02,-3.64,824
ICICIBANK,Mar 2017,60940,11340,63841.0,1165.0,700874,985725,52636.0,18.61,104.76,10.84,6.7,0.06,1.22,4.64,-3.74,825
RECLTD,Mar 2018,22658,4451,19279.0,1975.0,204367,242370,-32510.0,19.64,85.09,13.66,6.27,0.09,1.45,-7.3,-3.97,826
ICICIBANK,Mar 2021,89163,20364,91309.0,1383.0,1103840,1573812,138015.0,22.84,102.41,12.92,7.0,0.06,1.27,6.78,-4.03,827
TATAPOWER,Mar 2013,33177,123,5595.0,237.0,37882,67257,3286.0,0.37,16.86,1.0,3.07,0.49,2.12,26.72,-4.24,828
ADANIGREEN,Mar 2017,502,-47,403.0,1274.0,4347,6160,28.0,-9.36,80.28,-3.91,3.61,0.08,1.21,-0.6,-4.31,829
ADANIPOWER,Mar 2021,26221,1270,8688.0,3857.0,52519,78806,7014.0,4.84,33.13,9.69,4.01,0.33,1.7,5.52,-4.36,830
RECLTD,Mar 2019,25408,5741,23705.0,1975.0,244249,298454,-35866.0,22.6,93.3,16.62,7.07,0.09,1.52,-6.25,-4.7,831
TATAPOWER,Mar 2014,35726,12,6916.0,237.0,40173,71383,6483.0,0.03,19.36,0.1,3.24,0.5,2.01,540.25,-4.79,832
KOTAKBANK,Mar 2013,10838,2238,6603.0,373.0,85561,115835,2878.0,20.65,60.92,14.66,5.6,0.09,1.29,1.29,-4.91,833
ICICIBANK,Mar 2023,121067,35461,87864.0,1397.0,1399894,1958490,-3771.0,29.29,72.57,16.53,6.53,0.06,1.35,-0.11,-4.95,834
ADANIENT,Mar 2013,46375,1218,6021.0,110.0,69332,111871,7666.0,2.63,12.98,5.69,3.24,0.41,1.72,6.29,-5.09,835
JINDALSTEL,Mar 2017,21603,-2538,4709.0,92.0,45850,90575,6850.0,-11.75,21.8,-8.45,1.53,0.24,1.37,-2.7,-5.16,836
JINDALSTEL,Mar 2015,19401,-1452,5464.0,91.0,45501,75537,1182.0,-7.48,28.16,-6.9,2.16,0.26,1.9,-0.81,-5.21,837
ICICIBANK,Mar 2022,95407,26538,80798.0,1390.0,1252968,1752637,58111.0,27.82,84.69,14.58,6.88,0.05,1.3,2.19,-5.38,838
TATAPOWER,Mar 2017,27588,1100,5473.0,270.0,48815,82829,7014.0,3.99,19.84,8.32,3.69,0.33,1.63,6.38,-6.04,839
ICICIBANK,Mar 2024,159516,46081,99560.0,1405.0,1651008,2364063,157284.0,28.89,62.41,17.99,6.45,0.07,1.3,3.41,-6.1,840
LODHA,Mar 2020,12443,742,1917.0,396.0,18423,40693,3772.0,5.96,15.41,16.3,4.05,0.31,2.59,5.08,-6.14,841
BAJFINANCE,Mar 2019,18487,3995,5454.0,115.0,101588,124233,-29062.0,21.61,29.5,20.28,5.16,0.15,419.54,-7.27,-6.16,842
TATAPOWER,Mar 2016,29494,786,2105.0,270.0,38849,70057,7415.0,2.66,7.14,6.76,3.34,0.42,0.65,9.43,-6.28,843
PNB,Mar 2021,81935,2695,0.0,168.0,59394,71333,30950.0,3.29,0.0,30.39,6.7,1.15,0.0,11.48,-6.31,844
PNB,Mar 2021,81935,2695,0.0,168.0,59394,71333,30950.0,3.29,0.0,30.39,6.7,1.15,0.0,11.48,-6.31,844
PNB,Mar 2021,81935,2695,0.0,168.0,59394,71333,30950.0,3.29,0.0,30.39,6.7,1.15,0.0,11.48,-6.31,844
PNB,Mar 2021,81935,2695,0.0,168.0,59394,71333,30950.0,3.29,0.0,30.39,6.7,1.15,0.0,11.48,-6.31,844
PNB,Mar 2021,81935,2695,0.0,168.0,59394,71333,30950.0,3.29,0.0,30.39,6.7,1.15,0.0,11.48,-6.31,844
IRFC,Mar 2019,11134,2255,11085.0,9380.0,173933,206604,-41748.0,20.25,99.56,9.01,6.95,0.05,1.35,-18.51,-6.32,845
LODHA,Mar 2017,7926,584,1614.0,113.0,16183,33931,1469.0,7.37,20.36,14.48,4.01,0.23,2.19,2.52,-6.34,846
BAJFINANCE,Mar 2017,9970,1836,3250.0,109.0,49250,63731,-10439.0,18.42,32.6,19.12,5.13,0.16,147.73,-5.69,-6.39,847
ICICIBANK,Mar 2018,62162,9100,72806.0,1286.0,815198,1124281,19383.0,14.64,117.12,8.23,7.37,0.06,1.28,2.13,-6.4,848
RECLTD,Mar 2021,35557,8378,32265.0,1975.0,329723,400867,-43512.0,23.56,90.74,19.14,7.53,0.09,1.5,-5.19,-6.52,849
BAJFINANCE,Mar 2016,7299,1279,2354.0,54.0,37025,46973,-9870.0,17.52,32.25,17.22,4.99,0.16,67.26,-7.72,-6.55,850
SHRIRAMFIN,Mar 2014,8476,1358,1999.0,227.0,38630,52332,-4055.0,16.02,23.58,15.96,4.54,0.16,0.47,-2.99,-6.79,851
BHEL,Mar 2021,17309,-2700,-3049.0,696.0,4951,55960,560.0,-15.6,-17.62,-10.39,0.19,0.31,-6.53,-0.21,-6.84,852
NAUKRI,Mar 2020,1312,-246,-350.0,122.0,77,2893,350.0,-18.75,-26.68,-11.21,0.04,0.45,-25.0,-1.42,-6.84,852
KOTAKBANK,Mar 2016,20402,3524,11541.0,917.0,179679,240804,5025.0,17.27,56.57,10.56,5.39,0.08,1.51,1.43,-6.95,853
JINDALSTEL,Mar 2016,19469,-3087,3437.0,91.0,46797,92398,4333.0,-15.86,17.65,-9.52,1.44,0.21,1.06,-1.4,-7.34,854
PNB,Mar 2017,48058,1239,0.0,166.0,35497,42960,21938.0,2.58,0.0,22.21,6.36,1.12,0.0,17.71,-7.69,855
PNB,Mar 2017,48058,1239,0.0,166.0,35497,42960,21938.0,2.58,0.0,22.21,6.36,1.12,0.0,17.71,-7.69,855
PNB,Mar 2017,48058,1239,0.0,166.0,35497,42960,21938.0,2.58,0.0,22.21,6.36,1.12,0.0,17.71,-7.69,855
PNB,Mar 2017,48058,1239,0.0,166.0,35497,42960,21938.0,2.58,0.0,22.21,6.36,1.12,0.0,17.71,-7.69,855
PNB,Mar 2017,48058,1239,0.0,166.0,35497,42960,21938.0,2.58,0.0,22.21,6.36,1.12,0.0,17.71,-7.69,855
PFC,Mar 2014,21407,5462,7607.0,1320.0,159215,194320,-22473.0,25.52,35.54,19.85,5.79,0.11,0.58,-4.11,-7.86,856
TATAMOTORS,Mar 2021,249795,-13395,32287.0,766.0,142131,341570,29001.0,-5.36,12.93,-24.25,2.57,0.73,3.99,-2.17,-7.93,857
LODHA,Mar 2019,11907,1644,3179.0,396.0,25641,49864,-463.0,13.81,26.7,42.8,6.68,0.24,5.6,-0.28,-8.17,858
LODHA,Mar 2018,9677,794,1682.0,396.0,22616,40251,696.0,8.21,17.38,15.41,4.39,0.24,4.31,0.88,-8.2,859
ADANIGREEN,Mar 2024,9220,1260,7318.0,1584.0,64858,88086,7713.0,13.67,79.37,12.81,6.6,0.1,1.46,6.12,-8.37,860
PFC,Mar 2016,27861,6184,9162.0,1320.0,200660,247220,-13298.0,22.2,32.88,17.16,5.57,0.11,0.55,-2.15,-8.93,861
IRFC,Mar 2020,13421,3192,13355.0,11880.0,234377,275504,-62701.0,23.78,99.51,10.54,7.74,0.05,1.31,-19.64,-8.94,862
PFC,Mar 2015,24988,6004,8429.0,1320.0,187795,228912,-21455.0,24.03,33.73,18.52,5.79,0.11,0.55,-3.57,-8.99,863
PFC,Mar 2013,17314,4438,5987.0,1320.0,139473,169330,-25102.0,25.63,34.58,18.74,5.89,0.1,0.54,-5.66,-9.0,864
TATAMOTORS,Mar 2019,301938,-28724,24664.0,679.0,106175,305703,18891.0,-9.51,8.17,-47.73,1.76,0.99,4.28,-0.66,-9.01,865
ICICIBANK,Mar 2016,59294,10927,52252.0,1163.0,671455,918756,23645.0,18.43,88.12,11.61,7.13,0.06,1.24,2.16,-9.04,866
BAJFINANCE,Mar 2015,5392,898,1752.0,50.0,26655,32780,-7064.0,16.65,32.49,18.71,5.55,0.16,67.38,-7.87,-9.08,867
SHRIRAMFIN,Mar 2022,19255,2721,3666.0,271.0,114846,142268,-8859.0,14.13,19.04,10.43,4.4,0.14,0.38,-3.26,-9.43,868
ICICIBANK,Mar 2015,54964,12942,38766.0,1160.0,597207,826079,-12273.0,23.55,70.53,15.28,7.05,0.07,1.1,-0.95,-9.62,869
BHARTIARTL,Mar 2021,100616,-12364,45279.0,2746.0,162785,344417,48205.0,-12.29,45.0,-20.97,2.76,0.29,3.0,-3.9,-9.81,870
ICICIBANK,Mar 2013,44885,10130,31684.0,1154.0,487659,674822,17494.0,22.57,70.59,14.73,7.09,0.07,1.08,1.73,-10.22,871
TATAMOTORS,Mar 2022,278454,-11309,24720.0,766.0,146449,329061,14283.0,-4.06,8.88,-25.38,3.29,0.85,2.65,-1.26,-10.55,872
HDFCBANK,Mar 2024,283649,65446,174196.0,760.0,3107503,4030194,19069.0,23.07,61.41,14.34,6.81,0.07,1.4,0.29,-10.65,873
ICICIBANK,Mar 2014,49479,11677,32852.0,1155.0,543055,747762,6765.0,23.6,66.4,15.28,7.11,0.07,1.09,0.58,-10.74,874
CHOLAFIN,Mar 2022,10148,2154,2926.0,164.0,69174,82478,-5571.0,21.23,28.83,18.3,5.88,0.12,34.83,-2.59,-11.04,875
CHOLAFIN,Mar 2017,4694,718,1322.0,156.0,24071,30598,-1468.0,15.3,28.16,16.71,5.6,0.15,440.67,-2.04,-11.28,876
SHRIRAMFIN,Mar 2017,10903,1266,1972.0,227.0,53080,74446,-2677.0,11.61,18.09,11.17,4.68,0.15,0.38,-2.11,-11.28,876
IRFC,Mar 2024,26645,6412,26513.0,13069.0,412039,485082,7914.0,24.06,99.5,13.04,8.38,0.05,1.32,1.23,-11.32,877
ICICIBANK,Mar 2019,71982,5689,83775.0,1289.0,891641,1238794,48671.0,7.9,116.38,4.98,7.8,0.06,1.41,8.56,-11.36,878
SHRIRAMFIN,Mar 2019,15536,2576,3801.0,227.0,87914,105419,-5535.0,16.58,24.47,16.14,5.51,0.15,0.5,-2.15,-11.42,879
SHRIRAMFIN,Mar 2021,17422,2499,3402.0,253.0,106546,129910,-4239.0,14.34,19.53,11.51,4.91,0.13,0.37,-1.7,-11.66,880
SHRIRAMFIN,Mar 2020,16561,2512,3565.0,227.0,94735,114266,-2464.0,15.17,21.53,13.85,5.22,0.14,0.43,-0.98,-11.75,881
SHRIRAMFIN,Mar 2018,13502,2549,3805.0,227.0,82131,97360,-13142.0,18.88,28.18,18.62,6.0,0.14,0.59,-5.16,-11.96,882
IRFC,Mar 2016,7507,849,7468.0,4526.0,87503,108400,-16378.0,11.31,99.48,7.37,7.59,0.07,1.35,-19.29,-11.97,883
LODHA,Mar 2021,5449,48,1383.0,396.0,18193,39308,2524.0,0.88,25.38,1.04,3.96,0.14,1.22,52.58,-12.09,884
SHRIRAMFIN,Mar 2016,10359,1184,1824.0,227.0,49790,68013,-5507.0,11.43,17.61,11.64,4.89,0.15,0.36,-4.65,-12.33,885
SHRIRAMFIN,Mar 2015,9177,1028,1691.0,227.0,46695,62154,-9611.0,11.2,18.43,11.09,5.04,0.15,0.36,-9.35,-13.14,886
RECLTD,Mar 2020,29942,4972,25961.0,1975.0,286289,347030,-32712.0,16.61,86.7,14.05,8.09,0.09,1.37,-6.58,-13.39,887
IRFC,Mar 2021,15771,4416,15657.0,13069.0,323145,380482,-89907.0,28.0,99.28,12.3,9.0,0.04,1.39,-20.36,-13.85,888
ICICIBANK,Mar 2020,84836,11225,85361.0,1295.0,1014636,1377292,79565.0,13.23,100.62,9.13,8.25,0.06,1.31,7.09,-14.18,889
CHOLAFIN,Mar 2016,4214,575,1266.0,156.0,22546,27889,-2809.0,13.64,30.04,15.67,6.14,0.15,633.0,-4.89,-14.33,890
IRFC,Mar 2015,6939,758,6905.0,3584.0,71270,87647,0.0,10.92,99.51,8.73,8.21,0.08,1.38,0.0,-14.6,891
IRFC,Mar 2022,20299,6090,20177.0,13069.0,388440,449980,-64412.0,30.0,99.4,14.85,9.47,0.05,1.43,-10.58,-14.76,892
HDFCBANK,Mar 2022,135936,38151,56557.0,555.0,1784970,2122934,-11960.0,28.07,41.61,15.43,7.22,0.06,1.78,-0.31,-15.23,893
ADANIGREEN,Mar 2023,7776,973,4970.0,1584.0,54223,66909,7265.0,12.51,63.91,13.32,7.42,0.12,1.71,7.47,-15.39,894
IRFC,Mar 2023,23722,6167,23588.0,13069.0,418935,490359,-28588.0,26.0,99.44,13.8,9.38,0.05,1.35,-4.64,-15.62,895
LODHA,Mar 2011,2173,264,510.0,108.0,5596,9478,0.0,12.15,23.47,35.48,7.52,0.23,1.8,0.0,-15.77,896
CHOLAFIN,Mar 2023,12884,2665,3621.0,164.0,97358,113627,-27105.0,20.68,28.1,18.58,6.79,0.11,16.46,-10.17,-15.94,897
HDFCBANK,Mar 2021,128552,31857,52457.0,551.0,1511418,1799507,42476.0,24.78,40.81,15.18,7.2,0.07,1.92,1.33,-16.04,898
INDUSINDBK,Mar 2024,45748,8950,17638.0,778.0,432404,514935,-16843.0,19.56,38.55,14.25,6.89,0.09,1.88,-1.88,-16.22,899
INDUSINDBK,Mar 2016,11872,2286,4188.0,595.0,117996,142897,-2927.0,19.26,35.28,12.92,6.67,0.08,1.27,-1.28,-16.4,900
INDUSINDBK,Mar 2023,36368,7390,15525.0,776.0,385449,457804,-12438.0,20.32,42.69,13.53,7.06,0.08,1.9,-1.68,-16.42,901
CHOLAFIN,Mar 2021,9583,1521,2913.0,164.0,63730,74644,-8848.0,15.87,30.4,15.84,6.64,0.13,52.02,-5.82,-16.45,902
HDFCBANK,Mar 2023,170754,46149,63042.0,558.0,2139212,2530432,20814.0,27.03,36.92,15.94,7.39,0.07,1.86,0.45,-16.98,903
CHOLAFIN,Mar 2024,19163,3420,5385.0,168.0,134475,156686,-35683.0,17.85,28.1,17.46,6.86,0.12,21.12,-10.43,-17.18,904
IRFC,Mar 2018,9267,2055,9229.0,6526.0,134006,161468,-28076.0,22.18,99.59,14.75,9.62,0.06,1.39,-13.66,-17.31,905
HDFCBANK,Mar 2019,105161,22446,34856.0,545.0,1080235,1292806,-62872.0,21.34,33.15,14.61,7.03,0.08,1.84,-2.8,-17.6,906
INDUSINDBK,Mar 2022,30822,4611,15840.0,775.0,341005,401975,16600.0,14.96,51.39,9.67,7.15,0.08,2.16,3.6,-17.63,907
INDUSINDBK,Mar 2017,14406,2868,5684.0,598.0,149026,178648,11569.0,19.91,39.46,13.89,7.22,0.08,1.36,4.03,-17.86,908
PFC,Mar 2017,27581,2236,5275.0,2640.0,202993,259537,1795.0,8.11,19.13,6.07,5.51,0.11,0.31,0.8,-18.23,909
BHARTIARTL,Mar 2020,87539,-30664,36610.0,2728.0,148228,359091,18129.0,-35.03,41.82,-39.75,1.92,0.24,2.62,-0.59,-18.32,910
IRFC,Mar 2017,9047,934,9021.0,6526.0,106395,129650,-19455.0,10.32,99.71,7.78,8.86,0.07,1.31,-20.83,-18.39,911
INDUSINDBK,Mar 2021,29000,2836,15997.0,773.0,307528,362973,44646.0,9.78,55.16,6.54,7.09,0.08,2.44,15.74,-18.81,912
PFC,Mar 2024,91508,26461,33573.0,3300.0,861961,1038877,-97820.0,28.92,36.69,26.16,8.52,0.09,0.58,-3.7,-18.83,913
HDFCBANK,Mar 2020,122189,27296,45459.0,548.0,1333041,1580830,-16869.0,22.34,37.2,15.48,7.56,0.08,1.83,-0.62,-18.93,914
CHOLAFIN,Mar 2020,8712,1054,2421.0,164.0,55005,64058,-2075.0,12.1,27.79,12.85,6.71,0.14,0.0,-1.97,-19.01,915
ADANIGREEN,Mar 2020,2549,-68,1450.0,1564.0,14866,18424,1965.0,-2.67,56.89,-2.89,6.31,0.14,1.46,-28.9,-19.61,916
IRFC,Mar 2014,6197,701,6178.0,3352.0,69917,83930,0.0,11.31,99.69,9.27,9.25,0.07,1.34,0.0,-19.65,917
IRFC,Mar 2013,5550,522,5528.0,2352.0,58753,70755,0.0,9.41,99.6,8.16,9.19,0.08,1.36,0.0,-20.03,918
INDUSINDBK,Mar 2020,28783,4418,12611.0,694.0,262793,307058,-12039.0,15.35,43.81,12.73,7.57,0.09,1.81,-2.72,-20.08,919
ADANIPOWER,Mar 2016,25377,551,8802.0,3334.0,52729,75794,5257.0,2.17,34.68,7.38,7.06,0.33,1.58,9.54,-20.66,920
CHOLAFIN,Mar 2018,5559,918,1451.0,156.0,38330,44167,-7926.0,16.51,26.1,17.91,7.48,0.13,0.0,-8.63,-20.73,921
CHOLAFIN,Mar 2015,3715,444,1061.0,144.0,19950,23868,-2264.0,11.95,28.56,16.6,7.46,0.16,0.0,-5.1,-21.22,922
INDUSINDBK,Mar 2018,17281,3606,6555.0,600.0,189928,221626,-20700.0,20.87,37.93,15.13,7.97,0.08,1.38,-5.74,-21.31,923
PFC,Mar 2023,77684,21179,26501.0,2640.0,751158,896112,-74717.0,27.26,34.11,25.17,8.93,0.09,0.56,-3.53,-22.11,924
HDFCBANK,Mar 2015,50666,10703,16164.0,501.0,509762,607097,-21281.0,21.12,31.9,16.95,8.07,0.08,1.69,-1.99,-22.4,925
HDFCBANK,Mar 2017,73271,15317,23856.0,513.0,741550,892344,17282.0,20.9,32.56,16.69,8.08,0.08,1.85,1.13,-22.46,926
AXISBANK,Mar 2024,109369,24861,37943.0,617.0,1295302,1518239,-5555.0,22.73,34.69,15.83,8.25,0.07,1.69,-0.22,-22.83,927
CHOLAFIN,Mar 2013,2570,308,688.0,143.0,15269,18228,-3754.0,11.98,26.77,15.78,7.82,0.14,688.0,-12.19,-23.92,928
CHOLAFIN,Mar 2014,3279,368,932.0,143.0,18075,21544,-2447.0,11.22,28.42,16.09,7.9,0.15,932.0,-6.65,-23.93,929
CHOLAFIN,Mar 2019,7108,1197,1632.0,156.0,50567,57490,-9317.0,16.84,22.96,19.28,8.15,0.12,1632.0,-7.78,-24.36,930
PFC,Mar 2022,76262,18768,23338.0,2640.0,660476,791000,4904.0,24.61,30.6,26.18,9.21,0.1,0.52,0.26,-24.42,931
HDFCBANK,Mar 2018,85288,18561,29532.0,519.0,944817,1103186,17214.0,21.76,34.63,16.94,8.62,0.08,1.84,0.93,-24.45,932
ADANIGREEN,Mar 2019,2058,-475,1526.0,1564.0,11142,14658,1625.0,-23.08,74.15,-24.57,5.76,0.14,1.36,-3.42,-25.01,933
INDUSINDBK,Mar 2014,8254,1408,2555.0,526.0,75264,87026,-4106.0,17.06,30.95,15.57,8.32,0.09,1.35,-2.92,-25.12,934
AXISBANK,Mar 2022,67377,13025,29962.0,614.0,1020943,1195779,28137.0,19.33,44.47,11.01,8.63,0.06,1.97,2.16,-25.22,935
AXISBANK,Mar 2021,63346,6588,31749.0,613.0,850551,1001005,12633.0,10.4,50.12,6.36,8.21,0.06,2.59,1.92,-25.62,936
ADANIPOWER,Mar 2014,15328,-291,4593.0,2872.0,44150,58739,3238.0,-1.9,29.96,-4.45,6.75,0.26,1.1,-11.13,-25.67,937
ADANIPOWER,Mar 2019,23884,-984,4983.0,3857.0,46980,67985,5610.0,-4.12,20.86,-12.76,6.09,0.35,0.88,-5.7,-25.89,938
HDFCBANK,Mar 2016,63162,12821,20055.0,506.0,649587,762212,-34435.0,20.3,31.75,17.25,8.74,0.08,1.79,-2.69,-25.9,939
AXISBANK,Mar 2014,30641,6218,9644.0,470.0,333280,386350,14464.0,20.29,31.47,16.19,8.68,0.08,1.3,2.33,-25.98,940
INDUSINDBK,Mar 2013,6983,1061,1947.0,523.0,63576,73307,-486.0,15.19,27.88,13.91,8.33,0.1,1.43,-0.46,-26.6,941
AXISBANK,Mar 2016,40988,8224,13367.0,477.0,472150,546387,-34495.0,20.06,32.61,15.36,8.82,0.08,1.43,-4.19,-26.76,942
HDFCBANK,Mar 2013,35861,6903,12631.0,476.0,335588,407723,-5847.0,19.25,35.22,18.84,9.16,0.09,1.77,-0.85,-26.94,943
INDUSINDBK,Mar 2015,9692,1794,3133.0,529.0,94752,111787,-1421.0,18.51,32.33,16.85,8.9,0.09,1.23,-0.79,-27.0,944
AXISBANK,Mar 2015,35479,7358,11127.0,474.0,406638,467243,-15162.0,20.74,31.36,16.37,9.05,0.08,1.33,-2.06,-27.68,945
AXISBANK,Mar 2013,27183,5179,8313.0,468.0,296254,340558,2573.0,19.05,30.58,15.62,8.93,0.08,1.27,0.5,-27.89,946
INDUSINDBK,Mar 2019,22261,3301,9283.0,603.0,242189,277819,-6389.0,14.83,41.7,12.37,9.08,0.08,1.64,-1.94,-28.44,947
HDFCBANK,Mar 2014,42555,8768,13508.0,480.0,416677,503620,4211.0,20.6,31.74,19.85,9.43,0.08,1.63,0.48,-28.5,948
ADANIGREEN,Mar 2018,1480,-138,843.0,1564.0,9864,15709,649.0,-9.32,56.96,-10.29,7.36,0.09,1.53,-4.7,-29.48,949
PNB,Mar 2020,54918,485,0.0,168.0,67736,78874,-12793.0,0.88,0.0,6.1,8.52,0.7,0.0,-26.38,-30.05,950
PNB,Mar 2020,54918,485,0.0,168.0,67736,78874,-12793.0,0.88,0.0,6.1,8.52,0.7,0.0,-26.38,-30.05,950
PNB,Mar 2020,54918,485,0.0,168.0,67736,78874,-12793.0,0.88,0.0,6.1,8.52,0.7,0.0,-26.38,-30.05,950
PNB,Mar 2020,54918,485,0.0,168.0,67736,78874,-12793.0,0.88,0.0,6.1,8.52,0.7,0.0,-26.38,-30.05,950
PNB,Mar 2020,54918,485,0.0,168.0,67736,78874,-12793.0,0.88,0.0,6.1,8.52,0.7,0.0,-26.38,-30.05,950
ADANIENSOL,Mar 2015,131,-7,101.0,1090.0,9701,11492,-35.0,-5.34,77.1,-0.65,8.96,0.01,1.38,5.0,-30.76,951
AXISBANK,Mar 2017,44542,3679,23808.0,479.0,527437,611462,32209.0,8.26,53.45,6.53,9.36,0.07,2.04,8.75,-31.04,952
AXISBANK,Mar 2023,85164,9580,29089.0,615.0,1152038,1344418,22075.0,11.25,34.16,7.38,8.88,0.06,1.8,2.3,-31.64,953
AXISBANK,Mar 2020,62635,1627,35066.0,564.0,797337,927872,30416.0,2.6,55.98,1.88,9.23,0.07,2.26,18.69,-32.69,954
AXISBANK,Mar 2018,45780,276,28895.0,513.0,611425,703703,-38390.0,0.6,63.12,0.43,9.52,0.07,2.63,-139.09,-33.65,955
PFC,Mar 2021,71656,15716,19871.0,2640.0,659682,775707,-59143.0,21.93,27.73,25.86,10.86,0.09,0.44,-3.76,-34.16,956
ADANIPOWER,Mar 2015,18683,-816,4678.0,2872.0,44742,58474,5824.0,-4.37,25.04,-14.25,7.82,0.32,0.96,-7.14,-34.66,957
ADANIGREEN,Mar 2021,3124,182,2241.0,1564.0,24209,28692,1601.0,5.83,71.73,8.27,11.0,0.11,1.15,8.8,-35.07,958
PFC,Mar 2019,54106,12640,17783.0,2640.0,539488,628869,-80252.0,23.36,32.87,26.82,11.45,0.09,0.51,-6.35,-35.44,959
AXISBANK,Mar 2019,54986,4677,27155.0,514.0,711996,814046,37125.0,8.51,49.39,6.9,10.5,0.07,2.07,7.94,-37.37,960
PFC,Mar 2018,48624,8797,11752.0,2640.0,441151,522531,-57148.0,18.09,24.17,22.08,11.07,0.09,0.39,-6.5,-38.02,961
BANKBARODA,Mar 2024,118379,18869,44379.0,1036.0,1453761,1654775,-6274.0,15.94,37.49,15.76,12.14,0.07,1.9,-0.33,-43.44,962
PFC,Mar 2020,62189,9477,14012.0,2640.0,596561,694521,-42148.0,15.24,22.53,19.18,12.08,0.09,0.34,-4.45,-44.98,963
ADANIPOWER,Mar 2020,26468,-2275,5734.0,3857.0,55199,75025,5598.0,-8.6,21.66,-35.1,8.52,0.35,1.08,-2.46,-45.7,964
BANKBARODA,Mar 2023,94503,15005,38231.0,1036.0,1342592,1525871,-21354.0,15.88,40.45,14.28,12.78,0.06,2.35,-1.42,-46.66,965
INDIGO,Mar 2021,14641,-6171,14638.0,48.0,9,811,-1620.0,-42.15,99.98,-1094.15,0.02,18.05,14.13,0.26,-48.14,966
BANKBARODA,Mar 2022,73385,7933,37518.0,1036.0,1185331,1340121,6210.0,10.81,51.12,8.64,12.9,0.05,2.61,0.78,-48.23,967
BANKBARODA,Mar 2021,74314,1620,38070.0,1036.0,1067173,1202667,-887.0,2.18,51.23,1.97,12.95,0.06,2.59,-0.55,-52.47,968
UNIONBANK,Mar 2024,100376,13797,4590.0,7634.0,1251568,1401996,19930.0,13.75,4.57,14.14,12.82,0.07,0.07,1.44,-54.46,969
BANKBARODA,Mar 2019,52906,1166,25815.0,530.0,734456,819670,-1449.0,2.2,48.79,2.12,13.35,0.06,3.27,-1.24,-54.91,970
CANBK,Mar 2024,110519,15401,46146.0,1814.0,1369780,1535018,15046.0,13.94,41.75,16.72,14.87,0.07,1.61,0.98,-56.45,971
BANKBARODA,Mar 2020,78895,981,40583.0,925.0,1068981,1199935,18531.0,1.24,51.44,1.29,14.05,0.07,3.33,18.89,-58.22,972
CANBK,Mar 2023,85885,11345,42772.0,1814.0,1237160,1381030,-39978.0,13.21,49.8,14.53,15.85,0.06,1.69,-3.52,-60.73,973
BANKBARODA,Mar 2013,36442,4829,10950.0,423.0,509192,559387,23196.0,13.25,30.05,14.51,15.3,0.07,2.43,4.8,-61.77,974
BANKBARODA,Mar 2018,46056,-1836,26093.0,530.0,672311,747796,-59692.0,-3.99,56.65,-3.94,14.44,0.06,3.26,32.51,-62.15,975
BANKBARODA,Mar 2017,44473,1855,19250.0,462.0,648499,719216,17865.0,4.17,43.28,4.31,15.06,0.06,2.43,9.63,-63.41,976
CANBK,Mar 2013,34070,2995,7217.0,443.0,376040,419324,8010.0,8.79,21.18,11.9,14.94,0.08,2.18,2.67,-63.5,977
CANBK,Mar 2022,70614,6158,41235.0,1814.0,1132626,1258789,919.0,8.72,58.39,8.8,16.19,0.06,1.74,0.15,-63.55,978
CANBK,Mar 2014,39570,2672,9636.0,461.0,447913,501090,14244.0,6.75,24.35,8.85,14.84,0.08,2.33,5.33,-63.79,979
CANBK,Mar 2017,41457,1411,15691.0,597.0,534858,596159,2575.0,3.4,37.85,4.07,15.42,0.07,2.0,1.82,-66.41,980
CANBK,Mar 2015,43813,2931,10302.0,475.0,499488,558558,6344.0,6.69,23.51,9.02,15.37,0.08,2.18,2.16,-66.57,981
BANKBARODA,Mar 2016,45799,-5033,25391.0,462.0,620536,691173,-10011.0,-10.99,55.44,-11.84,14.6,0.07,4.24,1.99,-67.16,982
BANKBARODA,Mar 2015,44915,3950,13466.0,444.0,665483,733966,17838.0,8.79,29.98,9.4,15.84,0.06,2.47,4.52,-67.29,983
BANKBARODA,Mar 2014,40463,5036,12049.0,431.0,616973,676104,42233.0,12.45,29.78,13.31,16.3,0.06,2.17,8.39,-67.54,984
UNIONBANK,Mar 2023,81163,8512,-3024.0,6835.0,1163059,1288357,6056.0,10.49,-3.73,10.8,14.76,0.06,-0.06,0.71,-67.78,985
CANBK,Mar 2018,41345,-3873,25582.0,733.0,563756,631435,-11120.0,-9.37,61.87,-10.5,15.28,0.07,3.46,2.87,-68.47,986
ADANIPOWER,Mar 2013,6692,-2295,960.0,2393.0,41795,54688,3001.0,-34.29,14.35,-53.46,9.74,0.12,0.56,-1.31,-68.64,987
CANBK,Mar 2021,70253,2957,43437.0,1647.0,1060998,1179540,59118.0,4.21,61.83,4.74,17.0,0.06,1.88,19.99,-69.26,988
CANBK,Mar 2020,49759,-1921,26809.0,1030.0,668170,741440,-5289.0,-3.86,53.88,-4.66,16.22,0.07,2.27,2.75,-71.64,989
CANBK,Mar 2019,47951,696,27202.0,753.0,640166,711783,18237.0,1.45,56.73,1.85,16.99,0.07,2.75,26.2,-71.64,989
CANBK,Mar 2016,44039,-2535,17785.0,543.0,506712,563725,9346.0,-5.76,40.38,-7.82,15.63,0.08,3.38,-3.69,-72.66,990
UNIONBANK,Mar 2022,68230,5265,-4213.0,6835.0,1085613,1193766,36339.0,7.72,-6.17,7.43,15.32,0.06,-0.1,6.9,-72.77,991
UNIONBANK,Mar 2021,69311,2863,-11071.0,6407.0,977576,1082377,20527.0,4.13,-15.97,4.42,15.1,0.06,-0.25,7.17,-75.44,992
UNIONBANK,Mar 2013,25169,2146,325.0,597.0,287589,312912,-4245.0,8.53,1.29,12.39,16.61,0.08,0.02,-1.98,-75.74,993
ADANIGREEN,Mar 2022,5133,489,3512.0,1564.0,52832,58954,3127.0,9.53,68.42,18.71,20.21,0.09,1.34,6.39,-78.02,994
UNIONBANK,Mar 2016,32316,1347,-1928.0,687.0,374754,407365,81.0,4.17,-5.97,5.84,16.26,0.08,-0.08,0.06,-78.5,995
PNB,Mar 2019,52147,-9550,0.0,167.0,71859,83750,-33532.0,-18.31,0.0,-128.45,9.66,0.62,0.0,3.51,-82.11,996
PNB,Mar 2019,52147,-9550,0.0,167.0,71859,83750,-33532.0,-18.31,0.0,-128.45,9.66,0.62,0.0,3.51,-82.11,996
PNB,Mar 2019,52147,-9550,0.0,167.0,71859,83750,-33532.0,-18.31,0.0,-128.45,9.66,0.62,0.0,3.51,-82.11,996
PNB,Mar 2019,52147,-9550,0.0,167.0,71859,83750,-33532.0,-18.31,0.0,-128.45,9.66,0.62,0.0,3.51,-82.11,996
PNB,Mar 2019,52147,-9550,0.0,167.0,71859,83750,-33532.0,-18.31,0.0,-128.45,9.66,0.62,0.0,3.51,-82.11,996
UNIONBANK,Mar 2014,29394,1687,-902.0,630.0,327078,355013,2570.0,5.74,-3.07,9.05,17.55,0.08,-0.04,1.52,-83.01,997
UNIONBANK,Mar 2020,37479,-3121,-9523.0,3423.0,505150,555509,-77.0,-8.33,-25.41,-9.18,14.86,0.07,-0.37,0.02,-83.17,998
UNIONBANK,Mar 2015,32164,1771,-973.0,636.0,352618,383566,-3567.0,5.51,-3.03,8.9,17.72,0.08,-0.04,-2.01,-83.96,999
PNB,Mar 2016,50804,-3510,0.0,127.0,26014,29671,14167.0,-6.91,0.0,-163.56,12.12,1.71,0.0,-4.04,-85.75,1000
PNB,Mar 2016,50804,-3510,0.0,127.0,26014,29671,14167.0,-6.91,0.0,-163.56,12.12,1.71,0.0,-4.04,-85.75,1000
PNB,Mar 2016,50804,-3510,0.0,127.0,26014,29671,14167.0,-6.91,0.0,-163.56,12.12,1.71,0.0,-4.04,-85.75,1000
PNB,Mar 2016,50804,-3510,0.0,127.0,26014,29671,14167.0,-6.91,0.0,-163.56,12.12,1.71,0.0,-4.04,-85.75,1000
PNB,Mar 2016,50804,-3510,0.0,127.0,26014,29671,14167.0,-6.91,0.0,-163.56,12.12,1.71,0.0,-4.04,-85.75,1000
UNIONBANK,Mar 2017,32817,573,-4830.0,687.0,418420,455681,-6624.0,1.75,-14.72,2.38,17.37,0.07,-0.2,-11.56,-87.59,1001
PNB,Mar 2018,48725,-12111,0.0,167.0,53777,63018,-1742.0,-24.86,0.0,-184.37,8.19,0.77,0.0,0.14,-90.93,1002
PNB,Mar 2018,48725,-12111,0.0,167.0,53777,63018,-1742.0,-24.86,0.0,-184.37,8.19,0.77,0.0,0.14,-90.93,1002
PNB,Mar 2018,48725,-12111,0.0,167.0,53777,63018,-1742.0,-24.86,0.0,-184.37,8.19,0.77,0.0,0.14,-90.93,1002
PNB,Mar 2018,48725,-12111,0.0,167.0,53777,63018,-1742.0,-24.86,0.0,-184.37,8.19,0.77,0.0,0.14,-90.93,1002
PNB,Mar 2018,48725,-12111,0.0,167.0,53777,63018,-1742.0,-24.86,0.0,-184.37,8.19,0.77,0.0,0.14,-90.93,1002
UNIONBANK,Mar 2019,34314,-2922,-8601.0,1763.0,460780,498581,-7778.0,-8.52,-25.07,-10.89,17.17,0.07,-0.36,2.66,-95.21,1003
UNIONBANK,Mar 2018,32952,-5212,-11700.0,1169.0,455969,491120,6097.0,-15.82,-35.51,-20.64,18.06,0.07,-0.5,-1.17,-106.5,1004
ADANIPOWER,Mar 2017,22616,-6174,5980.0,3857.0,52484,71511,4725.0,-27.3,26.44,-205.8,17.49,0.32,1.01,-0.77,-145.93,1005
ADANIPOWER,Mar 2018,20304,-2103,5436.0,3857.0,52835,69528,5101.0,-10.36,26.77,-236.56,59.43,0.29,0.98,-2.43,-361.0,1006
LICI,Mar 2020,628043,2710,-6947.0,100.0,253414,3499834,54367.0,0.43,-1.11,270.46,252.91,0.18,0.0,20.06,-1180.83,1007
LICI,Mar 2019,571508,2627,5920.0,100.0,269401,3427249,13274.0,0.46,1.04,324.32,332.59,0.17,0.0,5.05,-1562.78,1008
