id,company_id,year,net_profit_margin_pct,operating_profit_margin_pct,return_on_equity_pct,debt_to_equity,interest_coverage,asset_turnover,free_cash_flow_cr,capex_cr,earnings_per_share,book_value_per_share,dividend_payout_ratio_pct,total_debt_cr,cash_from_operations_cr,Revenue CAGR (%),Net Profit CAGR (%),EPS CAGR (%),Asset CAGR (%),Operating Cash Ratio,Investment Ratio,Financing Ratio,Free Cash Flow Indicator,Cash Quality Score,Cashflow Rank
1,ABB,Dec 2012,8.77,12.0,22.41,0.0,,1.8225,42.0,59.0,68.0,3.081,25.0,0,101.0,11.44,19.94,19.98,15.41,0.7,-0.58,-0.42,42.0,88.0,339
2,ABB,Mar 2014,8.7,12.0,25.13,0.0,,1.9982,11.0,144.0,93.0,3.7524,25.0,0,155.0,11.44,19.94,19.98,15.41,0.78,-0.93,-0.27,11.0,91.2,331
2,ABB,Mar 2014,8.7,12.0,25.13,0.0,,1.9982,11.0,144.0,93.0,3.7524,25.0,0,155.0,11.44,19.94,19.98,15.41,0.0,0.0,0.0,0.0,0.0,473
3,ABB,Mar 2014,8.7,12.0,25.13,0.0,,1.9982,0.0,0.0,93.0,3.7524,25.0,0,0.0,11.44,19.94,19.98,15.41,0.78,-0.93,-0.27,11.0,91.2,331
3,ABB,Mar 2014,8.7,12.0,25.13,0.0,,1.9982,0.0,0.0,93.0,3.7524,25.0,0,0.0,11.44,19.94,19.98,15.41,0.0,0.0,0.0,0.0,0.0,473
4,ABB,Mar 2015,10.0,14.0,24.44,0.0,,1.6659,28.0,187.0,108.0,4.4619,29.0,0,215.0,11.44,19.94,19.98,15.41,0.94,-0.87,-0.27,28.0,97.6,314
4,ABB,Mar 2015,10.0,14.0,24.44,0.0,,1.6659,28.0,187.0,108.0,4.4619,29.0,0,215.0,11.44,19.94,19.98,15.41,-0.15,53.26,-54.34,-1899.0,-6.0,480
6,ABB,Mar 2016,9.76,14.0,21.34,0.0,138.3333,1.6176,172.0,77.0,120.0,5.6905,29.0,0,249.0,11.44,19.94,19.98,15.41,6.05,-0.53,-0.47,728.0,302.0,74
6,ABB,Mar 2016,9.76,14.0,21.34,0.0,138.3333,1.6176,172.0,77.0,120.0,5.6905,29.0,0,249.0,11.44,19.94,19.98,15.41,0.98,-0.31,-0.32,172.0,99.2,310
7,ABB,Mar 2016,9.76,14.0,21.34,0.0,138.3333,1.6176,728.0,816.0,120.0,5.6905,29.0,0,1544.0,11.44,19.94,19.98,15.41,6.05,-0.53,-0.47,728.0,302.0,74
7,ABB,Mar 2016,9.76,14.0,21.34,0.0,138.3333,1.6176,728.0,816.0,120.0,5.6905,29.0,0,1544.0,11.44,19.94,19.98,15.41,0.98,-0.31,-0.32,172.0,99.2,310
8,ABB,Mar 2017,9.54,14.0,19.97,0.0,227.5,1.4051,152.0,155.0,130.0,6.6048,31.0,0,307.0,11.44,19.94,19.98,15.41,7.9,-0.79,-0.21,459.0,376.0,49
8,ABB,Mar 2017,9.54,14.0,19.97,0.0,227.5,1.4051,152.0,155.0,130.0,6.6048,31.0,0,307.0,11.44,19.94,19.98,15.41,1.11,-0.5,-0.29,152.0,104.4,295
9,ABB,Mar 2017,9.54,14.0,19.97,0.0,227.5,1.4051,459.0,1730.0,130.0,6.6048,31.0,0,2189.0,11.44,19.94,19.98,15.41,7.9,-0.79,-0.21,459.0,376.0,49
9,ABB,Mar 2017,9.54,14.0,19.97,0.0,227.5,1.4051,459.0,1730.0,130.0,6.6048,31.0,0,2189.0,11.44,19.94,19.98,15.41,1.11,-0.5,-0.29,152.0,104.4,295
12,ABB,Mar 2019,12.23,16.0,22.41,0.0,359.0,1.2509,242.0,257.0,212.0,9.5619,31.0,0,499.0,11.44,19.94,19.98,15.41,5.76,-1.18,0.01,-459.0,230.4,113
12,ABB,Mar 2019,12.23,16.0,22.41,0.0,359.0,1.2509,242.0,257.0,212.0,9.5619,31.0,0,499.0,11.44,19.94,19.98,15.41,1.11,-0.52,-0.29,242.0,104.4,295
14,ABB,Mar 2020,14.49,18.0,24.39,0.072,96.7778,1.1539,225.0,401.0,279.0,11.5762,90.0,175,626.0,11.44,19.94,19.98,15.41,9.17,-1.04,0.23,-206.0,366.8,50
14,ABB,Mar 2020,14.49,18.0,24.39,0.072,96.7778,1.1539,225.0,401.0,279.0,11.5762,90.0,175,626.0,11.44,19.94,19.98,15.41,1.06,-0.64,-0.35,225.0,102.4,301
16,ABB,Mar 2021,16.03,21.0,26.56,0.0588,55.7222,1.1224,655.0,72.0,325.0,12.3905,85.0,153,727.0,11.44,19.94,19.98,15.41,5.48,-1.06,-0.2,-225.0,219.2,121
16,ABB,Mar 2021,16.03,21.0,26.56,0.0588,55.7222,1.1224,655.0,72.0,325.0,12.3905,85.0,153,727.0,11.44,19.94,19.98,15.41,1.05,-0.1,-0.8,655.0,102.0,302
18,ABB,Mar 2022,16.26,22.0,28.33,0.0539,61.3158,1.1631,552.0,396.0,376.0,13.4286,73.0,152,948.0,11.44,19.94,19.98,15.41,5.13,-0.96,-0.06,161.0,265.2,91
18,ABB,Mar 2022,16.26,22.0,28.33,0.0539,61.3158,1.1631,552.0,396.0,376.0,13.4286,73.0,152,948.0,11.44,19.94,19.98,15.41,1.19,-0.42,-0.67,552.0,107.6,287
19,ABB,Mar 2022,16.26,22.0,28.33,0.0539,61.3158,1.1631,161.0,3936.0,376.0,13.4286,73.0,152,4097.0,11.44,19.94,19.98,15.41,5.13,-0.96,-0.06,161.0,265.2,91
19,ABB,Mar 2022,16.26,22.0,28.33,0.0539,61.3158,1.1631,161.0,3936.0,376.0,13.4286,73.0,152,4097.0,11.44,19.94,19.98,15.41,1.19,-0.42,-0.67,552.0,107.6,287
20,ABB,Mar 2023,17.74,23.0,29.77,0.0354,85.0,1.1741,745.0,148.0,447.0,15.181,73.0,113,893.0,11.44,19.94,19.98,15.41,3.98,-1.24,0.24,-922.0,159.2,173
20,ABB,Mar 2023,17.74,23.0,29.77,0.0354,85.0,1.1741,745.0,148.0,447.0,15.181,73.0,113,893.0,11.44,19.94,19.98,15.41,0.94,-0.17,-0.72,745.0,97.6,314
22,ABB,Mar 2024,20.53,25.0,32.47,0.0224,141.75,1.1263,797.0,416.0,565.0,17.6143,73.0,83,1213.0,11.44,19.94,19.98,15.41,5.03,-0.82,-0.09,1095.0,261.20000000000005,95
22,ABB,Mar 2024,20.53,25.0,32.47,0.0224,141.75,1.1263,797.0,416.0,565.0,17.6143,73.0,83,1213.0,11.44,19.94,19.98,15.41,1.01,-0.34,-0.61,797.0,100.4,306
23,ABB,Mar 2024,20.53,25.0,32.47,0.0224,141.75,1.1263,1095.0,4943.0,565.0,17.6143,73.0,83,6038.0,11.44,19.94,19.98,15.41,5.03,-0.82,-0.09,1095.0,261.20000000000005,95
23,ABB,Mar 2024,20.53,25.0,32.47,0.0224,141.75,1.1263,1095.0,4943.0,565.0,17.6143,73.0,83,6038.0,11.44,19.94,19.98,15.41,1.01,-0.34,-0.61,797.0,100.4,306
24,ADANIENSOL,Mar 2014,,,0.0,0.0,,,0.0,0.0,0.0,0.1,,0,0.0,,,,,0.0,0.0,0.0,0.0,0.0,473
26,ADANIENSOL,Mar 2016,16.77,88.0,13.77,3.2129,2.0867,0.1868,728.0,816.0,3.0,0.2429,0.0,8585,1544.0,,,,,4.2,-0.53,-0.47,728.0,228.0,115
27,ADANIENSOL,Mar 2017,14.46,69.0,14.12,3.0455,2.2179,0.2245,459.0,1730.0,4.0,0.2679,0.0,8975,2189.0,,,,,5.26,-0.79,-0.21,459.0,270.4,89
32,ADANIENSOL,Mar 2022,10.98,37.0,12.47,3.0164,2.3222,0.2372,161.0,3936.0,11.0,0.9012,0.0,29902,4097.0,,,,,3.31,-0.96,-0.06,161.0,192.4,135
34,ADANIENSOL,Mar 2024,7.199999999999999,30.0,9.46,2.9325,2.2848,0.2837,1095.0,4943.0,10.0,1.1337,0.0,37070,6038.0,,,,,5.05,-0.82,-0.09,1095.0,262.0,94
36,ADANIENT,Mar 2014,4.82,17.0,11.14,3.0298,1.8482,0.4653,221.0,8007.0,20.0,21.5973,7.0,71980,8228.0,6.82,14.35,10.37,4.13,3.11,-0.97,-0.13,221.0,184.4,141
38,ADANIENT,Mar 2016,2.94,5.0,7.470000000000001,1.4329,2.0103,0.816,3287.0,1825.0,9.0,12.1618,4.0,19169,5112.0,6.82,14.35,10.37,4.13,5.11,-0.36,-0.67,3287.0,264.4,92
41,ADANIENT,Mar 2019,1.25,5.0,3.43,0.7619,1.5218,0.9493,5723.0,2487.0,7.0,13.4145,6.0,11243,3236.0,6.82,14.35,10.37,4.13,6.4,0.77,-1.9,749.0,316.0,67
42,ADANIENT,Mar 2020,2.4,5.0,6.140000000000001,0.7328,2.014,0.9259,1372.0,1082.0,10.0,15.4064,10.0,12419,2454.0,6.82,14.35,10.37,4.13,2.36,-0.44,-0.09,1372.0,154.39999999999998,183
45,ADANIENT,Mar 2023,1.9,7.0,7.33,1.6096,2.4318,0.9028,2167.0,15459.0,22.0,28.9921,6.0,53200,17626.0,6.82,14.35,10.37,4.13,7.28,-0.88,-0.07,2167.0,351.2,55
53,ADANIGREEN,Mar 2023,12.51,64.0,13.32,7.4237,1.9364,0.1162,3408.0,3857.0,6.0,0.4611,0.0,54223,7265.0,46.72,,,41.37,7.47,-0.53,-0.41,3408.0,358.8,52
57,ADANIPORTS,Mar 2015,37.78,63.0,21.59,1.6513,3.9047,0.1918,572.0,2485.0,11.0,2.6002,10.0,17776,3057.0,8.65,7.39,7.15,7.42,1.32,-0.81,-0.08,572.0,112.8,274
57,ADANIPORTS,Mar 2015,37.78,63.0,21.59,1.6513,3.9047,0.1918,572.0,2485.0,11.0,2.6002,10.0,17776,3057.0,8.65,7.39,7.15,7.42,1.32,-0.81,-0.08,572.0,112.8,274
59,ADANIPORTS,Mar 2017,46.23999999999999,64.0,22.26,1.2675,5.7841,0.1946,1434.0,2629.0,19.0,4.2333,7.0,22214,4063.0,8.65,7.39,7.15,7.42,1.04,-0.65,-0.33,1434.0,101.6,303
59,ADANIPORTS,Mar 2017,46.23999999999999,64.0,22.26,1.2675,5.7841,0.1946,1434.0,2629.0,19.0,4.2333,7.0,22214,4063.0,8.65,7.39,7.15,7.42,1.04,-0.65,-0.33,1434.0,101.6,303
60,ADANIPORTS,Mar 2018,32.59,63.0,17.65,1.0702,5.0671,0.2397,1762.0,3846.0,18.0,5.049,11.0,22370,5608.0,8.65,7.39,7.15,7.42,1.52,-0.69,-0.34,1762.0,120.8,253
60,ADANIPORTS,Mar 2018,32.59,63.0,17.65,1.0702,5.0671,0.2397,1762.0,3846.0,18.0,5.049,11.0,22370,5608.0,8.65,7.39,7.15,7.42,1.52,-0.69,-0.34,1762.0,120.8,253
61,ADANIPORTS,Mar 2019,37.03,60.0,16.6,1.137,5.6931,0.194,1661.0,4368.0,19.0,5.887,1.0,27712,6029.0,8.65,7.39,7.15,7.42,1.49,-0.72,0.38,1661.0,119.6,256
61,ADANIPORTS,Mar 2019,37.03,60.0,16.6,1.137,5.6931,0.194,1661.0,4368.0,19.0,5.887,1.0,27712,6029.0,8.65,7.39,7.15,7.42,1.49,-0.72,0.38,1661.0,119.6,256
62,ADANIPORTS,Mar 2020,31.88,50.0,14.87,1.188,4.0364,0.1918,6653.0,749.0,19.0,6.2702,17.0,30242,7402.0,8.65,7.39,7.15,7.42,1.96,-0.1,-0.57,6653.0,138.4,214
62,ADANIPORTS,Mar 2020,31.88,50.0,14.87,1.188,4.0364,0.1918,6653.0,749.0,19.0,6.2702,17.0,30242,7402.0,8.65,7.39,7.15,7.42,1.96,-0.1,-0.57,6653.0,138.4,214
64,ADANIPORTS,Mar 2022,28.93,56.0,11.84,1.1462,4.4654,0.1741,4927.0,5493.0,23.0,9.9102,22.0,47935,10420.0,8.65,7.39,7.15,7.42,2.1,-0.53,-0.06,4927.0,144.0,203
64,ADANIPORTS,Mar 2022,28.93,56.0,11.84,1.1462,4.4654,0.1741,4927.0,5493.0,23.0,9.9102,22.0,47935,10420.0,8.65,7.39,7.15,7.42,2.1,-0.53,-0.06,4927.0,144.0,203
66,ADANIPORTS,Mar 2024,30.34,58.0,15.35,0.9373,5.9495,0.2283,8250.0,6768.0,38.0,12.2171,16.0,49470,15018.0,8.65,7.39,7.15,7.42,1.85,-0.45,-0.52,8250.0,134.0,224
66,ADANIPORTS,Mar 2024,30.34,58.0,15.35,0.9373,5.9495,0.2283,8250.0,6768.0,38.0,12.2171,16.0,49470,15018.0,8.65,7.39,7.15,7.42,1.85,-0.45,-0.52,8250.0,134.0,224
69,ADANIPORTS,Mar 2015,37.78,63.0,21.59,1.6513,3.9047,0.1918,572.0,2485.0,11.0,2.6002,10.0,17776,3057.0,8.65,7.39,7.15,7.42,1.32,-0.81,-0.08,572.0,112.8,274
69,ADANIPORTS,Mar 2015,37.78,63.0,21.59,1.6513,3.9047,0.1918,572.0,2485.0,11.0,2.6002,10.0,17776,3057.0,8.65,7.39,7.15,7.42,1.32,-0.81,-0.08,572.0,112.8,274
71,ADANIPORTS,Mar 2017,46.23999999999999,64.0,22.26,1.2675,5.7841,0.1946,1434.0,2629.0,19.0,4.2333,7.0,22214,4063.0,8.65,7.39,7.15,7.42,1.04,-0.65,-0.33,1434.0,101.6,303
71,ADANIPORTS,Mar 2017,46.23999999999999,64.0,22.26,1.2675,5.7841,0.1946,1434.0,2629.0,19.0,4.2333,7.0,22214,4063.0,8.65,7.39,7.15,7.42,1.04,-0.65,-0.33,1434.0,101.6,303
72,ADANIPORTS,Mar 2018,32.59,63.0,17.65,1.0702,5.0671,0.2397,1762.0,3846.0,18.0,5.049,11.0,22370,5608.0,8.65,7.39,7.15,7.42,1.52,-0.69,-0.34,1762.0,120.8,253
72,ADANIPORTS,Mar 2018,32.59,63.0,17.65,1.0702,5.0671,0.2397,1762.0,3846.0,18.0,5.049,11.0,22370,5608.0,8.65,7.39,7.15,7.42,1.52,-0.69,-0.34,1762.0,120.8,253
73,ADANIPORTS,Mar 2019,37.03,60.0,16.6,1.137,5.6931,0.194,1661.0,4368.0,19.0,5.887,1.0,27712,6029.0,8.65,7.39,7.15,7.42,1.49,-0.72,0.38,1661.0,119.6,256
73,ADANIPORTS,Mar 2019,37.03,60.0,16.6,1.137,5.6931,0.194,1661.0,4368.0,19.0,5.887,1.0,27712,6029.0,8.65,7.39,7.15,7.42,1.49,-0.72,0.38,1661.0,119.6,256
74,ADANIPORTS,Mar 2020,31.88,50.0,14.87,1.188,4.0364,0.1918,6653.0,749.0,19.0,6.2702,17.0,30242,7402.0,8.65,7.39,7.15,7.42,1.96,-0.1,-0.57,6653.0,138.4,214
74,ADANIPORTS,Mar 2020,31.88,50.0,14.87,1.188,4.0364,0.1918,6653.0,749.0,19.0,6.2702,17.0,30242,7402.0,8.65,7.39,7.15,7.42,1.96,-0.1,-0.57,6653.0,138.4,214
76,ADANIPORTS,Mar 2022,28.93,56.0,11.84,1.1462,4.4654,0.1741,4927.0,5493.0,23.0,9.9102,22.0,47935,10420.0,8.65,7.39,7.15,7.42,2.1,-0.53,-0.06,4927.0,144.0,203
76,ADANIPORTS,Mar 2022,28.93,56.0,11.84,1.1462,4.4654,0.1741,4927.0,5493.0,23.0,9.9102,22.0,47935,10420.0,8.65,7.39,7.15,7.42,2.1,-0.53,-0.06,4927.0,144.0,203
78,ADANIPORTS,Mar 2024,30.34,58.0,15.35,0.9373,5.9495,0.2283,8250.0,6768.0,38.0,12.2171,16.0,49470,15018.0,8.65,7.39,7.15,7.42,1.85,-0.45,-0.52,8250.0,134.0,224
78,ADANIPORTS,Mar 2024,30.34,58.0,15.35,0.9373,5.9495,0.2283,8250.0,6768.0,38.0,12.2171,16.0,49470,15018.0,8.65,7.39,7.15,7.42,1.85,-0.45,-0.52,8250.0,134.0,224
81,ADANIPOWER,Mar 2015,-4.37,25.0,-14.25,7.8152,1.206,0.3195,1087.0,4737.0,-3.0,0.1993,0.0,44742,5824.0,19.12,,,6.06,-7.14,-0.81,-0.2,1087.0,-225.6,606
82,ADANIPOWER,Mar 2016,2.17,35.0,7.380000000000001,7.0607,1.5469,0.3348,2565.0,2692.0,2.0,0.224,0.0,52729,5257.0,19.12,,,6.06,9.54,-0.51,-0.52,2565.0,441.6,35
83,ADANIPOWER,Mar 2017,-27.3,26.0,-205.8,17.4947,0.3921,0.3163,3513.0,1212.0,-16.0,0.0778,0.0,52484,4725.0,19.12,,,6.06,-0.77,-0.26,-0.75,3513.0,29.2,430
84,ADANIPOWER,Mar 2018,-10.36,27.0,-236.56,59.4319,1.1113,0.292,4581.0,520.0,-5.0,0.023,0.0,52835,5101.0,19.12,,,6.06,-2.43,-0.1,-0.9,4581.0,-37.2,511
85,ADANIPOWER,Mar 2019,-4.12,21.0,-12.76,6.0918,1.3136,0.3513,4626.0,984.0,-3.0,0.1999,0.0,46980,5610.0,19.12,,,6.06,-5.7,-0.18,-0.83,4626.0,-168.0,588
86,ADANIPOWER,Mar 2020,-8.6,22.0,-35.09999999999999,8.517,1.1396,0.3528,3294.0,2304.0,-6.0,0.168,0.0,55199,5598.0,19.12,,,6.06,-2.46,-0.41,-0.42,3294.0,-38.400000000000006,513
87,ADANIPOWER,Mar 2021,4.84,33.0,9.69,4.0051,2.0754,0.3327,4826.0,2188.0,3.0,0.34,0.0,52519,7014.0,19.12,,,6.06,5.52,-0.31,-0.81,4826.0,280.79999999999995,82
88,ADANIPOWER,Mar 2022,17.73,36.0,26.61,2.6627,3.3673,0.338,11007.0,774.0,13.0,0.4785,0.0,49145,10233.0,19.12,,,6.06,2.08,0.08,-1.01,9459.0,143.2,205
89,ADANIPOWER,Mar 2023,27.67,26.0,35.91,1.4175,4.2927,0.4518,9976.0,1545.0,28.0,0.7746,0.0,42350,8431.0,19.12,,,6.06,0.79,0.18,-1.23,6886.0,91.6,330
90,ADANIPOWER,Mar 2024,41.37,36.0,48.28,0.8023,8.2972,0.5472,17651.0,3481.0,54.0,1.1186,0.0,34616,14170.0,19.12,,,6.06,0.68,0.25,-1.19,10689.0,87.2,340
91,AMBUJACEM,Dec 2012,13.25,25.0,14.69,0.0068,32.5897,0.7897,1472.0,388.0,8.0,2.8562,43.0,60,1860.0,10.65,9.58,4.13,16.43,1.44,-0.21,-0.27,1472.0,117.6,261
92,AMBUJACEM,Dec 2013,13.95,18.0,13.51,0.0051,30.7313,0.7071,771.0,496.0,8.0,3.0621,44.0,48,1267.0,10.65,9.58,4.13,16.43,0.99,-0.39,-0.53,771.0,99.6,309
93,AMBUJACEM,Dec 2014,14.94,19.0,14.77,0.0034,35.6515,0.7173,1219.0,456.0,10.0,3.2484,46.0,34,1675.0,10.65,9.58,4.13,16.43,1.13,-0.27,-0.43,1219.0,105.2,293
94,AMBUJACEM,Dec 2015,8.559999999999999,16.0,7.870000000000001,0.0034,20.5978,0.6677,1474.0,83.0,5.0,3.3132,54.0,35,1557.0,10.65,9.58,4.13,16.43,1.93,-0.05,-0.58,1474.0,137.2,217
96,AMBUJACEM,Dec 2017,8.24,16.0,9.41,0.0012,20.3544,0.6649,2678.0,738.0,8.0,5.2071,47.0,24,3416.0,10.65,9.58,4.13,16.43,1.76,-0.22,-0.3,2678.0,130.4,232
97,AMBUJACEM,Dec 2018,11.42,15.0,13.29,0.0018,24.9588,0.6965,938.0,765.0,11.0,5.6348,14.0,40,1703.0,10.65,9.58,4.13,16.43,0.57,-0.45,-0.42,938.0,82.8,348
98,AMBUJACEM,Dec 2019,10.27,17.0,11.56,0.0017,30.5765,0.6746,3548.0,1191.0,11.0,6.065,14.0,41,4739.0,10.65,9.58,4.13,16.43,1.7,-0.25,-0.13,3548.0,128.0,238
99,AMBUJACEM,Dec 2020,12.67,20.0,13.65,0.0207,37.8143,0.6173,3515.0,1317.0,12.0,5.7322,151.0,471,4832.0,10.65,9.58,4.13,16.43,1.56,-0.27,-0.82,3515.0,122.4,249
100,AMBUJACEM,Dec 2021,12.81,21.0,14.64,0.0188,44.2603,0.6407,3302.0,2007.0,14.0,6.3864,45.0,477,5309.0,10.65,9.58,4.13,16.43,1.43,-0.38,-0.1,3302.0,117.2,263
103,APOLLOHOSP,Mar 2014,7.23,16.0,10.58,0.4515,5.8319,0.8144,17.0,356.0,23.0,4.2529,25.0,1344,373.0,15.14,12.34,11.59,12.39,1.18,-0.95,-0.17,17.0,107.2,288
107,APOLLOHOSP,Mar 2018,0.73,10.0,1.85,1.0538,2.7966,0.9589,132.0,405.0,8.0,4.6457,59.0,3427,537.0,15.14,12.34,11.59,12.39,8.95,-0.75,-0.2,132.0,418.0,41
108,APOLLOHOSP,Mar 2019,2.08,11.0,6.0,1.1017,3.3517,1.0492,194.0,711.0,17.0,4.7629,35.0,3673,905.0,15.14,12.34,11.59,12.39,4.53,-0.79,-0.24,194.0,241.2,109
109,APOLLOHOSP,Mar 2020,3.84,14.0,12.93,1.0766,3.4015,0.9963,1004.0,289.0,33.0,4.7714,18.0,3596,1293.0,15.14,12.34,11.59,12.39,2.99,-0.22,-0.7,1004.0,179.60000000000002,147
110,APOLLOHOSP,Mar 2021,1.3,11.0,2.98,0.9038,2.7684,0.927,385.0,880.0,10.0,6.3931,29.0,4160,1265.0,15.14,12.34,11.59,12.39,9.23,-0.7,-0.27,385.0,429.2000000000001,38
111,APOLLOHOSP,Mar 2022,7.56,15.0,19.7,0.7235,6.7467,1.1057,949.0,747.0,73.0,7.8097,16.0,4068,1696.0,15.14,12.34,11.59,12.39,1.53,-0.44,-0.47,949.0,121.2,252
112,APOLLOHOSP,Mar 2023,5.08,12.0,13.62,0.6989,5.6168,1.1523,520.0,857.0,57.0,8.6083,26.0,4332,1377.0,15.14,12.34,11.59,12.39,1.63,-0.62,-0.46,520.0,125.2,243
113,APOLLOHOSP,Mar 2024,4.91,13.0,13.48,0.7689,5.5657,1.1384,383.0,1537.0,63.0,9.6333,26.0,5333,1920.0,15.14,12.34,11.59,12.39,2.05,-0.8,-0.16,383.0,142.0,207
114,ASIANPAINT,Mar 2013,11.04,17.0,34.28,0.0742,44.0714,1.5483,724.0,463.0,12.0,3.525,40.0,251,1187.0,10.51,12.23,12.25,13.02,1.02,-0.39,-0.51,724.0,100.8,305
115,ASIANPAINT,Mar 2013,11.04,17.0,34.28,0.0742,44.0714,1.5483,724.0,463.0,12.0,3.525,40.0,251,1187.0,10.51,12.23,12.25,13.02,1.02,-0.39,-0.51,724.0,100.8,305
116,ASIANPAINT,Mar 2014,10.34,16.0,31.27,0.0616,44.3333,1.5133,816.0,586.0,13.0,4.2073,42.0,249,1402.0,10.51,12.23,12.25,13.02,1.11,-0.42,-0.45,816.0,104.4,295
117,ASIANPAINT,Mar 2014,10.34,16.0,31.27,0.0616,44.3333,1.5133,816.0,586.0,13.0,4.2073,42.0,249,1402.0,10.51,12.23,12.25,13.02,1.11,-0.42,-0.45,816.0,104.4,295
118,ASIANPAINT,Mar 2015,10.48,16.0,30.09,0.0881,56.7857,1.5274,723.0,465.0,15.0,4.9396,42.0,418,1188.0,10.51,12.23,12.25,13.02,0.83,-0.39,-0.48,723.0,93.2,326
119,ASIANPAINT,Mar 2015,10.48,16.0,30.09,0.0881,56.7857,1.5274,723.0,465.0,15.0,4.9396,42.0,418,1188.0,10.51,12.23,12.25,13.02,0.83,-0.39,-0.48,723.0,93.2,326
120,ASIANPAINT,Mar 2016,12.63,19.0,27.63,0.0495,59.9592,1.3515,1377.0,866.0,18.0,6.7969,41.0,323,2243.0,10.51,12.23,12.25,13.02,1.24,-0.39,-0.38,1377.0,109.6,282
121,ASIANPAINT,Mar 2016,12.63,19.0,27.63,0.0495,59.9592,1.3515,1377.0,866.0,18.0,6.7969,41.0,323,2243.0,10.51,12.23,12.25,13.02,1.24,-0.39,-0.38,1377.0,109.6,282
122,ASIANPAINT,Mar 2017,13.38,20.0,26.51,0.0736,90.0541,1.2142,846.0,681.0,20.0,7.9208,51.0,560,1527.0,10.51,12.23,12.25,13.02,0.76,-0.45,-0.5,846.0,90.4,333
123,ASIANPAINT,Mar 2017,13.38,20.0,26.51,0.0736,90.0541,1.2142,846.0,681.0,20.0,7.9208,51.0,560,1527.0,10.51,12.23,12.25,13.02,0.76,-0.45,-0.5,846.0,90.4,333
124,ASIANPAINT,Mar 2018,12.47,19.0,24.95,0.0634,86.3415,1.2225,557.0,1556.0,21.0,8.7604,41.0,533,2113.0,10.51,12.23,12.25,13.02,1.01,-0.74,-0.65,557.0,100.4,306
125,ASIANPAINT,Mar 2018,12.47,19.0,24.95,0.0634,86.3415,1.2225,557.0,1556.0,21.0,8.7604,41.0,533,2113.0,10.51,12.23,12.25,13.02,1.01,-0.74,-0.65,557.0,100.4,306
126,ASIANPAINT,Mar 2019,11.48,20.0,23.31,0.1394,36.7182,1.1841,1552.0,918.0,22.0,9.8656,47.0,1320,2470.0,10.51,12.23,12.25,13.02,1.12,-0.37,-0.45,1552.0,104.8,294
127,ASIANPAINT,Mar 2019,11.48,20.0,23.31,0.1394,36.7182,1.1841,1552.0,918.0,22.0,9.8656,47.0,1320,2470.0,10.51,12.23,12.25,13.02,1.12,-0.37,-0.45,1552.0,104.8,294
128,ASIANPAINT,Mar 2020,13.73,21.0,27.38,0.1104,44.2353,1.2524,2520.0,518.0,28.0,10.5521,43.0,1118,3038.0,10.51,12.23,12.25,13.02,1.1,-0.17,-0.95,2520.0,104.0,296
129,ASIANPAINT,Mar 2020,13.73,21.0,27.38,0.1104,44.2353,1.2524,2520.0,518.0,28.0,10.5521,43.0,1118,3038.0,10.51,12.23,12.25,13.02,1.1,-0.17,-0.95,2520.0,104.0,296
130,ASIANPAINT,Mar 2021,14.77,22.0,25.04,0.0854,56.3913,1.0667,3142.0,541.0,33.0,13.3396,55.0,1093,3683.0,10.51,12.23,12.25,13.02,1.15,-0.15,-0.18,3142.0,106.0,291
131,ASIANPAINT,Mar 2021,14.77,22.0,25.04,0.0854,56.3913,1.0667,3142.0,541.0,33.0,13.3396,55.0,1093,3683.0,10.51,12.23,12.25,13.02,1.15,-0.15,-0.18,3142.0,106.0,291
132,ASIANPAINT,Mar 2022,10.6,17.0,22.34,0.1149,53.6842,1.2676,669.0,317.0,32.0,14.3875,61.0,1587,986.0,10.51,12.23,12.25,13.02,0.32,-0.32,-1.83,669.0,72.8,367
133,ASIANPAINT,Mar 2022,10.6,17.0,22.34,0.1149,53.6842,1.2676,669.0,317.0,32.0,14.3875,61.0,1587,986.0,10.51,12.23,12.25,13.02,0.32,-0.32,-1.83,669.0,72.8,367
134,ASIANPAINT,Mar 2023,12.16,18.0,26.23,0.1209,46.4653,1.3379,2911.0,1282.0,43.0,16.6583,60.0,1933,4193.0,10.51,12.23,12.25,13.02,1.0,-0.31,-0.51,2911.0,100.0,307
135,ASIANPAINT,Mar 2023,12.16,18.0,26.23,0.1209,46.4653,1.3379,2911.0,1282.0,43.0,16.6583,60.0,1933,4193.0,10.51,12.23,12.25,13.02,1.0,-0.31,-0.51,2911.0,100.0,307
136,ASIANPAINT,Mar 2024,15.66,21.0,29.68,0.1321,41.0049,1.1871,3556.0,2548.0,57.0,19.5083,58.0,2474,6104.0,10.51,12.23,12.25,13.02,1.1,-0.42,-0.49,3556.0,104.0,296
137,ASIANPAINT,Mar 2024,15.66,21.0,29.68,0.1321,41.0049,1.1871,3556.0,2548.0,57.0,19.5083,58.0,2474,6104.0,10.51,12.23,12.25,13.02,1.1,-0.42,-0.49,3556.0,104.0,296
138,BAJAJ-AUTO,Mar 2013,15.65,18.0,38.85,0.0144,4446.0,1.584,824.0,1394.0,108.0,2.7907,42.0,116,2218.0,7.72,7.39,7.7,11.33,0.71,-0.63,-0.65,824.0,88.4,338
138,BAJAJ-AUTO,Mar 2013,15.65,18.0,38.85,0.0144,4446.0,1.584,824.0,1394.0,108.0,2.7907,42.0,116,2218.0,7.72,7.39,7.7,11.33,0.71,-0.63,-0.65,824.0,88.4,338
139,BAJAJ-AUTO,Mar 2013,15.65,18.0,38.85,0.0144,4446.0,1.584,824.0,1394.0,108.0,2.7907,42.0,116,2218.0,7.72,7.39,7.7,11.33,0.71,-0.63,-0.65,824.0,88.4,338
139,BAJAJ-AUTO,Mar 2013,15.65,18.0,38.85,0.0144,4446.0,1.584,824.0,1394.0,108.0,2.7907,42.0,116,2218.0,7.72,7.39,7.7,11.33,0.71,-0.63,-0.65,824.0,88.4,338
140,BAJAJ-AUTO,Mar 2014,16.79,21.0,33.23999999999999,0.0058,4837.0,1.3155,1430.0,2072.0,117.0,3.518,43.0,59,3502.0,7.72,7.39,7.7,11.33,1.04,-0.59,-0.43,1430.0,101.6,303
140,BAJAJ-AUTO,Mar 2014,16.79,21.0,33.23999999999999,0.0058,4837.0,1.3155,1430.0,2072.0,117.0,3.518,43.0,59,3502.0,7.72,7.39,7.7,11.33,1.04,-0.59,-0.43,1430.0,101.6,303
141,BAJAJ-AUTO,Mar 2014,16.79,21.0,33.23999999999999,0.0058,4837.0,1.3155,1430.0,2072.0,117.0,3.518,43.0,59,3502.0,7.72,7.39,7.7,11.33,1.04,-0.59,-0.43,1430.0,101.6,303
141,BAJAJ-AUTO,Mar 2014,16.79,21.0,33.23999999999999,0.0058,4837.0,1.3155,1430.0,2072.0,117.0,3.518,43.0,59,3502.0,7.72,7.39,7.7,11.33,1.04,-0.59,-0.43,1430.0,101.6,303
142,BAJAJ-AUTO,Mar 2015,14.01,19.0,27.27,0.0101,726.0,1.3526,1734.0,380.0,105.0,3.8391,48.0,112,2114.0,7.72,7.39,7.7,11.33,0.7,-0.18,-0.78,1734.0,88.0,339
142,BAJAJ-AUTO,Mar 2015,14.01,19.0,27.27,0.0101,726.0,1.3526,1734.0,380.0,105.0,3.8391,48.0,112,2114.0,7.72,7.39,7.7,11.33,0.7,-0.18,-0.78,1734.0,88.0,339
143,BAJAJ-AUTO,Mar 2015,14.01,19.0,27.27,0.0101,726.0,1.3526,1734.0,380.0,105.0,3.8391,48.0,112,2114.0,7.72,7.39,7.7,11.33,0.7,-0.18,-0.78,1734.0,88.0,339
143,BAJAJ-AUTO,Mar 2015,14.01,19.0,27.27,0.0101,726.0,1.3526,1734.0,380.0,105.0,3.8391,48.0,112,2114.0,7.72,7.39,7.7,11.33,0.7,-0.18,-0.78,1734.0,88.0,339
144,BAJAJ-AUTO,Mar 2016,17.99,21.0,28.97,0.0084,5987.0,1.3094,3622.0,68.0,140.0,4.8512,39.0,118,3690.0,7.72,7.39,7.7,11.33,0.91,-0.02,-0.92,3622.0,96.4,318
144,BAJAJ-AUTO,Mar 2016,17.99,21.0,28.97,0.0084,5987.0,1.3094,3622.0,68.0,140.0,4.8512,39.0,118,3690.0,7.72,7.39,7.7,11.33,0.91,-0.02,-0.92,3622.0,96.4,318
145,BAJAJ-AUTO,Mar 2016,17.99,21.0,28.97,0.0084,5987.0,1.3094,3622.0,68.0,140.0,4.8512,39.0,118,3690.0,7.72,7.39,7.7,11.33,0.91,-0.02,-0.92,3622.0,96.4,318
145,BAJAJ-AUTO,Mar 2016,17.99,21.0,28.97,0.0084,5987.0,1.3094,3622.0,68.0,140.0,4.8512,39.0,118,3690.0,7.72,7.39,7.7,11.33,0.91,-0.02,-0.92,3622.0,96.4,318
148,BAJAJ-AUTO,Mar 2018,16.74,19.0,20.66,0.0059,6250.0,1.0027,2374.0,1954.0,146.0,7.0675,41.0,121,4328.0,7.72,7.39,7.7,11.33,1.03,-0.45,-0.44,2374.0,101.2,304
148,BAJAJ-AUTO,Mar 2018,16.74,19.0,20.66,0.0059,6250.0,1.0027,2374.0,1954.0,146.0,7.0675,41.0,121,4328.0,7.72,7.39,7.7,11.33,1.03,-0.45,-0.44,2374.0,101.2,304
149,BAJAJ-AUTO,Mar 2018,16.74,19.0,20.66,0.0059,6250.0,1.0027,2374.0,1954.0,146.0,7.0675,41.0,121,4328.0,7.72,7.39,7.7,11.33,1.03,-0.45,-0.44,2374.0,101.2,304
149,BAJAJ-AUTO,Mar 2018,16.74,19.0,20.66,0.0059,6250.0,1.0027,2374.0,1954.0,146.0,7.0675,41.0,121,4328.0,7.72,7.39,7.7,11.33,1.03,-0.45,-0.44,2374.0,101.2,304
150,BAJAJ-AUTO,Mar 2019,16.23,17.0,21.21,0.0054,1806.5,1.0529,2214.0,273.0,170.0,8.0391,35.0,125,2487.0,7.72,7.39,7.7,11.33,0.5,-0.11,-0.83,2214.0,80.0,355
150,BAJAJ-AUTO,Mar 2019,16.23,17.0,21.21,0.0054,1806.5,1.0529,2214.0,273.0,170.0,8.0391,35.0,125,2487.0,7.72,7.39,7.7,11.33,0.5,-0.11,-0.83,2214.0,80.0,355
151,BAJAJ-AUTO,Mar 2019,16.23,17.0,21.21,0.0054,1806.5,1.0529,2214.0,273.0,170.0,8.0391,35.0,125,2487.0,7.72,7.39,7.7,11.33,0.5,-0.11,-0.83,2214.0,80.0,355
151,BAJAJ-AUTO,Mar 2019,16.23,17.0,21.21,0.0054,1806.5,1.0529,2214.0,273.0,170.0,8.0391,35.0,125,2487.0,7.72,7.39,7.7,11.33,0.5,-0.11,-0.83,2214.0,80.0,355
152,BAJAJ-AUTO,Mar 2020,17.42,17.0,24.06,0.0058,2313.6667,1.1286,5616.0,1766.0,180.0,7.4955,67.0,126,3850.0,7.72,7.39,7.7,11.33,0.74,0.46,-1.62,2084.0,89.6,335
152,BAJAJ-AUTO,Mar 2020,17.42,17.0,24.06,0.0058,2313.6667,1.1286,5616.0,1766.0,180.0,7.4955,67.0,126,3850.0,7.72,7.39,7.7,11.33,0.74,0.46,-1.62,2084.0,89.6,335
153,BAJAJ-AUTO,Mar 2020,17.42,17.0,24.06,0.0058,2313.6667,1.1286,5616.0,1766.0,180.0,7.4955,67.0,126,3850.0,7.72,7.39,7.7,11.33,0.74,0.46,-1.62,2084.0,89.6,335
153,BAJAJ-AUTO,Mar 2020,17.42,17.0,24.06,0.0058,2313.6667,1.1286,5616.0,1766.0,180.0,7.4955,67.0,126,3850.0,7.72,7.39,7.7,11.33,0.74,0.46,-1.62,2084.0,89.6,335
154,BAJAJ-AUTO,Mar 2021,17.51,18.0,17.81,0.0044,929.7143,0.8256,251.0,2869.0,168.0,9.437,83.0,121,3120.0,7.72,7.39,7.7,11.33,0.64,-0.92,-0.01,251.0,85.6,343
154,BAJAJ-AUTO,Mar 2021,17.51,18.0,17.81,0.0044,929.7143,0.8256,251.0,2869.0,168.0,9.437,83.0,121,3120.0,7.72,7.39,7.7,11.33,0.64,-0.92,-0.01,251.0,85.6,343
155,BAJAJ-AUTO,Mar 2021,17.51,18.0,17.81,0.0044,929.7143,0.8256,251.0,2869.0,168.0,9.437,83.0,121,3120.0,7.72,7.39,7.7,11.33,0.64,-0.92,-0.01,251.0,85.6,343
155,BAJAJ-AUTO,Mar 2021,17.51,18.0,17.81,0.0044,929.7143,0.8256,251.0,2869.0,168.0,9.437,83.0,121,3120.0,7.72,7.39,7.7,11.33,0.64,-0.92,-0.01,251.0,85.6,343
156,BAJAJ-AUTO,Mar 2022,18.6,16.0,20.65,0.0041,881.1111,0.944,4473.0,276.0,213.0,10.3318,66.0,123,4197.0,7.72,7.39,7.7,11.33,0.68,0.07,-0.97,3921.0,87.2,340
156,BAJAJ-AUTO,Mar 2022,18.6,16.0,20.65,0.0041,881.1111,0.944,4473.0,276.0,213.0,10.3318,66.0,123,4197.0,7.72,7.39,7.7,11.33,0.68,0.07,-0.97,3921.0,87.2,340
157,BAJAJ-AUTO,Mar 2022,18.6,16.0,20.65,0.0041,881.1111,0.944,4473.0,276.0,213.0,10.3318,66.0,123,4197.0,7.72,7.39,7.7,11.33,0.68,0.07,-0.97,3921.0,87.2,340
157,BAJAJ-AUTO,Mar 2022,18.6,16.0,20.65,0.0041,881.1111,0.944,4473.0,276.0,213.0,10.3318,66.0,123,4197.0,7.72,7.39,7.7,11.33,0.68,0.07,-0.97,3921.0,87.2,340
158,BAJAJ-AUTO,Mar 2023,16.62,18.0,20.64,0.0042,204.2,1.0375,6488.0,1211.0,214.0,10.3753,65.0,124,5277.0,7.72,7.39,7.7,11.33,0.87,0.23,-1.36,4066.0,94.8,322
158,BAJAJ-AUTO,Mar 2023,16.62,18.0,20.64,0.0042,204.2,1.0375,6488.0,1211.0,214.0,10.3753,65.0,124,5277.0,7.72,7.39,7.7,11.33,0.87,0.23,-1.36,4066.0,94.8,322
159,BAJAJ-AUTO,Mar 2023,16.62,18.0,20.64,0.0042,204.2,1.0375,6488.0,1211.0,214.0,10.3753,65.0,124,5277.0,7.72,7.39,7.7,11.33,0.87,0.23,-1.36,4066.0,94.8,322
159,BAJAJ-AUTO,Mar 2023,16.62,18.0,20.64,0.0042,204.2,1.0375,6488.0,1211.0,214.0,10.3753,65.0,124,5277.0,7.72,7.39,7.7,11.33,0.87,0.23,-1.36,4066.0,94.8,322
160,BAJAJ-AUTO,Mar 2024,17.18,20.0,26.61,0.066,174.4167,1.1405,6486.0,72.0,276.0,10.3806,29.0,1912,6558.0,7.72,7.39,7.7,11.33,0.85,-0.01,-0.94,6486.0,94.0,324
160,BAJAJ-AUTO,Mar 2024,17.18,20.0,26.61,0.066,174.4167,1.1405,6486.0,72.0,276.0,10.3806,29.0,1912,6558.0,7.72,7.39,7.7,11.33,0.85,-0.01,-0.94,6486.0,94.0,324
161,BAJAJ-AUTO,Mar 2024,17.18,20.0,26.61,0.066,174.4167,1.1405,6486.0,72.0,276.0,10.3806,29.0,1912,6558.0,7.72,7.39,7.7,11.33,0.85,-0.01,-0.94,6486.0,94.0,324
161,BAJAJ-AUTO,Mar 2024,17.18,20.0,26.61,0.066,174.4167,1.1405,6486.0,72.0,276.0,10.3806,29.0,1912,6558.0,7.72,7.39,7.7,11.33,0.85,-0.01,-0.94,6486.0,94.0,324
163,AXISBANK,Mar 2014,20.29,2307.0,16.19,8.6801,1.3034,0.0793,298.0,14166.0,26.0,8.1694,15.0,333280,14464.0,13.22,14.53,11.92,13.27,2.33,-0.98,0.54,298.0,153.2,186
166,AXISBANK,Mar 2017,8.260000000000002,-5715.0,6.529999999999999,9.355,2.0353,0.0728,19751.0,12458.0,15.0,11.7704,33.0,527437,32209.0,13.22,14.53,11.92,13.27,8.75,-0.39,-0.08,19751.0,410.0,43
168,AXISBANK,Mar 2019,8.51,-5447.0,6.9,10.5011,2.0674,0.0675,18451.0,18674.0,18.0,13.1911,6.0,711996,37125.0,13.22,14.53,11.92,13.27,7.94,-0.5,0.15,18451.0,377.6,48
169,AXISBANK,Mar 2020,2.6,-9859.0,1.88,9.2349,2.2559,0.0675,20931.0,9485.0,6.0,15.3085,0.0,797337,30416.0,13.22,14.53,11.92,13.27,18.69,-0.31,0.29,20931.0,807.6,15
171,AXISBANK,Mar 2022,19.33,3170.0,11.01,8.633,1.9688,0.0563,1025.0,27112.0,42.0,19.2607,2.0,1020943,28137.0,13.22,14.53,11.92,13.27,2.16,-0.96,1.7,1025.0,146.4,198
182,BAJAJFINSV,Mar 2021,12.16,32.0,20.56,3.5853,2.1171,0.2165,863.0,3684.0,28.0,44.7875,1.0,128461,4547.0,25.78,18.23,14.91,20.31,0.62,-0.81,0.37,863.0,84.8,346
186,BAJAJHLDNG,Mar 2013,550.74,95.0,17.94,0.0,,0.0313,104.0,369.0,167.0,9.3198,15.0,0,473.0,14.62,12.32,12.22,17.22,0.25,-0.78,-0.7,104.0,70.0,372
187,BAJAJHLDNG,Mar 2014,469.98,94.0,16.57,0.0,,0.034,353.0,519.0,179.0,10.8099,17.0,0,872.0,14.62,12.32,12.22,17.22,0.44,-0.6,-0.37,353.0,77.6,361
188,BAJAJHLDNG,Mar 2015,387.21,92.0,15.15,0.0,,0.0377,332.0,464.0,182.0,12.0658,19.0,0,796.0,14.62,12.32,12.22,17.22,0.39,-0.58,-0.49,332.0,75.6,363
189,BAJAJHLDNG,Mar 2016,481.91,91.0,14.81,0.0,,0.0304,2166.0,1019.0,204.0,13.7775,16.0,0,1147.0,14.62,12.32,12.22,17.22,0.51,0.89,-0.66,128.0,80.4,353
191,BAJAJHLDNG,Mar 2018,632.14,85.0,10.54,0.0,,0.0166,508.0,1123.0,239.0,22.7036,17.0,0,1631.0,14.62,12.32,12.22,17.22,0.61,-0.69,-0.27,508.0,84.4,347
192,BAJAJHLDNG,Mar 2019,707.19,80.0,11.31,0.0,,0.016,465.0,163.0,274.0,24.2811,12.0,0,628.0,14.62,12.32,12.22,17.22,0.21,-0.26,-0.85,465.0,68.4,376
193,BAJAJHLDNG,Mar 2020,708.05,69.0,11.09,0.0061,258.3846,0.0133,1120.0,800.0,269.0,25.0117,15.0,168,1920.0,14.62,12.32,12.22,17.22,0.62,-0.42,-0.54,1120.0,84.8,346
195,BAJAJHLDNG,Mar 2022,852.4800000000001,76.0,9.63,0.0027,1421.0,0.009,1459.0,151.0,364.0,38.5964,32.0,114,1610.0,14.62,12.32,12.22,17.22,0.39,-0.09,-0.91,1459.0,75.6,363
196,BAJAJHLDNG,Mar 2023,947.51,73.0,11.19,0.0021,721.8571,0.0098,1591.0,137.0,436.0,39.8036,28.0,93,1728.0,14.62,12.32,12.22,17.22,0.35,-0.08,-0.92,1591.0,74.0,366
197,BAJAJHLDNG,Mar 2024,432.73,92.0,13.58,0.0012,3764.5,0.0261,1469.0,472.0,653.0,48.8712,20.0,63,1941.0,14.62,12.32,12.22,17.22,0.26,-0.24,-0.75,1469.0,70.4,371
208,BANKBARODA,Mar 2013,13.25,1006.0,14.51,15.2993,2.4281,0.0651,22682.0,514.0,23.0,7.8681,19.0,509192,23196.0,10.75,12.64,4.5,9.46,4.8,-0.02,-0.03,22682.0,252.0,101
209,BANKBARODA,Mar 2014,12.45,809.0,13.31,16.3018,2.1694,0.0598,41503.0,730.0,23.0,8.7812,19.0,616973,42233.0,10.75,12.64,4.5,9.46,8.39,-0.02,0.12,41503.0,395.6,47
210,BANKBARODA,Mar 2015,8.790000000000001,902.0,9.4,15.838,2.4716,0.0612,17282.0,556.0,18.0,9.4635,18.0,665483,17838.0,10.75,12.64,4.5,9.46,4.52,-0.03,-0.0,17282.0,240.8,110
212,BANKBARODA,Mar 2017,4.17,-4372.0,4.31,15.0579,2.4241,0.0618,17314.0,551.0,8.0,9.3219,15.0,648499,17865.0,10.75,12.64,4.5,9.46,9.63,-0.03,-0.01,17314.0,445.2000000000001,34
215,BANKBARODA,Mar 2020,1.24,-11728.0,1.29,14.0463,3.3277,0.0657,18392.0,139.0,2.0,8.2275,0.0,1068981,18531.0,10.75,12.64,4.5,9.46,18.89,-0.01,0.79,18392.0,815.6,14
217,BANKBARODA,Mar 2022,10.81,-2948.0,8.64,12.9024,2.606,0.0548,2565.0,3645.0,15.0,8.8677,19.0,1185331,6210.0,10.75,12.64,4.5,9.46,0.78,-0.59,-0.16,2565.0,91.2,331
220,BHARTIARTL,Mar 2013,2.95,30.0,4.5,1.3262,5.3372,0.4871,3932.0,18676.0,4.0,2.6499,17.0,66736,22608.0,6.04,16.25,15.26,9.33,9.97,-0.83,-0.2,3932.0,458.8,32
221,BHARTIARTL,Mar 2014,3.52,31.0,5.050000000000001,1.2701,4.9997,0.4731,1052.0,25181.0,5.0,2.9893,26.0,75896,26233.0,6.04,16.25,15.26,9.33,8.69,-0.96,0.11,1052.0,407.6,44
222,BHARTIARTL,Mar 2015,5.25,35.0,12.69,2.0971,7.8374,0.5282,5758.0,22301.0,8.0,1.9898,33.0,83415,28059.0,6.04,16.25,15.26,9.33,5.56,-0.79,-0.34,5758.0,282.4,81
223,BHARTIARTL,Mar 2016,7.140000000000001,35.0,10.32,1.5074,4.5451,0.43,13851.0,14091.0,11.0,3.3402,9.0,100646,27942.0,6.04,16.25,15.26,9.33,4.05,-0.5,-0.43,13851.0,222.0,118
225,BHARTIARTL,Mar 2018,2.64,36.0,3.14,1.6011,3.4136,0.3312,1914.0,27940.0,2.0,3.4785,194.0,111334,29854.0,6.04,16.25,15.26,9.33,13.67,-0.94,0.06,1914.0,606.8,24
228,BHARTIARTL,Mar 2021,-12.29,45.0,-20.97,2.7613,2.7211,0.2921,20919.0,27286.0,-26.0,2.1469,0.0,162785,48205.0,6.04,16.25,15.26,9.33,-3.9,-0.57,-0.52,20919.0,-96.0,550
229,BHARTIARTL,Mar 2022,7.13,49.0,12.48,2.5495,3.7428,0.3227,13539.0,41478.0,7.0,2.3812,39.0,169678,55017.0,6.04,16.25,15.26,9.33,6.62,-0.75,-0.28,13539.0,324.8,65
230,BHARTIARTL,Mar 2023,8.83,51.0,15.84,2.914,3.7458,0.313,26093.0,39232.0,15.0,2.734,27.0,226020,65325.0,6.04,16.25,15.26,9.33,5.32,-0.6,-0.37,26093.0,272.8,87
231,BHARTIARTL,Mar 2024,5.71,52.0,10.36,2.6095,3.3055,0.3393,27809.0,51089.0,13.0,2.8717,62.0,215592,78898.0,6.04,16.25,15.26,9.33,9.22,-0.65,-0.35,27809.0,428.8,39
232,BEL,Mar 2013,14.52,11.0,15183.33,4.0,184.4286,139.4,214.0,1753.0,1.0,0.3,20.0,24,-1539.0,10.84,14.32,16.1,14.35,-1.69,-1.14,0.1,-3292.0,-67.6,533
233,BEL,Mar 2014,14.61,14.0,13600.0,3.0,194.7143,141.6957,190.0,759.0,1.0,0.35,20.0,21,-569.0,10.84,14.32,16.1,14.35,-0.6,-1.33,0.37,-1328.0,-24.0,498
234,BEL,Mar 2015,16.88,17.0,17100.0,3.7143,240.8571,144.7551,595.0,839.0,2.0,0.35,20.0,26,1434.0,10.84,14.32,16.1,14.35,1.2,-0.59,-0.15,595.0,108.0,286
235,BEL,Mar 2016,18.18,19.0,11141.67,2.0833,196.6,141.4231,790.0,1470.0,2.0,0.1333,31.0,25,2260.0,10.84,14.32,16.1,14.35,1.69,-0.65,-0.14,790.0,127.6,239
236,BEL,Mar 2017,17.59,21.0,10153.33,1.9333,122.8889,112.4156,3054.0,3115.0,2.0,0.1667,33.0,29,-61.0,10.84,14.32,16.1,14.35,-0.04,-51.07,46.84,-3176.0,-1.6,474
238,BEL,Mar 2019,15.51,24.0,3851.02,0.9592,186.375,96.5397,618.0,896.0,3.0,0.4455,44.0,47,1514.0,10.84,14.32,16.1,14.35,0.8,-0.59,-0.44,618.0,92.0,329
239,BEL,Mar 2020,14.07,21.0,3318.18,0.8,357.25,106.2951,1921.0,649.0,3.0,0.5,37.0,44,2570.0,10.84,14.32,16.1,14.35,1.41,-0.25,-0.41,1921.0,116.4,265
240,BEL,Mar 2021,14.88,23.0,3559.32,0.8305,333.9,92.8224,2498.0,2595.0,3.0,0.5364,46.0,49,5093.0,10.84,14.32,16.1,14.35,2.43,-0.51,-0.21,2498.0,157.2,177
242,BEL,Mar 2023,16.84,23.0,3981.33,0.52,230.0526,123.1528,3907.0,2708.0,4.0,0.6818,44.0,39,1199.0,10.84,14.32,16.1,14.35,0.4,2.26,-1.05,-1509.0,16.0,446
244,BHEL,Mar 2013,13.69,19.0,21.91,0.0883,82.9297,0.6809,646.0,1113.0,18.0,6.2345,20.0,2698,1759.0,-5.18,-20.22,-21.41,-1.25,0.26,-0.63,0.27,646.0,70.4,371
245,BHEL,Mar 2014,8.85,12.0,10.56,0.1415,46.5865,0.5252,3644.0,868.0,10.0,6.7696,20.0,4693,4512.0,-5.18,-20.22,-21.41,-1.25,1.29,-0.19,0.12,3644.0,111.6,276
246,BHEL,Mar 2015,4.63,7.0,4.24,0.0552,36.5435,0.4413,1471.0,650.0,4.0,6.981,20.0,1889,821.0,-5.18,-20.22,-21.41,-1.25,0.57,0.79,-4.32,171.0,82.8,348
247,BHEL,Mar 2016,-2.77,-5.0,-2.18,0.0065,0.375,0.3889,397.0,23.0,-2.0,6.5949,-14.0,211,374.0,-5.18,-20.22,-21.41,-1.25,-0.53,0.06,-0.33,351.0,38.8,416
249,BHEL,Mar 2018,1.52,6.0,1.35,0.0034,7.0667,0.4508,1950.0,961.0,1.0,4.4053,151.0,110,989.0,-5.18,-20.22,-21.41,-1.25,2.26,0.97,-0.67,28.0,150.39999999999998,191
252,BHEL,Mar 2021,-15.6,-18.0,-10.39,0.1905,-5.6874,0.3093,518.0,42.0,-8.0,3.7332,0.0,4951,560.0,-5.18,-20.22,-21.41,-1.25,-0.21,-0.08,-0.7,518.0,51.6,395
254,BHEL,Mar 2023,2.8,4.0,2.68,0.2237,2.5948,0.4052,739.0,1480.0,2.0,3.5026,21.0,5454,-741.0,-5.18,-20.22,-21.41,-1.25,-1.13,-2.0,-0.12,-2221.0,-45.2,518
256,BOSCHLTD,Dec 2012,11.06,16.0,17.19,0.0413,286.5,1.0958,47.0,824.0,305.0,17.9774,20.0,230,871.0,5.86,6.69,7.26,7.36,0.91,-0.95,-0.18,47.0,96.4,318
257,BOSCHLTD,Dec 2013,10.11,15.0,14.06,0.0291,,0.9849,211.0,846.0,282.0,20.3032,20.0,183,1057.0,5.86,6.69,7.26,7.36,1.19,-0.8,-0.23,211.0,107.6,287
258,BOSCHLTD,Mar 2015,11.07,16.0,18.21,0.0151,179.8571,1.1587,213.0,1183.0,426.0,23.7,20.0,111,1396.0,5.86,6.69,7.26,7.36,1.04,-0.85,-0.17,213.0,101.6,303
259,BOSCHLTD,Mar 2016,15.78,19.0,16.06,0.0052,192.3846,0.7803,323.0,995.0,488.0,30.7581,17.0,50,1318.0,5.86,6.69,7.26,7.36,0.86,-0.75,-0.27,323.0,94.4,323
260,BOSCHLTD,Mar 2017,16.68,19.0,19.79,0.0,106.4815,0.8843,2703.0,1246.0,570.0,29.33,29.0,0,1457.0,5.86,6.69,7.26,7.36,0.84,0.86,-1.83,211.0,93.6,325
261,BOSCHLTD,Mar 2018,11.73,18.0,13.74,0.0,837.0,0.8394,559.0,1170.0,449.0,33.27,22.0,0,1729.0,5.86,6.69,7.26,7.36,1.26,-0.68,-0.19,559.0,110.4,280
262,BOSCHLTD,Mar 2019,13.22,18.0,17.51,0.0,211.8462,0.9508,2359.0,1766.0,542.0,30.4233,19.0,0,593.0,5.86,6.69,7.26,7.36,0.37,2.98,-4.27,-1173.0,14.8,448
263,BOSCHLTD,Mar 2020,6.600000000000001,15.0,7.01,0.008,137.8,0.7389,463.0,873.0,220.0,30.9,48.0,74,1336.0,5.86,6.69,7.26,7.36,2.06,-0.65,-0.3,463.0,142.4,206
264,BOSCHLTD,Mar 2021,4.96,12.0,4.91,0.0055,65.8571,0.6578,372.0,463.0,164.0,32.7433,70.0,54,835.0,5.86,6.69,7.26,7.36,1.73,-0.55,-0.4,372.0,129.2,236
265,BOSCHLTD,Mar 2022,10.33,12.0,11.39,0.0068,63.8966,0.7646,238.0,33.0,413.0,35.6267,51.0,73,271.0,5.86,6.69,7.26,7.36,0.22,-0.12,-1.41,238.0,68.8,375
266,BOSCHLTD,Mar 2023,9.54,13.0,12.93,0.0048,190.0833,0.9182,1476.0,262.0,483.0,36.71,99.0,53,1214.0,5.86,6.69,7.26,7.36,0.85,0.22,-1.02,952.0,94.0,324
267,BOSCHLTD,Mar 2024,14.89,13.0,20.64,0.0032,71.7843,0.9638,1536.0,283.0,844.0,40.2133,44.0,39,1253.0,5.86,6.69,7.26,7.36,0.5,0.23,-1.16,970.0,80.0,355
268,BPCL,Mar 2013,0.8,3.0,11.54,1.9766,3.2569,3.0414,2322.0,3604.0,4.0,2.3202,42.0,33157,5926.0,5.21,17.74,18.92,8.47,3.06,-0.61,-0.14,2322.0,182.4,143
269,BPCL,Mar 2014,1.53,4.0,20.85,1.7053,5.4279,2.9892,2707.0,6881.0,9.0,2.6888,31.0,33152,9588.0,5.21,17.74,18.92,8.47,2.37,-0.72,-0.39,2707.0,154.8,182
270,BPCL,Mar 2015,2.09,4.0,22.52,1.1299,10.0822,2.8104,10206.0,10536.0,11.0,3.1206,34.0,25492,20742.0,5.21,17.74,18.92,8.47,4.08,-0.51,-0.47,10206.0,223.2,117
271,BPCL,Mar 2016,4.31,7.0,29.1,0.8415,21.8882,2.1732,1886.0,9233.0,19.0,4.2369,25.0,23388,11119.0,5.21,17.74,18.92,8.47,1.37,-0.83,-0.12,1886.0,114.8,269
273,BPCL,Mar 2018,4.15,6.0,26.74,1.0284,15.3828,1.96,4002.0,7066.0,21.0,1.8617,46.0,37659,11068.0,5.21,17.74,18.92,8.47,1.13,-0.64,-0.38,4002.0,105.2,293
276,BPCL,Mar 2021,7.52,9.0,32.34,1.0182,16.5351,1.4298,20981.0,2474.0,37.0,2.5588,102.0,54532,23455.0,5.21,17.74,18.92,8.47,1.35,-0.11,-0.6,20981.0,114.0,271
277,BPCL,Mar 2022,3.37,6.0,22.51,1.2433,9.2387,1.8493,12198.0,8138.0,27.0,2.438,29.0,64534,20336.0,5.21,17.74,18.92,8.47,1.74,-0.4,-0.87,12198.0,129.6,235
278,BPCL,Mar 2023,0.45,2.0,3.98,1.2962,3.4539,2.5155,4660.0,7806.0,5.0,2.514,40.0,69376,12466.0,5.21,17.74,18.92,8.47,5.85,-0.63,-0.35,4660.0,294.0,75
279,BPCL,Mar 2024,5.99,10.0,35.51000000000001,0.7219,11.3555,2.2137,25415.0,10521.0,62.0,3.541,33.0,54599,35936.0,5.21,17.74,18.92,8.47,1.34,-0.29,-0.71,25415.0,113.6,272
280,BRITANNIA,Mar 2013,4.2,7.0,46.59,0.681,11.5366,3.2847,348.0,28.0,11.0,2.325,39.0,380,320.0,8.92,19.15,19.03,14.41,1.23,0.09,-1.18,292.0,109.2,283
281,BRITANNIA,Mar 2014,5.71,9.0,49.5,0.188,82.625,3.281,425.0,246.0,16.0,3.325,36.0,150,671.0,8.92,19.15,19.03,14.41,1.7,-0.37,-0.53,425.0,128.0,238
282,BRITANNIA,Mar 2015,8.77,11.0,55.34,0.1165,274.5,2.8135,134.0,450.0,29.0,5.1875,28.0,145,584.0,8.92,19.15,19.03,14.41,0.85,-0.77,-0.31,134.0,94.0,324
283,BRITANNIA,Mar 2016,9.82,15.0,39.44,0.0626,267.8,2.4033,254.0,705.0,34.0,8.7167,29.0,131,959.0,8.92,19.15,19.03,14.41,1.16,-0.74,-0.26,254.0,106.4,290
284,BRITANNIA,Mar 2017,9.77,14.0,32.83,0.0464,285.8,2.2035,291.0,150.0,37.0,11.2333,30.0,125,441.0,8.92,19.15,19.03,14.41,0.5,-0.34,-0.67,291.0,80.0,355
285,BRITANNIA,Mar 2018,10.13,15.0,29.48,0.059,208.375,1.9109,292.0,957.0,42.0,14.1917,30.0,201,1249.0,8.92,19.15,19.03,14.41,1.24,-0.77,-0.19,292.0,109.6,282
286,BRITANNIA,Mar 2019,10.45,16.0,27.16,0.0367,215.3333,1.7722,304.0,852.0,48.0,17.7208,31.0,156,1156.0,8.92,19.15,19.03,14.41,1.0,-0.74,-0.31,304.0,100.0,307
288,BRITANNIA,Mar 2021,14.09,19.0,52.17,0.5981,25.4234,1.642,2309.0,433.0,77.0,14.7833,204.0,2122,1876.0,8.92,19.15,19.03,14.41,1.01,0.23,-1.2,1443.0,100.4,306
289,BRITANNIA,Mar 2022,10.72,16.0,59.27,0.9699,16.8264,1.878,2214.0,914.0,63.0,10.6583,89.0,2481,1300.0,8.92,19.15,19.03,14.41,0.86,0.7,-1.73,386.0,94.4,323
290,BRITANNIA,Mar 2023,14.21,17.0,65.53,0.848,20.284,1.7432,1019.0,1507.0,96.0,14.725,75.0,2997,2526.0,8.92,19.15,19.03,14.41,1.09,-0.6,-0.41,1019.0,103.6,297
291,BRITANNIA,Mar 2024,12.73,19.0,54.15,0.524,20.5976,1.8484,3050.0,477.0,89.0,16.4208,83.0,2065,2573.0,8.92,19.15,19.03,14.41,1.21,0.19,-1.1,2096.0,108.4,285
292,CANBK,Mar 2013,8.790000000000001,655.0,11.9,14.9364,2.1823,0.0812,7575.0,435.0,12.0,5.6831,19.0,376040,8010.0,11.02,15.32,3.44,11.42,2.67,-0.05,-0.13,7575.0,166.8,160
293,CANBK,Mar 2014,6.75,-672.0,8.85,14.8434,2.3248,0.079,13864.0,380.0,10.0,6.5458,19.0,447913,14244.0,11.02,15.32,3.44,11.42,5.33,-0.03,-0.26,13864.0,273.2,86
294,CANBK,Mar 2015,6.69,-621.0,9.02,15.3726,2.1764,0.0784,5240.0,1104.0,11.0,6.8404,17.0,499488,6344.0,11.02,15.32,3.44,11.42,2.16,-0.17,-0.23,5240.0,146.4,198
295,CANBK,Mar 2016,-5.76,-8008.0,-7.82,15.6344,3.3739,0.0781,8903.0,443.0,-9.0,5.9687,0.0,506712,9346.0,11.02,15.32,3.44,11.42,-3.69,-0.05,-0.09,8903.0,-87.6,546
296,CANBK,Mar 2017,3.4,-5775.0,4.07,15.4204,1.9966,0.0695,2099.0,476.0,5.0,5.8099,4.0,534858,2575.0,11.02,15.32,3.44,11.42,1.82,-0.18,0.05,2099.0,132.8,227
298,CANBK,Mar 2019,1.45,-11590.0,1.85,16.9855,2.7433,0.0674,17492.0,745.0,2.0,5.0052,0.0,640166,18237.0,11.02,15.32,3.44,11.42,26.2,-0.04,-0.06,17492.0,1108.0,7
300,CANBK,Mar 2021,4.21,-18367.0,4.74,17.0004,1.8804,0.0596,58002.0,1116.0,4.0,3.7893,0.0,1060998,59118.0,11.02,15.32,3.44,11.42,19.99,-0.02,0.0,58002.0,859.5999999999999,13
303,CANBK,Mar 2024,13.94,-7745.0,16.72,14.8674,1.6107,0.072,13296.0,1750.0,17.0,5.079,19.0,1369780,15046.0,11.02,15.32,3.44,11.42,0.98,-0.12,-0.25,13296.0,99.2,310
317,CIPLA,Mar 2014,13.8,2147.0,13.97,0.1242,32.0598,0.7592,298.0,1265.0,17.0,6.2429,12.0,1248,1563.0,10.35,10.26,10.36,9.5,1.11,-0.81,-0.17,298.0,104.4,295
318,CIPLA,Mar 2015,10.83,2163.0,11.38,0.1577,56.1098,0.724,223.0,950.0,15.0,6.7093,14.0,1703,1173.0,10.35,10.26,10.36,9.5,0.95,-0.81,0.14,223.0,98.0,313
320,CIPLA,Mar 2017,7.19,2496.0,8.25,0.3279,57.2837,0.6897,1078.0,1304.0,13.0,7.7913,16.0,4113,2382.0,10.35,10.26,10.36,9.5,2.3,-0.55,-0.56,1078.0,152.0,188
321,CIPLA,Mar 2018,9.35,2826.0,9.96,0.288,44.1,0.6685,629.0,834.0,18.0,8.8379,17.0,4098,1463.0,10.35,10.26,10.36,9.5,1.03,-0.57,-0.26,629.0,101.2,304
322,CIPLA,Mar 2019,9.12,3097.0,9.94,0.2875,27.8491,0.6886,3.0,1688.0,19.0,9.3242,16.0,4316,1691.0,10.35,10.26,10.36,9.5,1.13,-1.0,-0.21,3.0,105.2,293
323,CIPLA,Mar 2020,8.76,3206.0,9.52,0.1786,40.5378,0.7314,3182.0,114.0,19.0,9.7907,21.0,2816,3068.0,10.35,10.26,10.36,9.5,2.05,0.04,-0.96,2954.0,142.0,207
324,CIPLA,Mar 2021,12.47,4252.0,13.04,0.1099,56.1241,0.7709,1381.0,2374.0,30.0,11.3826,17.0,2014,3755.0,10.35,10.26,10.36,9.5,1.57,-0.63,-0.33,1381.0,122.8,248
325,CIPLA,Mar 2022,11.7,4553.0,12.22,0.0507,174.0606,0.8103,1468.0,1858.0,31.0,12.9447,16.0,1056,3326.0,10.35,10.26,10.36,9.5,1.31,-0.56,-0.48,1468.0,112.4,275
326,CIPLA,Mar 2023,12.45,5027.0,12.1,0.0343,60.5734,0.7766,862.0,2376.0,35.0,14.5385,24.0,803,3238.0,10.35,10.26,10.36,9.5,1.14,-0.73,-0.3,862.0,105.6,292
327,CIPLA,Mar 2024,16.12,6291.0,15.55,0.0209,35.3388,0.7922,1152.0,2982.0,51.0,16.5876,25.0,559,4134.0,10.35,10.26,10.36,9.5,1.0,-0.72,-0.29,1152.0,100.0,307
328,COALINDIA,Mar 2013,25.41,18087.0,35.81,0.0269,5.7406,0.6154,7276.0,1833.0,27.0,0.7674,51.0,1305,9109.0,6.18,5.85,6.27,6.98,0.52,-0.2,-0.86,7276.0,80.8,352
329,COALINDIA,Mar 2014,21.4,17766.0,35.64,0.0042,7.3744,0.6729,23105.0,8580.0,24.0,0.6714,121.0,178,14525.0,6.18,5.85,6.27,6.98,0.96,0.59,-1.75,5945.0,98.4,312
330,COALINDIA,Mar 2015,18.52,17343.0,34.02,0.0101,8.6454,0.6661,15276.0,894.0,22.0,0.6389,95.0,408,14382.0,6.18,5.85,6.27,6.98,1.05,0.06,-1.04,13488.0,102.0,302
331,COALINDIA,Mar 2016,18.32,18714.0,40.96,0.0344,9.9631,0.6856,21308.0,8154.0,23.0,0.5515,121.0,1199,13154.0,6.18,5.85,6.27,6.98,0.92,0.62,-1.49,5000.0,96.8,316
332,COALINDIA,Mar 2017,11.87,12448.0,37.85,0.1229,12.3649,0.6591,16916.0,455.0,15.0,0.395,133.0,3014,16461.0,6.18,5.85,6.27,6.98,1.77,0.03,-1.07,16006.0,130.8,231
333,COALINDIA,Mar 2018,8.260000000000002,9288.0,34.88,0.0762,15.2697,0.6794,13368.0,7747.0,11.0,0.3251,146.0,1538,21115.0,6.18,5.85,6.27,6.98,3.0,-0.37,-0.64,13368.0,180.0,146
334,COALINDIA,Mar 2019,17.54,25007.0,66.01,0.0835,12.7878,0.7486,8460.0,7896.0,28.0,0.4293,46.0,2210,16356.0,6.18,5.85,6.27,6.98,0.94,-0.48,-0.67,8460.0,97.6,314
335,COALINDIA,Mar 2020,17.38,21581.0,51.93,0.2001,11.5646,0.6404,6010.0,1033.0,27.0,0.5218,44.0,6434,4977.0,6.18,5.85,6.27,6.98,0.3,0.21,-0.96,3944.0,72.0,369
336,COALINDIA,Mar 2021,14.11,18628.0,34.78,0.1611,19.0858,0.559,10774.0,182.0,21.0,0.5925,78.0,5884,10592.0,6.18,5.85,6.27,6.98,0.83,0.02,-0.8,10410.0,93.2,326
337,COALINDIA,Mar 2022,15.84,24721.0,40.28,0.0815,21.9912,0.6114,15392.0,25715.0,28.0,0.7,60.0,3514,41107.0,6.18,5.85,6.27,6.98,2.37,-0.63,-0.33,15392.0,154.8,182
338,COALINDIA,Mar 2023,22.95,44232.0,52.14,0.0712,14.3372,0.6245,12269.0,23465.0,52.0,0.9872,47.0,4331,35734.0,6.18,5.85,6.27,6.98,1.13,-0.66,-0.38,12269.0,105.2,293
339,COALINDIA,Mar 2024,26.26,47971.0,45.17,0.0788,11.2418,0.6019,13617.0,4486.0,61.0,1.3424,42.0,6523,18103.0,6.18,5.85,6.27,6.98,0.48,-0.25,-0.77,13617.0,79.2,357
340,DABUR,Mar 2013,12.48,16.0,36.56,0.5494,18.5085,1.3039,248.0,622.0,4.0,1.204,34.0,1151,870.0,6.07,7.18,7.93,10.94,1.14,-0.71,-0.27,248.0,105.6,292
341,DABUR,Mar 2014,12.98,16.0,34.48999999999999,0.2666,23.8519,1.3287,994.0,104.0,5.0,1.5264,33.0,708,1098.0,6.07,7.18,7.93,10.94,1.2,-0.09,-0.73,994.0,108.0,286
342,DABUR,Mar 2015,13.7,17.0,31.84,0.2188,36.85,1.2766,171.0,876.0,6.0,1.9057,33.0,734,1047.0,6.07,7.18,7.93,10.94,0.98,-0.84,-0.4,171.0,99.2,310
343,DABUR,Mar 2016,16.12,20.0,30.06,0.193,36.1458,1.1223,457.0,730.0,7.0,2.3699,32.0,805,1187.0,6.07,7.18,7.93,10.94,0.95,-0.61,-0.32,457.0,98.0,313
344,DABUR,Mar 2017,16.81,20.0,26.41,0.2012,33.4815,0.9847,420.0,807.0,7.0,2.754,31.0,975,1227.0,6.07,7.18,7.93,10.94,0.96,-0.66,-0.28,420.0,98.4,312
345,DABUR,Mar 2018,17.59,21.0,23.8,0.1644,36.0,0.8874,551.0,541.0,8.0,3.242,81.0,938,1092.0,6.07,7.18,7.93,10.94,0.8,-0.5,-0.53,551.0,92.0,329
346,DABUR,Mar 2019,16.98,20.0,25.67,0.1241,32.7,1.0092,1837.0,338.0,8.0,3.1819,34.0,699,1499.0,6.07,7.18,7.93,10.94,1.04,0.23,-1.26,1161.0,101.6,303
347,DABUR,Mar 2020,16.67,21.0,21.92,0.079,39.94,0.9302,1097.0,517.0,8.0,3.7322,37.0,522,1614.0,6.07,7.18,7.93,10.94,1.11,-0.32,-0.65,1097.0,104.4,295
348,DABUR,Mar 2021,17.73,21.0,22.12,0.0664,75.0645,0.8827,711.0,1404.0,10.0,4.3299,50.0,509,2115.0,6.07,7.18,7.93,10.94,1.25,-0.66,-0.29,711.0,110.0,281
349,DABUR,Mar 2022,16.0,21.0,20.78,0.1229,65.641,0.8864,529.0,1273.0,10.0,4.7356,53.0,1030,1802.0,6.07,7.18,7.93,10.94,1.03,-0.71,-0.27,529.0,101.2,304
350,DABUR,Mar 2023,14.75,19.0,18.96,0.1308,33.4231,0.8446,905.0,583.0,10.0,5.0695,54.0,1174,1488.0,6.07,7.18,7.93,10.94,0.87,-0.39,-0.7,905.0,94.8,322
351,DABUR,Mar 2024,14.6,19.0,18.36,0.1384,23.2419,0.8206,1042.0,971.0,10.0,5.574,53.0,1365,2013.0,6.07,7.18,7.93,10.94,1.11,-0.48,-0.58,1042.0,104.4,295
352,DIVISLAB,Mar 2013,28.07,38.0,24.07,0.0132,287.0,0.6833,225.0,255.0,23.0,9.263,33.0,33,480.0,12.28,9.74,9.59,14.29,0.8,-0.53,-0.48,225.0,92.0,329
353,DIVISLAB,Mar 2014,30.53,40.0,26.08,0.0061,362.0,0.6825,252.0,305.0,29.0,10.9778,34.0,18,557.0,12.28,9.74,9.59,14.29,0.72,-0.55,-0.45,252.0,88.8,337
354,DIVISLAB,Mar 2015,27.35,38.0,24.37,0.0077,403.6667,0.7072,305.0,521.0,32.0,12.9481,31.0,27,826.0,12.28,9.74,9.59,14.29,0.97,-0.63,-0.37,305.0,98.8,311
355,DIVISLAB,Mar 2016,29.82,38.0,26.23,0.0098,303.2,0.7709,632.0,406.0,42.0,8.1,24.0,42,1038.0,12.28,9.74,9.59,14.29,0.92,-0.39,-0.61,632.0,96.8,316
356,DIVISLAB,Mar 2017,26.08,36.0,19.79,0.0067,507.3333,0.6603,10.0,1140.0,40.0,10.1075,25.0,36,1150.0,12.28,9.74,9.59,14.29,1.08,-0.99,0.0,10.0,103.2,298
357,DIVISLAB,Mar 2018,22.54,33.0,14.8,0.0106,688.0,0.5735,298.0,478.0,33.0,11.1792,30.0,63,776.0,12.28,9.74,9.59,14.29,0.88,-0.62,-0.4,298.0,95.2,321
358,DIVISLAB,Mar 2019,27.36,38.0,19.45,0.0152,405.6,0.6155,269.0,685.0,51.0,13.1264,31.0,106,954.0,12.28,9.74,9.59,14.29,0.71,-0.72,-0.26,269.0,88.4,338
359,DIVISLAB,Mar 2020,25.53,34.0,18.84,0.0053,287.4286,0.6323,1133.0,83.0,52.0,13.7925,31.0,39,1216.0,12.28,9.74,9.59,14.29,0.88,-0.07,-0.9,1133.0,95.2,321
360,DIVISLAB,Mar 2021,28.47,41.0,21.34,0.0005,1462.0,0.647,2022.0,75.0,75.0,17.5377,27.0,5,1947.0,12.28,9.74,9.59,14.29,0.98,0.04,-0.02,1872.0,99.2,310
363,DIVISLAB,Mar 2024,20.4,28.0,11.79,0.0002,636.25,0.5074,992.0,269.0,60.0,25.6057,50.0,3,1261.0,12.28,9.74,9.59,14.29,0.79,-0.21,-0.63,992.0,91.6,330
364,DLF,Mar 2013,8.58,34.0,2.59,1.0339,1.6906,0.1202,4004.0,1995.0,4.0,7.5674,48.0,26600,2009.0,-0.87,16.11,12.25,-0.27,3.01,0.99,-1.97,14.0,180.4,145
365,DLF,Mar 2014,7.109999999999999,30.0,2.15,0.8809,1.4722,0.1286,5392.0,3924.0,4.0,7.6952,55.0,24133,1468.0,-0.87,16.11,12.25,-0.27,2.49,2.67,-3.09,-2456.0,99.6,308
366,DLF,Mar 2015,6.63,39.0,1.85,0.895,1.5265,0.1154,2135.0,98.0,3.0,7.6879,66.0,24495,2037.0,-0.87,16.11,12.25,-0.27,4.02,0.05,-0.76,1939.0,220.8,120
367,DLF,Mar 2016,3.07,40.0,1.27,1.0496,1.6687,0.1608,2139.0,818.0,2.0,6.742,117.0,25264,2957.0,-0.87,16.11,12.25,-0.27,9.7,-0.28,-0.65,2139.0,448.0,33
370,DLF,Mar 2019,15.71,26.0,3.91,0.5129,1.4219,0.1258,2046.0,3.0,6.0,7.6136,33.0,17222,2043.0,-0.87,16.11,12.25,-0.27,1.55,0.0,0.43,2040.0,122.0,250
371,DLF,Mar 2020,-9.7,19.0,-1.71,0.2352,1.5985,0.1088,6864.0,6508.0,-2.0,6.959,-85.0,8103,356.0,-0.87,16.11,12.25,-0.27,-0.6,18.28,-26.75,-6152.0,-24.0,498
372,DLF,Mar 2021,20.0,27.0,3.06,0.1948,2.1712,0.1012,1610.0,150.0,4.0,7.1402,45.0,6886,1460.0,-0.87,16.11,12.25,-0.27,1.35,0.1,-1.5,1310.0,114.0,271
373,DLF,Mar 2022,26.24,30.0,4.130000000000001,0.115,3.1008,0.1117,3099.0,267.0,6.0,7.3459,49.0,4182,2832.0,-0.87,16.11,12.25,-0.27,1.89,0.09,-1.35,2565.0,135.6,222
374,DLF,Mar 2023,35.72,30.0,5.4,0.0885,5.2117,0.1083,1914.0,461.0,8.0,7.6135,49.0,3334,2375.0,-0.87,16.11,12.25,-0.27,1.17,-0.19,-0.85,1914.0,106.8,289
375,DLF,Mar 2024,42.38,33.0,6.909999999999999,0.1226,7.4579,0.1088,1010.0,1529.0,11.0,7.9659,45.0,4834,2539.0,-0.87,16.11,12.25,-0.27,0.93,-0.6,0.07,1010.0,97.2,315
381,DMART,Mar 2018,5.36,9.0,17.26,0.094,24.0167,2.6617,1194.0,464.0,13.0,0.7482,0.0,439,730.0,26.71,32.37,28.88,25.62,0.91,0.64,-1.59,266.0,96.4,318
384,DMART,Mar 2021,4.55,7.0,9.02,0.0323,46.1667,1.7681,265.0,1110.0,17.0,1.8802,0.0,393,1375.0,26.71,32.37,28.88,25.62,1.25,-0.81,-0.13,265.0,110.0,281
385,DMART,Mar 2022,4.82,8.0,10.91,0.0473,48.4444,2.0022,83.0,1289.0,23.0,2.1108,0.0,647,1372.0,26.71,32.37,28.88,25.62,0.92,-0.94,-0.13,83.0,96.8,316
386,DMART,Mar 2023,5.55,8.0,14.79,0.04,56.2239,2.3662,317.0,2313.0,37.0,2.4812,0.0,643,2630.0,26.71,32.37,28.88,25.62,1.11,-0.88,-0.08,317.0,104.4,295
387,DMART,Mar 2024,4.99,8.0,13.56,0.0317,73.2931,2.3989,278.0,2468.0,39.0,2.8722,0.0,592,2746.0,26.71,32.37,28.88,25.62,1.08,-0.9,-0.05,278.0,103.2,298
389,DRREDDY,Mar 2014,14.63,24.0,24.96,0.5692,26.937,0.8434,366.0,1604.0,23.0,9.2529,16.0,4477,1970.0,8.42,11.18,11.15,10.98,1.0,-0.81,-0.01,366.0,100.0,307
390,DRREDDY,Mar 2015,15.55,23.0,23.71,0.4378,34.8889,0.8139,154.0,2370.0,27.0,11.5918,15.0,4314,2524.0,8.42,11.18,11.15,10.98,1.08,-0.94,-0.17,154.0,103.2,298
391,DRREDDY,Mar 2016,13.69,23.0,16.95,0.2667,46.747,0.7658,1653.0,1610.0,25.0,14.7871,16.0,3352,3263.0,8.42,11.18,11.15,10.98,1.53,-0.49,-0.52,1653.0,121.2,252
392,DRREDDY,Mar 2017,9.1,17.0,10.54,0.4011,33.4684,0.6556,254.0,1890.0,16.0,14.7735,26.0,4918,2144.0,8.42,11.18,11.15,10.98,1.66,-0.88,-0.17,254.0,126.4,240
393,DRREDDY,Mar 2018,6.63,16.0,7.53,0.4034,31.7215,0.639,320.0,1483.0,11.0,15.147,35.0,5071,1803.0,8.42,11.18,11.15,10.98,1.9,-0.82,-0.25,320.0,136.0,221
394,DRREDDY,Mar 2019,12.62,21.0,13.9,0.2737,39.9888,0.6891,2101.0,769.0,23.0,16.8964,17.0,3838,2870.0,8.42,11.18,11.15,10.98,1.47,-0.27,-0.74,2101.0,118.8,258
395,DRREDDY,Mar 2020,11.57,14.0,12.99,0.1417,32.1122,0.7543,2489.0,495.0,24.0,18.794,21.0,2210,2984.0,8.42,11.18,11.15,10.98,1.47,-0.17,-0.84,2489.0,118.8,258
396,DRREDDY,Mar 2021,10.25,20.0,11.07,0.1718,43.3918,0.7164,1315.0,2255.0,23.0,21.2542,21.0,3031,3570.0,8.42,11.18,11.15,10.98,1.83,-0.63,-0.01,1315.0,133.2,226
397,DRREDDY,Mar 2022,10.13,17.0,11.36,0.1761,45.0312,0.7243,246.0,2565.0,26.0,23.147,23.0,3384,2811.0,8.42,11.18,11.15,10.98,1.29,-0.91,-0.09,246.0,111.6,276
398,DRREDDY,Mar 2023,18.27,26.0,19.35,0.0578,52.035,0.7659,1779.0,4109.0,54.0,28.0554,15.0,1347,5888.0,8.42,11.18,11.15,10.98,1.31,-0.7,-0.46,1779.0,112.4,275
399,DRREDDY,Mar 2024,19.91,28.0,19.74,0.0709,51.7076,0.7223,509.0,4034.0,67.0,34.041,12.0,2002,4543.0,8.42,11.18,11.15,10.98,0.81,-0.89,-0.08,509.0,92.4,328
403,EICHERMOT,Mar 2016,21.68,27.0,36.63,0.0063,1008.0,1.2498,462.0,1001.0,49.0,13.5296,20.0,23,1463.0,8.54,20.08,23.83,15.18,1.09,-0.68,-0.32,462.0,103.6,297
405,EICHERMOT,Mar 2018,21.86,31.0,27.88,0.0215,669.0,0.9415,337.0,2145.0,72.0,26.037,15.0,151,2482.0,8.54,20.08,23.83,15.18,1.27,-0.86,-0.11,337.0,110.8,279
406,EICHERMOT,Mar 2019,22.49,30.0,24.7,0.021,515.0,0.8604,915.0,660.0,81.0,33.0296,15.0,187,1575.0,8.54,20.08,23.83,15.18,0.71,-0.42,-0.19,915.0,88.4,338
407,EICHERMOT,Mar 2020,19.96,24.0,18.3,0.0249,145.0,0.7353,186.0,1508.0,67.0,36.9667,19.0,249,1694.0,8.54,20.08,23.83,15.18,0.93,-0.89,-0.51,186.0,97.2,315
408,EICHERMOT,Mar 2021,15.45,20.0,11.78,0.0191,141.5625,0.5989,66.0,1625.0,49.0,42.363,34.0,219,1691.0,8.54,20.08,23.83,15.18,1.26,-0.96,-0.01,66.0,110.4,280
409,EICHERMOT,Mar 2022,16.28,21.0,13.3,0.0086,140.7368,0.638,544.0,983.0,61.0,46.6963,34.0,108,1527.0,8.54,20.08,23.83,15.18,0.91,-0.64,-0.39,544.0,96.4,318
410,EICHERMOT,Mar 2023,20.18,24.0,19.44,0.0192,155.5,0.7523,426.0,2397.0,107.0,55.5185,35.0,288,2823.0,8.54,20.08,23.83,15.18,0.97,-0.85,-0.15,426.0,98.8,311
411,EICHERMOT,Mar 2024,24.2,26.0,22.17,0.0232,114.7059,0.7154,890.0,2834.0,146.0,66.8333,35.0,419,3724.0,8.54,20.08,23.83,15.18,0.93,-0.76,-0.23,890.0,97.2,315
413,GAIL,Mar 2014,7.75,13.0,14.75,0.5711,13.8042,0.9237,149.0,4466.0,7.0,2.5596,28.0,18537,4615.0,8.53,8.44,9.59,6.61,0.96,-0.97,-0.0,149.0,98.4,312
414,GAIL,Mar 2015,5.220000000000001,9.0,9.29,0.5376,10.0859,0.8692,1405.0,2809.0,5.0,2.6831,24.0,18291,4214.0,8.53,8.44,9.59,6.61,1.33,-0.67,-0.73,1405.0,113.2,273
415,GAIL,Mar 2016,3.6,9.0,5.149999999999999,0.2487,6.4075,0.8813,3056.0,904.0,3.0,2.8709,37.0,9052,3960.0,8.53,8.44,9.59,6.61,2.11,-0.23,-0.76,3056.0,144.39999999999998,202
416,GAIL,Mar 2017,6.950000000000001,12.0,8.58,0.1667,14.2102,0.8329,5690.0,334.0,5.0,2.3244,56.0,6553,6024.0,8.53,8.44,9.59,6.61,1.79,-0.06,-0.88,5690.0,131.6,229
417,GAIL,Mar 2018,8.82,14.0,11.53,0.093,29.661,0.8882,6109.0,2660.0,7.0,1.8483,43.0,3876,8769.0,8.53,8.44,9.59,6.61,1.82,-0.3,-0.6,6109.0,132.8,227
418,GAIL,Mar 2019,8.6,13.0,14.24,0.0483,73.3145,1.1135,2283.0,5701.0,10.0,2.0401,25.0,2224,7984.0,8.53,8.44,9.59,6.61,1.22,-0.71,-0.42,2283.0,108.8,284
419,GAIL,Mar 2020,13.12,12.0,19.31,0.1403,41.4822,0.9678,46.0,8299.0,14.0,1.0924,31.0,6912,8345.0,8.53,8.44,9.59,6.61,0.88,-0.99,0.03,46.0,95.2,321
420,GAIL,Mar 2021,10.71,13.0,11.55,0.148,56.3017,0.708,4353.0,4640.0,9.0,1.1978,36.0,7873,8993.0,8.53,8.44,9.59,6.61,1.46,-0.52,-0.39,4353.0,118.4,259
421,GAIL,Mar 2022,13.26,16.0,19.19,0.1437,89.5347,0.9605,3930.0,5490.0,18.0,1.444,36.0,9216,9420.0,8.53,8.44,9.59,6.61,0.77,-0.58,-0.42,3930.0,90.8,332
423,GAIL,Mar 2024,7.430000000000001,11.0,12.86,0.283,23.6245,1.0681,4360.0,8226.0,15.0,1.1711,37.0,21794,12586.0,8.53,8.44,9.59,6.61,1.27,-0.65,-0.27,4360.0,110.8,279
425,GODREJCP,Mar 2014,10.78,15.0,21.7,0.6286,10.2583,0.9133,622.0,494.0,7.0,11.1029,24.0,2373,1116.0,6.82,,,7.82,1.36,-0.44,-0.56,622.0,114.4,270
427,GODREJCP,Mar 2016,9.86,20.0,19.48,0.6775,10.8984,0.8703,225.0,622.0,8.0,12.55,24.0,2891,847.0,6.82,,,7.82,1.02,-0.73,-0.24,225.0,100.8,305
429,GODREJCP,Mar 2018,16.59,21.0,26.11,0.5606,13.6821,0.7103,1387.0,336.0,16.0,9.2029,42.0,3508,1723.0,6.82,,,7.82,1.05,-0.2,-0.8,1387.0,102.0,302
430,GODREJCP,Mar 2019,22.71,21.0,32.23,0.4654,10.479,0.7318,2003.0,274.0,23.0,7.1245,44.0,3382,1729.0,6.82,,,7.82,0.74,0.16,-1.18,1455.0,89.6,335
431,GODREJCP,Mar 2020,15.1,22.0,18.95,0.4526,9.5877,0.6661,1036.0,552.0,15.0,7.7431,55.0,3575,1588.0,6.82,,,7.82,1.06,-0.35,-0.82,1036.0,102.4,301
432,GODREJCP,Mar 2021,15.6,22.0,18.23,0.1975,17.5507,0.7743,1738.0,292.0,17.0,9.2539,0.0,1864,2030.0,6.82,,,7.82,1.18,-0.14,-0.89,1738.0,107.2,288
433,GODREJCP,Mar 2022,14.52,20.0,15.43,0.1475,20.3852,0.7633,607.0,844.0,17.0,11.3294,0.0,1704,1451.0,6.82,,,7.82,0.81,-0.58,-0.26,607.0,92.4,328
434,GODREJCP,Mar 2023,12.78,18.0,12.34,0.0819,13.6011,0.7637,397.0,1754.0,17.0,13.5235,0.0,1130,2151.0,6.82,,,7.82,1.26,-0.82,-0.37,397.0,110.4,280
437,GRASIM,Mar 2014,10.43,17.0,13.67,0.4479,12.2841,0.5935,1213.0,2336.0,44.0,23.4946,9.0,9681,3549.0,14.19,7.19,1.36,21.32,1.2,-0.66,-0.29,1213.0,108.0,286
438,GRASIM,Mar 2015,8.14,16.0,11.16,0.5156,8.5067,0.5873,2235.0,2359.0,37.0,25.1522,9.0,11930,4594.0,14.19,7.19,1.36,21.32,1.78,-0.51,-0.5,2235.0,131.2,230
439,GRASIM,Mar 2016,10.02,17.0,12.6,0.4559,10.071,0.5789,1353.0,4515.0,51.0,29.4935,9.0,12505,5868.0,14.19,7.19,1.36,21.32,1.7,-0.77,-0.23,1353.0,128.0,238
440,GRASIM,Mar 2017,11.77,20.0,13.53,0.2935,12.0556,0.5748,3779.0,3509.0,66.0,33.7495,8.0,9213,7288.0,14.19,7.19,1.36,21.32,1.72,-0.48,-0.52,3779.0,128.8,237
443,GRASIM,Mar 2020,9.73,15.0,11.72,1.497,2.5325,0.2795,5256.0,11364.0,65.0,42.9038,6.0,84777,16620.0,14.19,7.19,1.36,21.32,2.5,-0.68,-0.21,5256.0,160.0,172
444,GRASIM,Mar 2021,9.14,24.0,10.67,1.2074,3.4536,0.2858,7929.0,7146.0,63.0,49.6167,14.0,79078,15075.0,14.19,7.19,1.36,21.32,2.16,-0.47,-0.53,7929.0,146.4,198
445,GRASIM,Mar 2022,11.71,21.0,14.8,0.9874,4.6229,0.331,5985.0,1053.0,111.0,57.3477,9.0,74744,7038.0,14.19,7.19,1.36,21.32,0.63,-0.15,-0.96,5985.0,85.2,344
448,HAL,Mar 2017,14.57,18.0,1966.92,0.015,267.5,105.5882,2598.0,3021.0,36.0,2.66,31.0,2,-423.0,6.69,9.05,0.2,8.64,-0.16,-7.14,0.39,-3444.0,-6.4,481
451,HAL,Mar 2020,13.25,23.0,2059.42,0.0145,14.7493,123.9595,203.0,1334.0,42.0,2.76,39.0,2,1537.0,6.69,9.05,0.2,8.64,0.54,-0.87,0.04,203.0,81.6,350
452,HAL,Mar 2021,14.16,23.0,2249.31,0.0417,21.3521,123.0215,13934.0,1190.0,48.0,2.88,31.0,6,15124.0,6.69,9.05,0.2,8.64,4.67,-0.08,-0.47,13934.0,246.8,104
454,HAL,Mar 2023,21.58,25.0,3283.05,0.2655,130.3281,99.3653,3102.0,5734.0,87.0,3.54,32.0,47,8836.0,6.69,9.05,0.2,8.64,1.52,-0.65,-0.2,3102.0,120.8,253
455,HAL,Mar 2024,25.0,32.0,3816.58,0.6181,270.8837,67.5133,1814.0,6412.0,114.0,3.98,31.0,123,8226.0,6.69,9.05,0.2,8.64,1.08,-0.78,-0.24,1814.0,103.2,298
456,HAVELLS,Mar 2013,8.14,9.0,40.29,0.681,7.2846,1.6005,494.0,144.0,9.0,2.3258,16.0,982,638.0,9.27,7.6,7.73,9.22,1.1,-0.23,-0.39,494.0,104.0,296
457,HAVELLS,Mar 2014,5.54,10.0,26.77,0.6327,7.9608,1.5099,492.0,376.0,7.0,2.6871,42.0,1054,868.0,9.27,7.6,7.73,9.22,1.95,-0.43,-0.36,492.0,138.0,215
458,HAVELLS,Mar 2015,4.55,9.0,21.18,0.2332,8.3646,1.7686,478.0,485.0,6.0,2.9323,49.0,424,963.0,9.27,7.6,7.73,9.22,2.5,-0.5,-0.78,478.0,160.0,172
459,HAVELLS,Mar 2016,17.12,10.0,42.95,0.0443,19.1758,1.731,392.0,121.0,21.0,4.8823,29.0,134,513.0,9.27,7.6,7.73,9.22,0.39,-0.24,-1.21,392.0,75.6,363
460,HAVELLS,Mar 2017,8.06,13.0,15.08,0.0635,65.9231,1.1861,547.0,220.0,8.0,5.2839,44.0,208,767.0,9.27,7.6,7.73,9.22,1.55,-0.29,-0.13,547.0,122.0,250
461,HAVELLS,Mar 2018,8.14,13.0,17.72,0.0308,45.2,1.2282,154.0,946.0,11.0,5.9206,4.0,115,1100.0,9.27,7.6,7.73,9.22,1.66,-0.86,-0.37,154.0,126.4,240
462,HAVELLS,Mar 2019,7.82,12.0,18.77,0.0224,82.0625,1.4092,686.0,185.0,13.0,6.6635,36.0,94,501.0,9.27,7.6,7.73,9.22,0.64,0.37,-0.63,316.0,85.6,343
463,HAVELLS,Mar 2020,7.79,11.0,17.05,0.0167,23.0196,1.3347,279.0,548.0,12.0,6.8444,34.0,72,827.0,9.27,7.6,7.73,9.22,1.13,-0.66,-0.87,279.0,105.2,293
465,HAVELLS,Mar 2022,8.58,13.0,19.92,0.1026,28.8657,1.3245,969.0,759.0,19.0,9.5286,39.0,616,1728.0,9.27,7.6,7.73,9.22,1.44,-0.44,-0.32,969.0,117.6,261
466,HAVELLS,Mar 2023,6.34,10.0,16.18,0.0337,32.7091,1.5157,596.0,31.0,17.0,10.5175,44.0,223,565.0,9.27,7.6,7.73,9.22,0.53,0.05,-1.61,534.0,81.2,351
467,HAVELLS,Mar 2024,6.84,10.0,17.07,0.0407,25.3571,1.4952,335.0,1618.0,20.0,11.8206,44.0,303,1953.0,9.27,7.6,7.73,9.22,1.54,-0.83,-0.27,335.0,121.6,251
468,HCLTECH,Jun 2013,15.79,22.0,30.69,0.0793,56.717,1.1421,2131.0,2361.0,14.0,9.4705,21.0,1044,4492.0,13.37,12.77,13.35,13.26,1.11,-0.53,-0.46,2131.0,104.4,295
469,HCLTECH,Jun 2014,20.31,25.0,33.39,0.0521,76.4211,1.0722,1615.0,4842.0,23.0,13.9643,11.0,1018,6457.0,13.37,12.77,13.35,13.26,0.99,-0.75,-0.2,1615.0,99.6,309
470,HCLTECH,Jun 2015,20.0,23.0,30.31,0.0268,105.6264,1.0413,3451.0,2088.0,26.0,8.6206,58.0,648,5539.0,13.37,12.77,13.35,13.26,0.75,-0.38,-0.57,3451.0,90.0,334
471,HCLTECH,Mar 2017,18.09,22.0,26.12,0.0177,128.7528,1.0395,5105.0,3890.0,30.0,11.5611,40.0,582,8995.0,13.37,12.77,13.35,13.26,1.05,-0.43,-0.5,5105.0,102.0,302
472,HCLTECH,Mar 2018,17.25,22.0,23.97,0.0153,180.8116,1.0538,6092.0,2236.0,31.0,13.0885,19.0,557,8328.0,13.37,12.77,13.35,13.26,0.95,-0.27,-0.69,6092.0,98.0,313
473,HCLTECH,Mar 2019,16.75,23.0,24.46,0.1014,85.454,1.0356,5715.0,3256.0,37.0,15.2642,11.0,4195,8971.0,13.37,12.77,13.35,13.26,0.89,-0.36,-0.16,5715.0,95.6,320
474,HCLTECH,Mar 2020,15.64,24.0,21.57,0.1558,35.4554,0.8534,1027.0,12332.0,41.0,9.4414,25.0,7986,13359.0,13.37,12.77,13.35,13.26,1.21,-0.92,-0.24,1027.0,108.4,285
475,HCLTECH,Mar 2021,14.82,27.0,18.64,0.1146,41.047,0.876,13953.0,5665.0,41.0,11.0337,24.0,6864,19618.0,13.37,12.77,13.35,13.26,1.76,-0.29,-0.57,13953.0,130.4,232
476,HCLTECH,Mar 2022,15.79,24.0,21.84,0.1024,67.6991,0.9632,18497.0,1597.0,50.0,11.4022,84.0,6343,16900.0,13.37,12.77,13.35,13.26,1.25,0.09,-0.86,15303.0,110.0,281
477,HCLTECH,Mar 2023,14.63,22.0,22.7,0.0733,67.949,1.088,14436.0,3573.0,55.0,12.0451,88.0,4794,18009.0,13.37,12.77,13.35,13.26,1.21,-0.2,-0.88,14436.0,108.4,285
478,HCLTECH,Mar 2024,14.29,22.0,23.01,0.0844,46.4611,1.1102,15840.0,6608.0,58.0,12.5715,90.0,5758,22448.0,13.37,12.77,13.35,13.26,1.43,-0.29,-0.69,15840.0,117.2,263
480,HDFCBANK,Mar 2014,20.6,5602.0,19.85,9.4341,1.6294,0.0845,3112.0,1099.0,18.0,9.2015,19.0,416677,4211.0,20.29,21.6,16.88,21.04,0.48,-0.26,2.2,3112.0,79.2,357
483,HDFCBANK,Mar 2017,20.9,11374.0,16.69,8.0784,1.8498,0.0821,16136.0,1146.0,30.0,17.8936,18.0,741550,17282.0,20.29,21.6,16.88,21.04,1.13,-0.07,-0.34,16136.0,105.2,293
484,HDFCBANK,Mar 2018,21.76,13374.0,16.94,8.6207,1.8402,0.0773,16372.0,842.0,36.0,21.1173,18.0,944817,17214.0,20.29,21.6,16.88,21.04,0.93,-0.05,3.33,16372.0,97.2,315
487,HDFCBANK,Mar 2021,24.78,16848.0,15.18,7.2037,1.9197,0.0714,40653.0,1823.0,58.0,38.078,11.0,1511418,42476.0,20.29,21.6,16.88,21.04,1.33,-0.04,-0.17,40653.0,113.2,273
489,HDFCBANK,Mar 2023,27.03,29932.0,15.94,7.3909,1.8595,0.0675,17822.0,2992.0,82.0,51.8706,23.0,2139212,20814.0,20.29,21.6,16.88,21.04,0.45,-0.14,1.15,17822.0,78.0,360
490,HDFCBANK,Mar 2024,23.07,-44685.0,14.34,6.8088,1.4008,0.0704,35669.0,16600.0,84.0,60.0521,23.0,3107503,19069.0,20.29,21.6,16.88,21.04,0.29,0.87,-0.21,2469.0,71.6,370
491,HDFCLIFE,Mar 2013,3.18,525.0,33.43,0.0,483.5357,0.3354,,,2.0,0.067,0.0,0,,17.84,12.03,12.25,18.96,0.0,0.0,0.0,,0.0,473
492,HDFCLIFE,Mar 2014,4.22,605.0,37.6,0.0,68.7344,0.3284,,,4.0,0.0966,14.0,0,,17.84,12.03,12.25,18.96,0.0,0.0,0.0,,0.0,473
493,HDFCLIFE,Mar 2015,2.89,874.0,30.93,0.0,333.4684,0.3927,945.0,3514.0,4.0,0.1274,18.0,0,4459.0,17.84,12.03,12.25,18.96,5.67,-0.79,-0.04,945.0,286.8,77
494,HDFCLIFE,Mar 2016,4.5,953.0,26.33,0.0,159.1852,0.237,1725.0,3962.0,4.0,0.1555,22.0,0,5687.0,17.84,12.03,12.25,18.96,6.96,-0.7,-0.04,1725.0,338.4,60
495,HDFCLIFE,Mar 2017,2.89,972.0,23.18,0.0,213.5036,0.3223,1053.0,5177.0,4.0,0.1915,25.0,0,6230.0,17.84,12.03,12.25,18.96,7.02,-0.83,-0.04,1053.0,340.79999999999995,59
496,HDFCLIFE,Mar 2018,3.43,1074.0,23.53,0.0,110.5993,0.292,2318.0,4421.0,6.0,0.2338,25.0,0,6739.0,17.84,12.03,12.25,18.96,6.09,-0.66,-0.03,2318.0,303.6,73
499,HDFCLIFE,Mar 2021,1.9,1235.0,15.75,0.0694,157.9685,0.3981,751.0,8952.0,7.0,0.4275,30.0,600,9703.0,17.84,12.03,12.25,18.96,7.13,-0.92,0.07,751.0,345.2,57
500,HDFCLIFE,Mar 2022,1.98,778.0,8.5,0.0384,86.6175,0.2909,5142.0,801.0,6.0,0.7389,27.0,600,5943.0,17.84,12.03,12.25,18.96,4.48,-0.13,-0.04,5142.0,239.2,112
503,HEROMOTOCO,Mar 2014,8.32,3553.0,37.38,0.0505,50.5488,2.497,1347.0,1616.0,105.0,14.0575,62.0,284,2963.0,4.28,6.34,6.36,10.13,1.41,-0.55,-0.48,1347.0,116.4,265
504,HEROMOTOCO,Mar 2015,8.58,3520.0,36.15,0.0153,73.9415,2.5848,2217.0,31.0,118.0,16.35,51.0,100,2186.0,4.28,6.34,6.36,10.13,0.92,0.01,-0.97,2155.0,96.8,316
505,HEROMOTOCO,Mar 2016,10.94,4424.0,35.23,0.0263,57.1235,2.2067,1422.0,2300.0,157.0,22.085,46.0,232,3722.0,4.28,6.34,6.36,10.13,1.2,-0.62,-0.4,1422.0,108.0,286
506,HEROMOTOCO,Mar 2017,12.39,4585.0,34.37,0.0253,28.9651,1.8685,2035.0,1972.0,179.0,25.79,47.0,261,4007.0,4.28,6.34,6.36,10.13,1.13,-0.49,-0.51,2035.0,105.2,293
507,HEROMOTOCO,Mar 2018,11.47,5334.0,31.09,0.019,48.1206,1.8657,2159.0,1858.0,186.0,29.93,51.0,228,4017.0,4.28,6.34,6.36,10.13,1.08,-0.46,-0.52,2159.0,103.2,298
508,HEROMOTOCO,Mar 2019,10.2,5025.0,26.42,0.0238,39.0837,1.8359,2330.0,1298.0,172.0,32.8,50.0,312,1032.0,4.28,6.34,6.36,10.13,0.3,1.26,-2.18,-266.0,12.0,454
509,HEROMOTOCO,Mar 2020,12.51,4070.0,25.4,0.0314,17.5718,1.4869,2699.0,2819.0,182.0,36.015,49.0,453,5518.0,4.28,6.34,6.36,10.13,1.51,-0.51,-0.47,2699.0,120.4,254
510,HEROMOTOCO,Mar 2021,9.48,4058.0,19.05,0.0379,48.6709,1.3404,1821.0,2289.0,146.0,38.54,72.0,584,4110.0,4.28,6.34,6.36,10.13,1.4,-0.56,-0.45,1821.0,116.0,266
511,HEROMOTOCO,Mar 2022,7.88,3256.0,14.7,0.0382,48.2679,1.3147,1882.0,222.0,116.0,39.6175,82.0,605,2104.0,4.28,6.34,6.36,10.13,0.9,-0.11,-0.94,1882.0,96.0,319
512,HEROMOTOCO,Mar 2023,8.200000000000001,4099.0,16.81,0.0341,53.037,1.4282,2193.0,421.0,141.0,41.64,71.0,568,2614.0,4.28,6.34,6.36,10.13,0.93,-0.16,-0.82,2193.0,97.2,315
513,HEROMOTOCO,Mar 2024,9.9,5235.0,21.14,0.0342,47.2685,1.4449,3095.0,1828.0,187.0,44.2475,75.0,606,4923.0,4.28,6.34,6.36,10.13,1.32,-0.37,-0.55,3095.0,112.8,274
516,HINDALCO,Mar 2015,0.25,8844.0,0.6799999999999999,1.7863,-114.7175,0.7357,3270.0,3873.0,4.0,18.5164,24.0,68468,7143.0,8.94,12.6,11.0,6.34,27.58,-0.54,-0.34,3270.0,1163.1999999999998,6
517,HINDALCO,Mar 2016,-0.7100000000000001,7778.0,-1.73,1.6635,60.6593,0.6997,8468.0,3220.0,-1.0,19.6179,-82.0,67552,11688.0,8.94,12.6,11.0,6.34,-16.65,-0.28,-0.76,8468.0,-606.0,637
518,HINDALCO,Mar 2017,1.88,12317.0,4.09,1.3855,73.3548,0.6855,9811.0,2876.0,8.0,20.6543,13.0,63817,12687.0,8.94,12.6,11.0,6.34,6.74,-0.23,-0.44,9811.0,329.6,63
519,HINDALCO,Mar 2018,5.28,13695.0,11.09,0.9494,35.2553,0.7835,16231.0,5333.0,27.0,24.5973,4.0,52074,10898.0,8.94,12.6,11.0,6.34,1.79,0.49,-1.51,5565.0,131.6,229
520,HINDALCO,Mar 2019,4.21,15511.0,9.56,0.9115,102.079,0.859,6521.0,5456.0,24.0,25.9014,5.0,52415,11977.0,8.94,12.6,11.0,6.34,2.18,-0.46,-0.46,6521.0,147.2,196
521,HINDALCO,Mar 2020,3.19,14306.0,6.460000000000001,1.1729,114.6247,0.7007,5518.0,7227.0,17.0,26.2689,6.0,68399,12745.0,8.94,12.6,11.0,6.34,3.38,-0.57,0.52,5518.0,195.2,133
523,HINDALCO,Mar 2022,7.04,28347.0,17.56,0.8247,133.0623,0.8792,10065.0,6773.0,61.0,35.2212,6.0,64486,16838.0,8.94,12.6,11.0,6.34,1.23,-0.4,-0.4,10065.0,109.2,283
524,HINDALCO,Mar 2023,4.52,22666.0,10.65,0.6359,153.4399,0.9987,11649.0,7559.0,45.0,42.7054,7.0,60291,19208.0,8.94,12.6,11.0,6.34,1.9,-0.39,-0.54,11649.0,136.0,221
525,HINDALCO,Mar 2024,4.7,23872.0,9.57,0.5309,126.4654,0.936,9789.0,14267.0,45.0,47.8135,8.0,56356,24056.0,8.94,12.6,11.0,6.34,2.37,-0.59,-0.45,9789.0,154.8,182
526,HINDUNILVR,Mar 2013,14.22,4220.0,134.0,0.0087,20.3028,2.2332,3668.0,63.0,18.0,1.3264,104.0,25,3605.0,7.27,8.97,8.13,17.15,0.94,0.02,-1.15,3542.0,97.6,314
527,HINDUNILVR,Mar 2014,13.53,4759.0,111.85,0.013,30.923,2.1255,3343.0,475.0,18.0,1.6375,71.0,46,3818.0,7.27,8.97,8.13,17.15,0.97,-0.12,-0.78,3343.0,98.8,311
528,HINDUNILVR,Mar 2015,13.69,5412.0,108.67,0.0107,21.3128,2.2157,3430.0,138.0,20.0,1.8644,74.0,43,3292.0,7.27,8.97,8.13,17.15,0.75,0.04,-1.05,3154.0,90.0,334
529,HINDUNILVR,Mar 2016,12.9,5910.0,63.14999999999999,0.0269,54.1029,2.1758,3889.0,282.0,19.0,3.0431,83.0,177,4171.0,7.27,8.97,8.13,17.15,1.0,-0.07,-0.93,3889.0,100.0,307
530,HINDUNILVR,Mar 2017,13.54,6328.0,66.58,0.0411,44.3119,2.1114,4012.0,1173.0,21.0,3.1222,82.0,277,5185.0,7.27,8.97,8.13,17.15,1.15,-0.23,-0.81,4012.0,106.0,291
531,HINDUNILVR,Mar 2018,14.71,7499.0,71.78999999999999,0.0,79.5099,1.99,4996.0,1063.0,24.0,3.3708,83.0,0,6059.0,7.27,8.97,8.13,17.15,1.16,-0.18,-0.82,4996.0,106.4,290
532,HINDUNILVR,Mar 2019,15.42,8880.0,77.03,0.0126,94.5745,2.1102,5362.0,438.0,28.0,3.6421,78.0,99,5800.0,7.27,8.97,8.13,17.15,0.96,-0.08,-0.93,5362.0,98.4,312
533,HINDUNILVR,Mar 2020,16.98,9861.0,82.1,0.0,70.6297,1.974,9414.0,1791.0,31.0,3.8097,80.0,0,7623.0,7.27,8.97,8.13,17.15,1.13,0.23,-0.89,5832.0,105.2,293
534,HINDUNILVR,Mar 2021,17.01,11626.0,16.78,0.0,208.3941,0.6841,7935.0,1228.0,34.0,20.2868,119.0,0,9163.0,7.27,8.97,8.13,17.15,1.15,-0.13,-1.02,7935.0,106.0,291
535,HINDUNILVR,Mar 2022,16.95,12857.0,18.12,0.0213,180.8858,0.7439,7320.0,1728.0,38.0,20.877,90.0,1043,9048.0,7.27,8.97,8.13,17.15,1.02,-0.19,-0.89,7320.0,100.8,305
536,HINDUNILVR,Mar 2023,16.74,14147.0,20.16,0.0242,103.6964,0.829,8507.0,1484.0,43.0,21.406,91.0,1219,9991.0,7.27,8.97,8.13,17.15,0.99,-0.15,-0.9,8507.0,99.6,309
537,HINDUNILVR,Mar 2024,16.61,14659.0,20.07,0.029,57.847,0.7886,10145.0,5324.0,44.0,21.7949,96.0,1484,15469.0,7.27,8.97,8.13,17.15,1.5,-0.34,-0.65,10145.0,120.0,255
541,ICICIBANK,Mar 2016,18.43,-26955.0,11.61,7.1347,1.24,0.0645,11585.0,12060.0,16.0,8.0921,29.0,671455,23645.0,12.3,14.68,13.7,11.01,2.16,-0.51,0.25,11585.0,146.4,198
542,ICICIBANK,Mar 2017,18.61,-37737.0,10.84,6.6985,1.2158,0.0618,50925.0,1711.0,16.0,8.9813,14.0,700874,52636.0,12.3,14.68,13.7,11.01,4.64,-0.03,-0.67,50925.0,245.6,105
544,ICICIBANK,Mar 2019,7.9,-50971.0,4.98,7.8041,1.4109,0.0581,18389.0,30282.0,7.0,8.8637,15.0,891641,48671.0,12.3,14.68,13.7,11.01,8.56,-0.62,-0.41,18389.0,402.4,46
545,ICICIBANK,Mar 2020,13.23,-45190.0,9.13,8.2518,1.3134,0.0616,37470.0,42095.0,15.0,9.495,0.0,1014636,79565.0,12.3,14.68,13.7,11.01,7.09,-0.53,0.04,37470.0,343.6,58
546,ICICIBANK,Mar 2021,22.84,-44805.0,12.92,7.0046,1.2644,0.0567,74384.0,63631.0,27.0,11.3946,8.0,1103840,138015.0,12.3,14.68,13.7,11.01,6.78,-0.46,-0.4,74384.0,331.2,62
547,ICICIBANK,Mar 2022,27.82,-26558.0,14.58,6.8824,1.3,0.0544,18663.0,39448.0,36.0,13.0973,14.0,1252968,58111.0,12.3,14.68,13.7,11.01,2.19,-0.68,0.3,18663.0,147.6,195
549,ICICIBANK,Mar 2024,28.89,-14152.0,17.99,6.4456,1.3009,0.0675,12547.0,144737.0,63.0,18.2309,16.0,1651008,157284.0,12.3,14.68,13.7,11.01,3.41,-0.92,0.09,12547.0,196.4,132
550,ICICIGI,Mar 2013,8.799999999999999,-178.0,18.88,0.0,7.1451,0.3175,22.0,962.0,8.0,0.4279,0.0,0,984.0,15.79,17.79,16.69,15.06,2.79,-0.98,0.1,22.0,171.6,154
552,ICICIGI,Mar 2015,13.82,-221.0,20.27,0.0,4.4869,0.2891,73.0,171.0,13.0,0.6456,15.0,0,-98.0,15.79,17.79,16.69,15.06,-0.17,-1.74,0.95,-269.0,-6.800000000000001,482
553,ICICIGI,Mar 2016,8.4,764.0,15.66,0.0,,0.3849,201.0,310.0,11.0,0.7225,26.0,0,511.0,15.79,17.79,16.69,15.06,1.01,-0.61,-0.29,201.0,100.4,306
555,ICICIGI,Mar 2018,12.47,-262.0,18.98,0.1068,4.5698,0.2323,494.0,1896.0,19.0,1.0002,17.0,485,2390.0,15.79,17.79,16.69,15.06,2.77,-0.79,-0.04,494.0,170.8,156
556,ICICIGI,Mar 2019,9.4,1669.0,19.43,0.0898,-4754.5,0.3342,120.0,2856.0,23.0,1.1894,26.0,485,2976.0,15.79,17.79,16.69,15.06,2.84,-0.96,-0.1,120.0,173.6,151
557,ICICIGI,Mar 2020,10.37,1772.0,19.47,0.0791,650.6667,0.3109,51.0,3382.0,26.0,1.3511,13.0,485,3433.0,15.79,17.79,16.69,15.06,2.88,-0.99,-0.12,51.0,175.2,150
558,ICICIGI,Mar 2021,12.11,2072.0,19.38,0.0638,842.25,0.3095,407.0,1367.0,32.0,1.6701,25.0,485,1774.0,15.79,17.79,16.69,15.06,1.2,-0.77,-0.12,407.0,108.0,286
559,ICICIGI,Mar 2022,7.93,1016.0,13.83,0.0277,18.5612,0.3152,944.0,135.0,26.0,1.8723,35.0,255,809.0,15.79,17.79,16.69,15.06,0.64,0.17,-1.09,674.0,85.6,343
560,ICICIGI,Mar 2023,9.67,1264.0,16.55,0.0034,16.7699,0.3245,605.0,1685.0,35.0,2.1271,31.0,35,2290.0,15.79,17.79,16.69,15.06,1.32,-0.74,-0.3,605.0,112.8,274
561,ICICIGI,Mar 2024,9.37,2577.0,15.72,0.0029,160.0268,0.3236,486.0,1921.0,39.0,2.4757,28.0,35,2407.0,15.79,17.79,16.69,15.06,1.25,-0.8,-0.15,486.0,110.0,281
563,ICICIPRULI,Mar 2014,7.13,1504.0,35.61,0.0,158.0698,0.2687,3630.0,6012.0,11.0,0.3067,70.0,0,-2382.0,11.95,-3.61,-3.7,13.02,-1.53,-2.52,0.46,-8394.0,-61.2,530
565,ICICIPRULI,Mar 2016,7.91,1842.0,31.0,0.1933,,0.199,3661.0,27.0,12.0,0.3717,73.0,1029,3634.0,11.95,-3.61,-3.7,13.02,2.2,0.01,-0.4,3607.0,148.0,194
566,ICICIPRULI,Mar 2017,4.45,1806.0,26.26,0.0,277.0385,0.3032,3434.0,696.0,12.0,0.4464,63.0,0,4130.0,11.95,-3.61,-3.7,13.02,2.46,-0.17,-0.24,3434.0,158.4,174
567,ICICIPRULI,Mar 2018,4.17,1771.0,24.63,0.0,280.8106,0.2738,301.0,5389.0,11.0,0.4578,59.0,0,5690.0,11.95,-3.61,-3.7,13.02,3.51,-0.95,-0.21,301.0,200.4,128
568,ICICIPRULI,Mar 2019,2.75,541.0,16.58,0.0,50.3358,0.2542,3818.0,7559.0,8.0,0.4785,40.0,0,11377.0,11.95,-3.61,-3.7,13.02,9.99,-0.66,-0.07,3818.0,459.6,31
570,ICICIPRULI,Mar 2021,1.15,-390.0,10.5,0.1317,50.0731,0.3829,2230.0,5084.0,7.0,0.6343,30.0,1200,7314.0,11.95,-3.61,-3.7,13.02,7.65,-0.7,0.16,2230.0,366.0,51
571,ICICIPRULI,Mar 2022,1.19,-2163.0,8.290000000000001,0.131,20.597,0.26,1015.0,816.0,5.0,0.6373,10.0,1200,1831.0,11.95,-3.61,-3.7,13.02,2.41,-0.45,-0.17,1015.0,156.4,179
573,ICICIPRULI,Mar 2024,0.94,-1829.0,7.73,0.109,31.0215,0.302,105.0,7420.0,6.0,0.7637,10.0,1200,-7315.0,11.95,-3.61,-3.7,13.02,-8.6,-1.01,0.01,-14735.0,-344.0,625
578,INDUSINDBK,Mar 2017,19.91,379.0,13.89,7.2182,1.3635,0.0806,11284.0,285.0,48.0,3.4525,13.0,149026,11569.0,17.63,18.48,14.73,17.64,4.03,-0.02,-0.24,11284.0,221.2,119
582,INDUSINDBK,Mar 2021,9.78,-2469.0,6.54,7.0916,2.4376,0.0799,44420.0,226.0,37.0,5.61,14.0,307528,44646.0,17.63,18.48,14.73,17.64,15.74,-0.01,-0.09,44420.0,689.6,19
583,INDUSINDBK,Mar 2022,14.96,-839.0,9.67,7.1493,2.1594,0.0767,16249.0,351.0,60.0,6.1546,14.0,341005,16600.0,17.63,18.48,14.73,17.64,3.6,-0.02,-0.26,16249.0,204.0,124
586,INFY,Mar 2013,23.37,29.0,24.82,0.0,2780.6,0.872,4451.0,2922.0,21.0,13.2846,25.0,0,7373.0,12.16,9.39,10.15,9.79,0.78,-0.4,-0.44,4451.0,91.2,331
587,INFY,Mar 2014,21.26,27.0,23.93,0.0,1783.7778,0.8801,7262.0,2563.0,23.0,15.5699,34.0,0,9825.0,12.16,9.39,10.15,9.79,0.92,-0.26,-0.32,7262.0,96.8,316
588,INFY,Mar 2015,23.2,28.0,24.39,0.0,1526.0833,0.8043,9352.0,999.0,27.0,8.8699,55.0,0,8353.0,12.16,9.39,10.15,9.79,0.68,0.12,-0.59,7354.0,87.2,340
589,INFY,Mar 2016,21.6,27.0,21.85,0.0,,0.8315,9143.0,885.0,29.0,5.3972,41.0,0,10028.0,12.16,9.39,10.15,9.79,0.74,-0.09,-0.68,9143.0,89.6,335
591,INFY,Mar 2018,22.73,27.0,24.69,0.0,,0.8888,17751.0,4533.0,37.0,5.9672,59.0,0,13218.0,12.16,9.39,10.15,9.79,0.82,0.34,-1.55,8685.0,92.8,327
592,INFY,Mar 2019,18.64,24.0,23.73,0.0,,0.9835,14209.0,632.0,35.0,2.993,60.0,0,14841.0,12.16,9.39,10.15,9.79,0.96,-0.04,-0.98,14209.0,98.4,312
593,INFY,Mar 2020,18.33,25.0,25.42,0.0708,147.4706,0.989,16672.0,331.0,39.0,3.0844,45.0,4633,17003.0,12.16,9.39,10.15,9.79,1.02,-0.02,-1.03,16672.0,100.8,305
594,INFY,Mar 2021,19.33,28.0,25.44,0.0697,154.3077,0.9345,15851.0,7373.0,45.0,3.5947,59.0,5325,23224.0,12.16,9.39,10.15,9.79,1.2,-0.32,-0.42,15851.0,108.0,286
595,INFY,Mar 2022,18.21,26.0,29.39,0.0726,168.93,1.0421,17400.0,6485.0,53.0,3.5915,59.0,5474,23885.0,12.16,9.39,10.15,9.79,1.08,-0.27,-1.03,17400.0,103.2,298
596,INFY,Mar 2023,16.43,24.0,31.97,0.1101,133.2077,1.1779,21396.0,1071.0,58.0,3.6446,73.0,8299,22467.0,12.16,9.39,10.15,9.79,0.93,-0.05,-1.19,21396.0,97.2,315
597,INFY,Mar 2024,17.08,24.0,29.79,0.0949,87.5234,1.1298,20117.0,5093.0,63.0,4.2548,,8359,25210.0,12.16,9.39,10.15,9.79,0.96,-0.2,-0.69,20117.0,98.4,312
598,IOC,Mar 2013,0.79,3.0,5.75,1.4225,2.4232,1.9091,46.0,9294.0,3.0,2.5963,36.0,89671,9340.0,4.26,9.61,8.52,6.42,2.58,-1.0,0.04,46.0,163.2,167
599,IOC,Mar 2014,1.43,4.0,10.26,1.3976,3.7468,1.8362,5601.0,18594.0,5.0,2.7971,30.0,94916,24195.0,4.26,9.61,8.52,6.42,3.47,-0.77,-0.13,5601.0,198.8,130
600,IOC,Mar 2015,1.08,2.0,7.08,0.9428,3.9122,1.9219,35877.0,10215.0,3.0,2.8349,33.0,64893,46092.0,4.26,9.61,8.52,6.42,9.46,-0.22,-0.83,35877.0,438.4,36
601,IOC,Mar 2016,3.59,6.0,13.8,0.6507,7.8167,1.4934,12014.0,13610.0,8.0,3.7966,28.0,58552,25624.0,4.26,9.61,8.52,6.42,2.06,-0.53,-0.46,12014.0,142.4,206
602,IOC,Mar 2017,5.74,10.0,19.97,0.6197,10.2872,1.2983,10532.0,17684.0,14.0,2.1544,45.0,63271,28216.0,4.26,9.61,8.52,6.42,1.38,-0.63,-0.39,10532.0,115.2,268
603,IOC,Mar 2018,5.37,10.0,19.87,0.5765,11.8681,1.4246,11996.0,17119.0,15.0,1.2013,90.0,65650,29115.0,4.26,9.61,8.52,6.42,1.29,-0.59,-0.41,11996.0,111.6,276
606,IOC,Mar 2021,5.98,11.0,19.46,1.043,15.2148,1.0248,26715.0,22935.0,15.0,1.2181,51.0,116649,49650.0,4.26,9.61,8.52,6.42,2.28,-0.46,-0.55,26715.0,151.2,190
607,IOC,Mar 2022,4.37,8.0,19.27,0.9887,9.5508,1.4343,4453.0,21294.0,18.0,1.4545,46.0,132020,25747.0,4.26,9.61,8.52,6.42,1.0,-0.83,-0.16,4453.0,100.0,307
608,IOC,Mar 2023,1.39,4.0,8.38,1.0662,4.7189,1.9044,1614.0,28030.0,7.0,1.0145,42.0,148977,29644.0,4.26,9.61,8.52,6.42,2.53,-0.95,-0.06,1614.0,161.2,169
609,IOC,Mar 2024,5.56,10.0,23.53,0.7231,10.2823,1.6084,39635.0,31464.0,30.0,1.3318,40.0,132628,71099.0,4.26,9.61,8.52,6.42,1.65,-0.44,-0.55,39635.0,126.0,241
610,IRCTC,Mar 2015,12.37,14.0,29.5,0.0,,0.9114,23.0,46.0,13.0,2.22,20.0,0,69.0,15.45,24.79,1.44,19.32,0.53,-0.67,-0.25,23.0,81.2,351
611,IRCTC,Mar 2016,13.83,14.0,34.87,0.0,,0.9513,295.0,7.0,19.0,2.71,40.0,0,288.0,15.45,24.79,1.44,19.32,1.52,0.02,-0.11,281.0,120.8,253
612,IRCTC,Mar 2017,15.07,21.0,29.1,0.0,127.0,0.8324,432.0,94.0,11.0,1.9675,49.0,0,338.0,15.45,24.79,1.44,19.32,1.48,0.28,-0.4,244.0,119.2,257
613,IRCTC,Mar 2018,15.08,19.0,23.14,0.0,124.3333,0.6322,64.0,40.0,11.0,2.3875,21.0,0,24.0,15.45,24.79,1.44,19.32,0.11,1.67,-2.38,-16.0,4.4,464
614,IRCTC,Mar 2019,16.52,20.0,28.85,0.0,254.5,0.7209,146.0,353.0,4.0,0.6694,98.0,0,499.0,15.45,24.79,1.44,19.32,1.61,-0.71,-0.36,146.0,124.4,244
615,IRCTC,Mar 2020,22.66,31.0,39.04,0.0,78.0,0.6985,417.0,8.0,6.0,0.8213,39.0,0,409.0,15.45,24.79,1.44,19.32,0.8,0.02,-0.68,401.0,92.0,329
617,IRCTC,Mar 2022,35.13,47.0,35.29,0.0561,86.0,0.4838,282.0,242.0,8.0,1.1687,42.0,105,524.0,15.45,24.79,1.44,19.32,0.79,-0.46,-0.49,282.0,91.6,330
618,IRCTC,Mar 2023,28.41,36.0,40.6,0.0339,89.0,0.6958,495.0,317.0,13.0,1.5488,44.0,84,812.0,15.45,24.79,1.44,19.32,0.81,-0.39,-0.53,495.0,92.4,328
619,IRCTC,Mar 2024,26.02,34.0,34.4,0.0186,82.7368,0.701,667.0,215.0,14.0,2.0187,47.0,60,882.0,15.45,24.79,1.44,19.32,0.79,-0.24,-0.46,667.0,91.6,330
628,IRFC,Mar 2024,24.06,100.0,13.04,8.3784,1.3195,0.0549,7906.0,8.0,5.0,0.3763,31.0,412039,7914.0,14.06,23.45,-27.1,17.59,1.23,-0.0,-1.02,7906.0,109.2,283
629,ITC,Mar 2013,24.37,35.0,33.27,0.0044,111.787,0.895,3221.0,3881.0,6.0,2.9314,55.0,102,7102.0,7.48,8.64,8.52,8.5,0.92,-0.55,-0.47,3221.0,96.8,316
630,ITC,Mar 2014,25.49,37.0,33.05,0.0089,484.3448,0.8643,4090.0,3254.0,7.0,3.426,54.0,242,7344.0,7.48,8.64,8.52,8.5,0.82,-0.44,-0.56,4090.0,92.8,327
631,ITC,Mar 2015,25.19,37.0,30.81,0.0085,170.1209,0.8447,4568.0,5275.0,8.0,3.9571,52.0,269,9843.0,7.48,8.64,8.52,8.5,1.01,-0.54,-0.47,4568.0,100.4,306
632,ITC,Mar 2016,24.24,37.0,22.26,0.002,205.3077,0.7588,5878.0,3921.0,8.0,5.3019,73.0,84,9799.0,7.48,8.64,8.52,8.5,1.03,-0.4,-0.57,5878.0,101.2,304
633,ITC,Mar 2017,24.5,36.0,22.57,0.001,351.6122,0.7651,7376.0,3251.0,8.0,3.82,56.0,46,10627.0,7.48,8.64,8.52,8.5,1.01,-0.31,-0.69,7376.0,100.4,306
634,ITC,Mar 2018,26.45,38.0,21.89,0.0007,163.1391,0.6763,6055.0,7114.0,9.0,4.3041,56.0,36,13169.0,7.48,8.64,8.52,8.5,1.15,-0.54,-0.47,6055.0,106.0,291
635,ITC,Mar 2019,26.55,38.0,21.7,0.0002,290.3803,0.6738,7037.0,5546.0,10.0,4.8239,56.0,13,12583.0,7.48,8.64,8.52,8.5,0.98,-0.44,-0.55,7037.0,99.2,310
636,ITC,Mar 2020,31.57,39.0,23.89,0.0042,268.6543,0.6388,8516.0,6174.0,12.0,5.3111,82.0,277,14690.0,7.48,8.64,8.52,8.5,0.94,-0.42,-0.56,8516.0,97.6,314
637,ITC,Mar 2021,27.17,35.0,22.18,0.0045,338.6552,0.6678,18267.0,5740.0,11.0,4.9023,101.0,271,12527.0,7.48,8.64,8.52,8.5,0.94,0.46,-1.49,6787.0,97.6,314
638,ITC,Mar 2022,25.56,34.0,24.82,0.004,375.55,0.7856,13538.0,2238.0,12.0,5.0694,93.0,249,15776.0,7.48,8.64,8.52,8.5,1.02,-0.14,-0.86,13538.0,100.8,305
639,ITC,Mar 2023,27.46,36.0,28.16,0.0044,356.4359,0.8263,13146.0,5732.0,15.0,5.5636,100.0,306,18878.0,7.48,8.64,8.52,8.5,0.97,-0.3,-0.69,13146.0,98.8,311
640,ITC,Mar 2024,29.28,37.0,27.85,0.0041,362.9625,0.7723,18742.0,1563.0,16.0,5.9701,84.0,303,17179.0,7.48,8.64,8.52,8.5,0.83,0.09,-1.08,15616.0,93.2,326
644,JINDALSTEL,Mar 2016,-15.86,18.0,-9.52,1.4427,1.032,0.2107,2071.0,2262.0,-32.0,35.644,0.0,46797,4333.0,8.03,4.59,4.06,3.15,-1.4,-0.52,-0.62,2071.0,4.0,465
645,JINDALSTEL,Mar 2017,-11.75,22.0,-8.450000000000001,1.5257,1.2633,0.2385,4852.0,1998.0,-25.0,32.6641,0.0,45850,6850.0,8.03,4.59,4.06,3.15,-2.7,-0.29,-0.75,4852.0,-48.0,520
646,JINDALSTEL,Mar 2018,-4.850000000000001,19.0,-5.319999999999999,1.4139,1.5222,0.373,6293.0,1431.0,-15.0,31.3247,0.0,42962,7724.0,8.03,4.59,4.06,3.15,-4.78,-0.19,-0.81,6293.0,-131.20000000000002,568
647,JINDALSTEL,Mar 2019,-5.140000000000001,18.0,-7.52,1.2329,1.628,0.5277,8195.0,832.0,-17.0,33.0773,0.0,39559,9027.0,8.03,4.59,4.06,3.15,-3.74,-0.09,-0.92,8195.0,-89.60000000000002,548
648,JINDALSTEL,Mar 2020,-1.05,18.0,-1.24,1.1458,1.8325,0.4226,7338.0,1476.0,-1.0,31.5069,0.0,36824,8814.0,8.03,4.59,4.06,3.15,-22.04,-0.17,-0.8,7338.0,-821.5999999999999,643
649,JINDALSTEL,Mar 2021,12.34,32.0,13.41,0.9401,4.085,0.4442,10077.0,1884.0,36.0,31.1912,0.0,29910,11961.0,8.03,4.59,4.06,3.15,2.8,-0.16,-0.39,10077.0,172.0,153
650,JINDALSTEL,Mar 2022,13.22,30.0,18.99,0.379,7.2431,0.6676,13717.0,2331.0,56.0,35.2723,5.0,13502,16048.0,8.03,4.59,4.06,3.15,2.37,-0.15,-0.94,13717.0,154.8,182
651,JINDALSTEL,Mar 2023,7.470000000000001,19.0,10.27,0.3371,6.5028,0.7664,3257.0,4090.0,31.0,38.706,6.0,13046,7347.0,8.03,4.59,4.06,3.15,1.85,-0.56,-0.34,3257.0,134.0,224
653,JIOFIN,Mar 2023,68.89,88.0,0.03,0.0065,,0.0004,945.0,1110.0,,5706.0,0.0,743,2055.0,561.31,619.99,,12.02,66.29,-0.54,-0.43,945.0,2711.6000000000004,2
654,JIOFIN,Mar 2024,86.52,84.0,1.15,0.0,198.8,0.0128,763.0,1441.0,3.0,2.1903,0.0,0,-678.0,561.31,619.99,,12.02,-0.42,-2.13,1.11,-2119.0,-16.8,491
655,JSWENERGY,Mar 2013,10.16,32.0,14.52,1.6726,2.918,0.4353,781.0,944.0,6.0,0.3783,36.0,10377,1725.0,2.13,6.82,5.18,10.14,1.91,-0.55,-0.4,781.0,136.39999999999998,220
656,JSWENERGY,Mar 2014,8.790000000000001,38.0,11.57,1.538,2.5506,0.4494,1906.0,363.0,5.0,0.4007,43.0,10106,2269.0,2.13,6.82,5.18,10.14,2.99,-0.16,-0.82,1906.0,179.60000000000002,147
657,JSWENERGY,Mar 2015,14.53,39.0,18.06,1.2362,3.3597,0.4813,2972.0,422.0,8.0,0.4584,24.0,9294,3394.0,2.13,6.82,5.18,10.14,2.5,-0.12,-0.69,2972.0,160.0,172
658,JSWENERGY,Mar 2016,14.86,41.0,15.05,1.5315,2.9166,0.3442,266.0,3272.0,9.0,0.5964,22.0,14862,3538.0,2.13,6.82,5.18,10.14,2.42,-0.92,-0.46,266.0,156.8,178
659,JSWENERGY,Mar 2017,7.539999999999999,40.0,6.01,1.3838,2.1039,0.2911,3091.0,762.0,4.0,0.6369,13.0,14349,3853.0,2.13,6.82,5.18,10.14,6.18,-0.2,-0.67,3091.0,307.2,71
660,JSWENERGY,Mar 2018,1.06,34.0,0.77,1.0696,1.8956,0.3012,3719.0,215.0,0.0,0.6774,0.0,11883,3934.0,2.13,6.82,5.18,10.14,46.28,-0.05,-1.01,3719.0,1911.2,4
661,JSWENERGY,Mar 2019,7.489999999999999,31.0,5.79,0.8928,2.729,0.3525,2436.0,55.0,4.0,0.7204,24.0,10555,2491.0,2.13,6.82,5.18,10.14,3.64,-0.02,-1.01,2436.0,205.6,123
662,JSWENERGY,Mar 2020,13.07,36.0,9.28,0.8449,3.1713,0.3318,2383.0,301.0,7.0,0.7093,15.0,9840,2082.0,2.13,6.82,5.18,10.14,1.93,0.14,-0.94,1781.0,137.2,217
663,JSWENERGY,Mar 2021,11.89,42.0,5.67,0.577,3.5279,0.2641,2670.0,1030.0,5.0,0.8835,41.0,8371,3700.0,2.13,6.82,5.18,10.14,4.5,-0.28,-0.68,2670.0,240.0,111
664,JSWENERGY,Mar 2022,21.34,44.0,10.01,0.5135,5.3372,0.2676,1565.0,1387.0,11.0,1.0619,19.0,8943,2952.0,2.13,6.82,5.18,10.14,1.69,-0.47,-0.26,1565.0,127.6,239
667,JSWSTEEL,Mar 2013,2.43,17.0,5.44,1.2672,3.1546,0.6644,411.0,5433.0,4.0,6.0088,30.0,21625,5844.0,13.26,11.17,11.0,12.37,6.29,-0.93,-0.14,411.0,311.6,68
669,JSWSTEEL,Mar 2015,3.25,18.0,7.73,1.7386,2.7103,0.6184,504.0,7372.0,7.0,7.3564,19.0,38754,7876.0,13.26,11.17,11.0,12.37,4.57,-0.94,-0.02,504.0,242.8,108
670,JSWSTEEL,Mar 2016,-1.16,15.0,-2.54,2.2252,1.2374,0.5072,3040.0,3857.0,-1.0,6.301,-67.0,42204,6897.0,13.26,11.17,11.0,12.37,-14.34,-0.56,-0.46,3040.0,-513.6,634
671,JSWSTEEL,Mar 2017,6.239999999999999,22.0,15.31,1.9135,3.2712,0.6318,2794.0,5094.0,15.0,7.5239,19.0,43334,7888.0,13.26,11.17,11.0,12.37,2.28,-0.65,-0.34,2794.0,151.2,190
672,JSWSTEEL,Mar 2018,8.5,21.0,21.83,1.407,3.9824,0.7821,7850.0,4529.0,26.0,9.2709,16.0,39393,12379.0,13.26,11.17,11.0,12.37,2.03,-0.37,-0.66,7850.0,141.2,208
673,JSWSTEEL,Mar 2019,8.88,22.0,21.62,1.3621,4.8828,0.7383,3246.0,11387.0,32.0,11.5598,16.0,47396,14633.0,13.26,11.17,11.0,12.37,1.94,-0.78,0.12,3246.0,137.6,216
675,JSWSTEEL,Mar 2021,9.86,25.0,16.84,1.3342,5.2189,0.5383,11087.0,7702.0,33.0,15.4848,25.0,62392,18789.0,13.26,11.17,11.0,12.37,2.39,-0.41,-0.17,11087.0,155.60000000000002,180
676,JSWSTEEL,Mar 2022,14.3,27.0,31.11,1.0734,8.1952,0.7449,11522.0,14748.0,85.0,22.3578,25.0,72237,26270.0,13.26,11.17,11.0,12.37,1.25,-0.56,-0.56,11522.0,110.0,281
677,JSWSTEEL,Mar 2023,2.49,11.0,6.3,1.2307,2.9022,0.7883,12593.0,10730.0,17.0,21.8256,25.0,80853,23323.0,13.26,11.17,11.0,12.37,5.63,-0.46,-0.26,12593.0,285.2,78
680,KOTAKBANK,Mar 2014,21.08,-1379.0,13.24,4.5031,1.333,0.0981,7938.0,1130.0,16.0,4.9569,2.0,85937,9068.0,15.96,21.22,18.33,17.07,3.59,-0.12,-0.64,7938.0,203.6,125
682,KOTAKBANK,Mar 2016,17.27,-2263.0,10.56,5.3854,1.5109,0.0847,2672.0,2353.0,19.0,3.6384,3.0,179679,5025.0,15.96,21.22,18.33,17.07,1.43,-0.47,0.4,2672.0,117.2,263
683,KOTAKBANK,Mar 2017,22.48,-3965.0,13.04,5.3318,1.2705,0.0808,7933.0,5289.0,27.0,4.1839,2.0,205230,13222.0,15.96,21.22,18.33,17.07,2.63,-0.4,0.46,7933.0,165.2,163
686,KOTAKBANK,Mar 2020,25.67,-5005.0,12.9,4.8993,1.3357,0.0755,33551.0,13068.0,45.0,6.9631,0.0,326477,46619.0,15.96,21.22,18.33,17.07,5.43,-0.28,-0.02,33551.0,277.2,83
690,KOTAKBANK,Mar 2024,32.39,-13382.0,14.01,4.0037,1.2364,0.0733,6766.0,8919.0,92.0,13.0757,2.0,520374,15685.0,15.96,21.22,18.33,17.07,0.86,-0.57,0.99,6766.0,94.4,323
691,LICI,Mar 2019,0.46,1.0,324.32,332.5938,,0.1668,22910.0,9636.0,,0.81,2.0,269401,13274.0,7.78,58.38,,8.91,5.05,0.73,-1.03,3638.0,262.0,94
692,LICI,Mar 2020,0.43,-1.0,270.46,252.9082,,0.1794,13952.0,40415.0,,1.002,2.0,253414,54367.0,7.78,58.38,,8.91,20.06,-0.74,-0.34,13952.0,862.4,12
693,LICI,Mar 2021,0.43,0.0,43.2,0.0006,,0.1804,229049.0,148447.0,7.0,6.884,0.0,4,80602.0,7.78,58.38,,8.91,27.1,1.84,-3.18,-67845.0,1084.0,8
694,LICI,Mar 2022,0.5700000000000001,0.0,36.38,0.0001,,0.1701,8748.0,12531.0,57.0,0.1793,23.0,1,-3783.0,7.78,58.38,,8.91,-0.92,-3.31,-0.0,-16314.0,-36.8,510
695,LICI,Mar 2023,4.590000000000001,4.0,77.86,0.0,545.5455,0.1714,1671.0,52848.0,65.0,0.731,5.0,0,54519.0,7.78,58.38,,8.91,1.51,-0.97,-0.02,1671.0,120.4,254
696,LICI,Mar 2024,4.84,4.0,49.45,0.0,371.9375,0.1591,853.0,25269.0,66.0,1.3083,15.0,0,26122.0,7.78,58.38,,8.91,0.64,-0.97,-0.17,853.0,85.6,343
698,LODHA,Mar 2017,7.37,20.0,14.48,4.0126,2.9864,0.2336,295.0,1174.0,13.0,3.569,0.0,16183,1469.0,16.49,20.65,12.63,14.35,2.52,-0.8,-0.21,295.0,160.8,170
699,LODHA,Mar 2018,8.21,17.0,15.41,4.3898,5.0436,0.2404,45.0,651.0,10.0,1.301,0.0,22616,696.0,16.49,20.65,12.63,14.35,0.88,-0.94,0.03,45.0,95.2,321
701,LODHA,Mar 2020,5.96,15.0,16.3,4.0472,2.7514,0.3058,3954.0,182.0,9.0,1.1495,0.0,18423,3772.0,16.49,20.65,12.63,14.35,5.08,0.05,-1.11,3590.0,263.2,93
702,LODHA,Mar 2021,0.88,25.0,1.04,3.9559,1.0942,0.1386,2944.0,420.0,1.0,1.1614,0.0,18193,2524.0,16.49,20.65,12.63,14.35,52.58,0.17,-1.12,2104.0,2163.2,3
703,LODHA,Mar 2022,13.08,24.0,9.98,0.953,3.6032,0.2404,3137.0,1139.0,12.0,2.5116,20.0,11537,1998.0,16.49,20.65,12.63,14.35,1.65,0.57,-1.45,859.0,126.0,241
704,LODHA,Mar 2023,5.17,22.0,3.87,0.7155,2.1307,0.2421,4539.0,1789.0,5.0,2.6272,14.0,9060,2750.0,16.49,20.65,12.63,14.35,5.61,0.65,-1.35,961.0,284.4,79
714,LT,Mar 2021,9.5,17.0,176.9,0.1093,2.6869,12.7012,17324.0,5750.0,82.0,40.5778,44.0,798,23074.0,10.21,9.75,8.21,23.31,1.79,-0.25,-0.66,17324.0,131.6,229
715,LT,Mar 2022,6.660000000000001,16.0,72.92,0.0181,2.8888,7.6084,15579.0,3585.0,62.0,47.6267,36.0,258,19164.0,10.21,9.75,8.21,23.31,1.84,-0.19,-0.79,15579.0,133.60000000000002,225
716,LT,Mar 2023,6.83,15.0,75.52,0.0929,3.1823,7.8081,14729.0,8048.0,75.0,55.3067,32.0,1541,22777.0,10.21,9.75,8.21,23.31,1.82,-0.35,-0.51,14729.0,132.8,227
717,LT,Mar 2024,7.03,14.0,77.66999999999999,0.1035,3.5442,8.0276,20445.0,2179.0,95.0,66.7267,36.0,2071,18266.0,10.21,9.75,8.21,23.31,1.17,0.12,-1.39,16087.0,106.8,289
718,LTIM,Mar 2013,14.59,23.0,41.97,0.1748,42.4762,1.6542,384.0,224.0,174.0,8.3688,54.0,234,608.0,20.78,19.09,-1.01,23.31,1.08,-0.37,-0.65,384.0,103.2,298
719,LTIM,Mar 2014,20.24,23.0,61.86000000000001,0.0683,44.0,1.8455,808.0,180.0,309.0,10.0625,55.0,110,628.0,20.78,19.09,-1.01,23.31,0.63,0.29,-1.22,448.0,85.2,344
720,LTIM,Mar 2015,15.45,20.0,37.96,0.1076,110.4,1.6716,539.0,103.0,238.0,12.6625,63.0,218,642.0,20.78,19.09,-1.01,23.31,0.83,-0.16,-0.77,539.0,93.2,326
721,LTIM,Mar 2016,14.3,18.0,39.34,0.0259,202.5,1.8636,818.0,40.0,49.0,12.5,72.0,55,858.0,20.78,19.09,-1.01,23.31,1.03,-0.05,-0.95,818.0,101.2,304
722,LTIM,Mar 2017,14.94,19.0,30.88,0.0,472.3333,1.4718,209.0,961.0,57.0,18.4941,29.0,0,1170.0,20.78,19.09,-1.01,23.31,1.2,-0.82,-0.03,209.0,108.0,286
723,LTIM,Mar 2018,15.22,16.0,28.81,0.0,100.8125,1.3689,392.0,452.0,65.0,22.7059,33.0,0,844.0,20.78,19.09,-1.01,23.31,0.76,-0.54,-0.48,392.0,90.4,333
724,LTIM,Mar 2019,16.05,20.0,30.98,0.0,198.6364,1.4175,646.0,749.0,87.0,28.7824,32.0,0,1395.0,20.78,19.09,-1.01,23.31,0.92,-0.54,-0.43,646.0,96.8,316
725,LTIM,Mar 2020,13.97,19.0,28.13,0.1688,28.4096,1.2341,1001.0,643.0,87.0,31.7882,32.0,912,1644.0,20.78,19.09,-1.01,23.31,1.08,-0.39,-0.54,1001.0,103.2,298
726,LTIM,Mar 2021,15.67,22.0,26.53,0.1093,37.962,1.1554,743.0,1657.0,111.0,40.5778,36.0,798,2400.0,20.78,19.09,-1.01,23.31,1.24,-0.69,-0.21,743.0,109.6,282
727,LTIM,Mar 2022,15.13,20.0,27.65,0.0181,48.9024,1.2692,1608.0,1643.0,225.0,47.6267,41.0,258,3251.0,20.78,19.09,-1.01,23.31,0.82,-0.51,-0.52,1608.0,92.8,327
728,LTIM,Mar 2023,13.29,18.0,26.58,0.0929,44.4333,1.4132,2824.0,271.0,149.0,55.3067,40.0,1541,3095.0,20.78,19.09,-1.01,23.31,0.7,-0.09,-0.62,2824.0,88.0,339
729,LTIM,Mar 2024,12.91,18.0,22.9,0.1035,31.9324,1.2895,1752.0,3918.0,155.0,66.7267,42.0,2071,5670.0,20.78,19.09,-1.01,23.31,1.24,-0.69,-0.4,1752.0,109.6,282
739,M&M,Mar 2022,8.04,16.0,15.39,1.6469,3.5646,0.5231,5996.0,3252.0,53.0,8.4754,20.0,77605,9248.0,6.48,10.04,9.21,10.61,1.28,-0.35,-0.64,5996.0,111.2,277
742,MARUTI,Mar 2013,5.58,10.0,12.98,0.0825,26.0505,1.6101,940.0,3119.0,82.0,12.6013,10.0,1569,4059.0,10.4,15.57,15.16,13.19,1.64,-0.77,-0.24,940.0,125.6,242
744,MARUTI,Mar 2015,7.5,14.0,15.66,0.0274,35.3624,1.4735,1958.0,4491.0,126.0,16.1046,20.0,666,6449.0,10.4,15.57,15.16,13.19,1.69,-0.7,-0.31,1958.0,127.6,239
745,MARUTI,Mar 2016,9.55,16.0,17.95,0.0075,127.9024,1.3479,1252.0,7230.0,182.0,20.2755,19.0,231,8482.0,10.4,15.57,15.16,13.19,1.54,-0.85,-0.15,1252.0,121.6,251
746,MARUTI,Mar 2017,11.03,15.0,20.26,0.0131,144.0449,1.3103,1109.0,9173.0,249.0,24.553,30.0,484,10282.0,10.4,15.57,15.16,13.19,1.37,-0.89,-0.11,1109.0,114.8,269
747,MARUTI,Mar 2018,9.87,15.0,18.52,0.0028,41.2514,1.3247,3486.0,8302.0,261.0,28.1848,31.0,121,11788.0,10.4,15.57,15.16,13.19,1.5,-0.7,-0.29,3486.0,120.0,255
748,MARUTI,Mar 2019,8.89,13.0,16.25,0.0034,180.5263,1.3455,3061.0,3540.0,253.0,31.1868,32.0,160,6601.0,10.4,15.57,15.16,13.19,0.86,-0.54,-0.45,3061.0,94.4,323
749,MARUTI,Mar 2020,7.5,10.0,11.49,0.0037,80.3358,1.1891,2939.0,557.0,188.0,32.7238,32.0,184,3496.0,10.4,15.57,15.16,13.19,0.62,-0.16,-0.89,2939.0,84.8,346
750,MARUTI,Mar 2021,6.239999999999999,8.0,8.36,0.0103,82.9118,0.9859,1565.0,7291.0,145.0,34.7689,31.0,541,8856.0,10.4,15.57,15.16,13.19,2.02,-0.82,-0.17,1565.0,140.8,209
751,MARUTI,Mar 2022,4.390000000000001,7.0,7.01,0.0077,59.9449,1.1832,1601.0,239.0,128.0,36.6444,47.0,426,1840.0,10.4,15.57,15.16,13.19,0.47,-0.13,-0.87,1601.0,78.8,358
752,MARUTI,Mar 2023,6.98,11.0,11.08,0.0167,61.6548,1.1828,1995.0,8820.0,274.0,47.5159,34.0,1248,10815.0,10.4,15.57,15.16,13.19,1.31,-0.82,-0.11,1995.0,112.4,275
753,MARUTI,Mar 2024,9.51,13.0,15.75,0.0014,117.9072,1.2303,4936.0,11865.0,429.0,54.5452,29.0,119,16801.0,10.4,15.57,15.16,13.19,1.25,-0.71,-0.24,4936.0,110.0,281
754,MOTHERSON,Mar 2013,1.79,6.0,19.75,2.1424,7.192,1.9859,397.0,1089.0,1.0,3.8797,26.0,4904,1486.0,12.98,20.23,16.1,18.52,3.29,-0.73,-0.17,397.0,191.6,136
755,MOTHERSON,Mar 2014,3.61,8.0,37.07,1.6357,9.2109,1.9951,1323.0,1372.0,2.0,3.3625,29.0,4840,2695.0,12.98,20.23,16.1,18.52,2.46,-0.51,-0.4,1323.0,158.4,174
756,MOTHERSON,Mar 2015,3.73,8.0,38.87,1.5436,9.6101,1.9892,546.0,2844.0,2.0,3.7773,31.0,5131,3390.0,12.98,20.23,16.1,18.52,2.62,-0.84,0.15,546.0,164.8,164
757,MOTHERSON,Mar 2016,4.77,10.0,40.35,1.3803,10.7971,1.8925,282.0,1906.0,3.0,3.3311,26.0,6069,2188.0,12.98,20.23,16.1,18.52,1.23,-0.87,-0.12,282.0,109.2,283
759,MOTHERSON,Mar 2018,4.01,9.0,22.87,1.0496,12.781,1.5228,70.0,3194.0,3.0,4.7067,30.0,10374,3264.0,12.98,20.23,16.1,18.52,1.44,-0.98,-0.68,70.0,117.6,261
760,MOTHERSON,Mar 2019,3.3,8.0,19.14,1.0521,13.4303,1.4858,994.0,3318.0,3.0,3.4693,29.0,11534,4312.0,12.98,20.23,16.1,18.52,2.06,-0.77,-0.05,994.0,142.4,206
761,MOTHERSON,Mar 2020,2.13,8.0,11.49,1.1665,8.9309,1.3485,4132.0,2220.0,2.0,3.5636,40.0,13136,6352.0,12.98,20.23,16.1,18.52,4.91,-0.35,-0.44,4132.0,256.4,98
762,MOTHERSON,Mar 2021,2.73,8.0,12.49,0.9498,9.6445,1.2015,3165.0,1886.0,2.0,3.975,46.0,11930,5051.0,12.98,20.23,16.1,18.52,3.22,-0.37,-0.42,3165.0,188.8,139
763,MOTHERSON,Mar 2022,1.85,7.0,5.74,0.6863,9.7403,1.1444,159.0,2304.0,1.0,4.5549,34.0,14130,2463.0,12.98,20.23,16.1,18.52,2.08,-0.94,-0.49,159.0,143.2,205
764,MOTHERSON,Mar 2023,2.12,8.0,7.44,0.6143,8.0935,1.2847,2395.0,2248.0,2.0,3.3115,29.0,13792,4643.0,12.98,20.23,16.1,18.52,2.78,-0.48,-0.59,2395.0,171.2,155
765,MOTHERSON,Mar 2024,3.06,9.0,11.55,0.7617,5.2247,1.1724,925.0,6644.0,4.0,3.8577,20.0,19922,7569.0,12.98,20.23,16.1,18.52,2.51,-0.88,0.17,925.0,160.39999999999998,171
766,NAUKRI,Mar 2013,16.1,26.0,12.5,0.0016,48.3333,0.5721,29.0,46.0,8.0,0.5578,12.0,1,75.0,15.51,17.95,13.35,40.82,0.99,-0.61,-0.16,29.0,99.6,309
769,NAUKRI,Mar 2016,15.78,12.0,7.649999999999999,0.0006,67.3333,0.3886,76.0,2.0,11.0,1.2752,27.0,1,78.0,15.51,17.95,13.35,40.82,0.66,-0.03,-0.85,76.0,86.4,341
770,NAUKRI,Mar 2017,-4.84,-1.0,-2.7,0.0006,10.25,0.4325,48.0,165.0,-2.0,1.3157,-230.0,1,213.0,15.51,17.95,13.35,40.82,-4.95,-0.77,-0.2,48.0,-138.0,572
771,NAUKRI,Mar 2018,50.71,22.0,24.5,0.0005,124.0,0.3806,104.0,149.0,42.0,1.6762,13.0,1,253.0,15.51,17.95,13.35,40.82,0.5,-0.59,-0.3,104.0,80.0,355
772,NAUKRI,Mar 2019,51.43,1.0,23.28,0.0004,106.5714,0.3609,217.0,59.0,49.0,2.0844,12.0,1,276.0,15.51,17.95,13.35,40.82,0.47,-0.21,-0.28,217.0,78.8,358
773,NAUKRI,Mar 2020,-18.75,-27.0,-11.21,0.0351,-4.5714,0.4535,447.0,97.0,-19.0,1.7992,-31.0,77,350.0,15.51,17.95,13.35,40.82,-1.42,0.28,-0.41,253.0,3.200000000000003,467
776,NAUKRI,Mar 2023,-2.98,15.0,-0.52,0.0081,12.8889,0.1408,154.0,358.0,-8.0,10.386,-228.0,108,512.0,15.51,17.95,13.35,40.82,-7.31,-0.7,0.0,154.0,-232.4,611
778,NESTLEIND,Dec 2013,12.27,21.0,47.17,0.5021,55.2703,1.4414,1355.0,441.0,12.0,2.4667,42.0,1189,1796.0,6.69,9.51,9.07,4.82,1.61,-0.25,-0.32,1355.0,124.4,244
779,NESTLEIND,Dec 2014,12.02,21.0,41.77,0.007,151.8571,1.6933,1212.0,432.0,12.0,2.9552,51.0,20,1644.0,6.69,9.51,9.07,4.82,1.39,-0.26,-0.99,1212.0,115.6,267
780,NESTLEIND,Dec 2015,6.890000000000001,19.0,19.99,0.0064,388.0,1.3432,1028.0,70.0,6.0,2.9344,83.0,18,1098.0,6.69,9.51,9.07,4.82,1.95,-0.06,-0.45,1028.0,138.0,215
781,NESTLEIND,Dec 2016,10.95,20.0,30.5,0.0101,21.8681,1.3423,1340.0,126.0,10.0,3.4188,61.0,33,1466.0,6.69,9.51,9.07,4.82,1.46,-0.09,-0.45,1340.0,118.4,259
782,NESTLEIND,Dec 2017,12.24,21.0,35.82,0.0102,24.7174,1.3595,1687.0,131.0,13.0,3.5625,68.0,35,1818.0,6.69,9.51,9.07,4.82,1.48,-0.07,-0.55,1687.0,119.2,257
783,NESTLEIND,Dec 2018,14.23,23.0,43.75,0.0095,25.6875,1.3961,2000.0,52.0,17.0,3.826,69.0,35,2052.0,6.69,9.51,9.07,4.82,1.28,-0.03,-0.64,2000.0,111.2,277
784,NESTLEIND,Dec 2019,15.91,24.0,102.61,0.0985,24.5969,1.7244,2378.0,83.0,20.0,1.9979,168.0,189,2295.0,6.69,9.51,9.07,4.82,1.17,0.04,-1.57,2212.0,106.8,289
785,NESTLEIND,Dec 2020,15.6,24.0,103.12,0.0728,20.4146,1.6899,2133.0,321.0,22.0,2.1031,93.0,147,2454.0,6.69,9.51,9.07,4.82,1.18,-0.13,-0.8,2133.0,107.2,288
786,NESTLEIND,Dec 2021,14.37,24.0,108.84,0.1367,17.0792,1.7903,316.0,1920.0,22.0,2.0271,91.0,266,2236.0,6.69,9.51,9.07,4.82,1.06,-0.86,-0.9,316.0,102.4,301
787,NESTLEIND,Dec 2022,14.15,22.0,97.23,0.1102,24.6,1.8818,2345.0,392.0,25.0,2.5615,89.0,271,2737.0,6.69,9.51,9.07,4.82,1.14,-0.14,-0.78,2345.0,105.6,292
788,NESTLEIND,Dec 2023,15.68,23.0,121.96,0.1102,38.5462,2.1301,2465.0,927.0,31.0,2.5615,56.0,271,3392.0,6.69,9.51,9.07,4.82,1.13,-0.27,-0.72,2465.0,105.2,293
789,NESTLEIND,Mar 2024,16.12,24.0,117.75,0.1033,41.1862,2.3182,2938.0,1237.0,41.0,3.4792,79.0,345,4175.0,6.69,9.51,9.07,4.82,1.06,-0.3,-0.75,2938.0,102.4,301
790,NHPC,Mar 2013,45.02,65.0,9.64,0.6827,9.4059,0.1023,1516.0,1330.0,2.0,0.2422,28.0,20340,2846.0,3.54,1.46,3.44,3.81,0.99,-0.47,-0.47,1516.0,99.6,309
791,NHPC,Mar 2014,22.1,59.0,5.779999999999999,0.7371,4.3483,0.1203,2702.0,1122.0,1.0,0.2551,27.0,20819,3824.0,3.54,1.46,3.44,3.81,2.34,-0.29,-1.19,2702.0,153.6,185
792,NHPC,Mar 2015,34.03,62.0,9.1,0.6692,5.1937,0.1338,3293.0,768.0,2.0,0.2778,27.0,20584,4061.0,3.54,1.46,3.44,3.81,1.45,-0.19,-0.61,3293.0,118.0,260
793,NHPC,Mar 2016,28.31,57.0,7.470000000000001,0.6301,5.1353,0.133,5225.0,746.0,2.0,0.2858,81.0,19938,5971.0,3.54,1.46,3.44,3.81,2.52,-0.12,-0.67,5225.0,160.8,170
794,NHPC,Mar 2017,40.36,57.0,11.99,0.6627,6.2921,0.1433,6465.0,1864.0,3.0,0.2828,61.0,19227,8329.0,3.54,1.46,3.44,3.81,2.39,-0.22,-0.94,6465.0,155.60000000000002,180
795,NHPC,Mar 2018,35.91,55.0,9.27,0.6192,5.8799,0.1232,3810.0,886.0,2.0,0.2928,57.0,18602,4696.0,3.54,1.46,3.44,3.81,1.69,-0.19,-0.82,3810.0,127.6,239
796,NHPC,Mar 2019,31.57,55.0,9.21,0.6191,7.4933,0.1346,2642.0,1182.0,3.0,0.3066,56.0,19066,3824.0,3.54,1.46,3.44,3.81,1.35,-0.31,-0.69,2642.0,114.0,271
797,NHPC,Mar 2020,33.42,54.0,10.66,0.7401,6.5644,0.1404,6.0,2987.0,3.0,0.3124,52.0,23226,2993.0,3.54,1.46,3.44,3.81,0.89,-1.0,0.0,6.0,95.6,320
798,NHPC,Mar 2021,37.31,55.0,10.89,0.7069,11.0295,0.1319,3463.0,1607.0,3.0,0.329,49.0,23365,5070.0,3.54,1.46,3.44,3.81,1.41,-0.32,-0.6,3463.0,116.4,265
799,NHPC,Mar 2022,41.27,44.0,10.81,0.7473,8.5222,0.1183,1506.0,3084.0,4.0,0.3476,52.0,26096,4590.0,3.54,1.46,3.44,3.81,1.22,-0.67,-0.14,1506.0,108.8,284
800,NHPC,Mar 2023,40.17,58.0,11.53,0.7992,14.5832,0.123,514.0,4191.0,4.0,0.368,48.0,29540,4705.0,3.54,1.46,3.44,3.81,1.1,-0.89,-0.17,514.0,104.0,296
801,NHPC,Mar 2024,41.82,50.0,10.41,0.8413,11.2434,0.1032,970.0,5968.0,4.0,0.3853,53.0,32561,6938.0,3.54,1.46,3.44,3.81,1.72,-0.86,-0.08,970.0,128.8,237
803,NTPC,Mar 2014,14.56,25.0,13.06,0.9327,6.9013,0.3914,1022.0,15509.0,12.0,1.0592,42.0,81455,16531.0,8.29,4.98,4.87,8.81,1.45,-0.94,-0.16,1022.0,118.0,260
805,NTPC,Mar 2016,14.69,25.0,11.77,1.0857,5.8693,0.3267,4963.0,19162.0,11.0,1.1107,26.0,99424,24125.0,8.29,4.98,4.87,8.81,2.24,-0.79,-0.16,4963.0,149.60000000000002,192
810,NTPC,Mar 2021,13.42,31.0,11.9,1.6718,4.2351,0.2802,11410.0,21034.0,15.0,1.2967,41.0,210208,32444.0,8.29,4.98,4.87,8.81,2.17,-0.65,-0.34,11410.0,146.8,197
811,NTPC,Mar 2022,12.78,30.0,12.53,1.5565,4.8177,0.319,18897.0,22891.0,17.0,1.396,41.0,210707,41788.0,8.29,4.98,4.87,8.81,2.46,-0.55,-0.46,18897.0,158.4,174
812,NTPC,Mar 2023,9.72,27.0,11.65,1.5162,4.3817,0.394,21007.0,26145.0,17.0,1.5162,42.0,222913,47152.0,8.29,4.98,4.87,8.81,2.75,-0.55,-0.45,21007.0,170.0,157
813,NTPC,Mar 2024,11.95,29.0,13.27,1.4755,4.605,0.3724,8644.0,32141.0,21.0,1.6573,36.0,237131,40785.0,8.29,4.98,4.87,8.81,1.91,-0.79,-0.2,8644.0,136.39999999999998,220
816,ONGC,Mar 2015,11.0,26.0,9.81,0.2989,16.853,0.4763,3892.0,30058.0,14.0,4.2182,44.0,53944,33950.0,12.4,4.84,4.71,9.56,1.92,-0.89,-0.31,3892.0,136.8,218
817,ONGC,Mar 2016,10.56,32.0,6.619999999999999,0.23,10.675,0.3629,8036.0,38256.0,10.0,4.624,56.0,45500,46292.0,12.4,4.84,4.71,9.56,3.53,-0.83,-0.19,8036.0,201.2,127
818,ONGC,Mar 2017,10.33,19.0,15.01,0.4117,18.2478,0.6355,1965.0,43815.0,19.0,3.0292,40.0,80029,45780.0,12.4,4.84,4.71,9.56,1.57,-0.96,-0.04,1965.0,122.8,248
820,ONGC,Mar 2019,8.05,18.0,15.64,0.4967,14.4571,0.8564,24326.0,37132.0,24.0,3.4489,29.0,107742,61458.0,12.4,4.84,4.71,9.56,1.81,-0.6,-0.38,24326.0,132.4,228
821,ONGC,Mar 2020,2.89,13.0,5.59,0.6313,7.0887,0.7804,17434.0,53159.0,9.0,3.2608,58.0,129473,70593.0,12.4,4.84,4.71,9.56,6.16,-0.75,-0.24,17434.0,306.4,72
822,ONGC,Mar 2021,7.03,16.0,9.67,0.6027,11.9598,0.5609,8044.0,39141.0,13.0,3.5132,28.0,133187,47185.0,12.4,4.84,4.71,9.56,2.21,-0.83,-0.17,8044.0,148.4,193
823,ONGC,Mar 2022,10.03,16.0,19.0,0.4701,15.2161,0.8422,37051.0,41197.0,36.0,4.1256,29.0,121986,78248.0,12.4,4.84,4.71,9.56,1.59,-0.53,-0.46,37051.0,123.6,246
824,ONGC,Mar 2023,5.18,12.0,11.68,0.5069,9.5699,1.0313,11372.0,74690.0,28.0,4.4618,40.0,142255,86062.0,12.4,4.84,4.71,9.56,2.63,-0.87,-0.15,11372.0,165.2,163
825,ONGC,Mar 2024,9.66,17.0,16.94,0.4544,11.3613,0.8332,42060.0,57203.0,39.0,5.3588,31.0,153181,99263.0,12.4,4.84,4.71,9.56,1.74,-0.58,-0.46,42060.0,129.6,235
830,PFC,Mar 2017,8.110000000000001,19.0,6.069999999999999,5.5094,0.3164,0.1063,1128.0,667.0,7.0,1.3956,59.0,202993,1795.0,15.56,16.68,14.21,16.9,0.8,-0.37,1.09,1128.0,92.0,329
835,PFC,Mar 2022,24.61,31.0,26.18,9.2147,0.5238,0.0964,4357.0,547.0,42.0,2.715,23.0,660476,4904.0,15.56,16.68,14.21,16.9,0.26,-0.11,-1.71,4357.0,70.4,371
838,PIDILITIND,Mar 2013,11.53,15.0,25.68,0.0672,41.5625,1.406,328.0,144.0,8.0,3.2373,31.0,111,472.0,11.02,13.67,13.87,14.11,1.11,-0.31,-0.72,328.0,104.4,295
839,PIDILITIND,Mar 2014,10.51,16.0,23.05,0.0236,44.375,1.4628,295.0,99.0,9.0,3.8275,31.0,46,394.0,11.02,13.67,13.87,14.11,0.88,-0.25,-0.61,295.0,95.2,321
840,PIDILITIND,Mar 2015,10.61,16.0,22.64,0.0256,50.6875,1.4612,116.0,436.0,10.0,4.451,29.0,58,552.0,11.02,13.67,13.87,14.11,1.07,-0.79,-0.3,116.0,102.8,299
841,PIDILITIND,Mar 2016,15.05,22.0,30.59,0.0303,96.4615,1.4435,416.0,491.0,16.0,5.1725,26.0,80,907.0,11.02,13.67,13.87,14.11,1.12,-0.54,-0.41,416.0,104.8,294
843,PIDILITIND,Mar 2018,15.89,22.0,27.03,0.035,93.375,1.1691,835.0,39.0,19.0,7.0078,32.0,125,796.0,11.02,13.67,13.87,14.11,0.82,0.05,-0.99,757.0,92.8,327
844,PIDILITIND,Mar 2019,13.11,19.0,22.37,0.0272,57.7308,1.1988,332.0,513.0,18.0,8.1333,36.0,113,845.0,11.02,13.67,13.87,14.11,0.91,-0.61,-0.43,332.0,96.4,318
845,PIDILITIND,Mar 2020,15.38,22.0,25.18,0.0646,49.2059,1.1182,1383.0,103.0,22.0,8.7373,32.0,288,1280.0,11.02,13.67,13.87,14.11,1.14,0.08,-0.66,1177.0,105.6,292
847,PIDILITIND,Mar 2022,12.17,19.0,18.85,0.065,45.119,1.045,397.0,558.0,24.0,12.5569,42.0,416,955.0,11.02,13.67,13.87,14.11,0.79,-0.58,-0.49,397.0,91.6,330
848,PIDILITIND,Mar 2023,10.92,17.0,17.87,0.0542,42.5208,1.1232,659.0,899.0,25.0,14.1412,44.0,391,1558.0,11.02,13.67,13.87,14.11,1.21,-0.58,-0.42,659.0,108.4,285
849,PIDILITIND,Mar 2024,14.11,22.0,20.78,0.0454,54.3333,1.0254,955.0,1769.0,34.0,16.4843,47.0,382,2724.0,11.02,13.67,13.87,14.11,1.56,-0.65,-0.27,955.0,122.4,249
855,PNB,Mar 2014,8.17,,393.36,10.8223,,3.8958,16604.0,302.0,20.0,1.4152,10.0,10108,16906.0,8.62,9.26,-6.19,20.59,4.6,-0.02,0.13,16604.0,244.0,107
856,PNB,Mar 2014,8.17,,393.36,10.8223,,3.8958,16604.0,302.0,20.0,1.4152,10.0,10108,16906.0,8.62,9.26,-6.19,20.59,4.6,-0.02,0.13,16604.0,244.0,107
857,PNB,Mar 2014,8.17,,393.36,10.8223,,3.8958,16604.0,302.0,20.0,1.4152,10.0,10108,16906.0,8.62,9.26,-6.19,20.59,4.6,-0.02,0.13,16604.0,244.0,107
858,PNB,Mar 2014,8.17,,393.36,10.8223,,3.8958,16604.0,302.0,20.0,1.4152,10.0,10108,16906.0,8.62,9.26,-6.19,20.59,4.6,-0.02,0.13,16604.0,244.0,107
859,PNB,Mar 2014,8.17,,393.36,10.8223,,3.8958,16604.0,302.0,20.0,1.4152,10.0,10108,16906.0,8.62,9.26,-6.19,20.59,4.6,-0.02,0.13,16604.0,244.0,107
860,PNB,Mar 2015,7.24,,223.24,10.4376,,2.559,3942.0,872.0,18.0,1.5183,18.0,16481,4814.0,8.62,9.26,-6.19,20.59,1.37,-0.18,1.55,3942.0,114.8,269
861,PNB,Mar 2015,7.24,,223.24,10.4376,,2.559,3942.0,872.0,18.0,1.5183,18.0,16481,4814.0,8.62,9.26,-6.19,20.59,1.37,-0.18,1.55,3942.0,114.8,269
862,PNB,Mar 2015,7.24,,223.24,10.4376,,2.559,3942.0,872.0,18.0,1.5183,18.0,16481,4814.0,8.62,9.26,-6.19,20.59,1.37,-0.18,1.55,3942.0,114.8,269
863,PNB,Mar 2015,7.24,,223.24,10.4376,,2.559,3942.0,872.0,18.0,1.5183,18.0,16481,4814.0,8.62,9.26,-6.19,20.59,1.37,-0.18,1.55,3942.0,114.8,269
864,PNB,Mar 2015,7.24,,223.24,10.4376,,2.559,3942.0,872.0,18.0,1.5183,18.0,16481,4814.0,8.62,9.26,-6.19,20.59,1.37,-0.18,1.55,3942.0,114.8,269
865,PNB,Mar 2016,-6.909999999999999,,-163.56,12.1221,,1.7122,12815.0,1352.0,-19.0,1.6898,-2.0,26014,14167.0,8.62,9.26,-6.19,20.59,-4.04,-0.1,0.42,12815.0,-101.6,551
866,PNB,Mar 2016,-6.909999999999999,,-163.56,12.1221,,1.7122,12815.0,1352.0,-19.0,1.6898,-2.0,26014,14167.0,8.62,9.26,-6.19,20.59,-4.04,-0.1,0.42,12815.0,-101.6,551
867,PNB,Mar 2016,-6.909999999999999,,-163.56,12.1221,,1.7122,12815.0,1352.0,-19.0,1.6898,-2.0,26014,14167.0,8.62,9.26,-6.19,20.59,-4.04,-0.1,0.42,12815.0,-101.6,551
868,PNB,Mar 2016,-6.909999999999999,,-163.56,12.1221,,1.7122,12815.0,1352.0,-19.0,1.6898,-2.0,26014,14167.0,8.62,9.26,-6.19,20.59,-4.04,-0.1,0.42,12815.0,-101.6,551
869,PNB,Mar 2016,-6.909999999999999,,-163.56,12.1221,,1.7122,12815.0,1352.0,-19.0,1.6898,-2.0,26014,14167.0,8.62,9.26,-6.19,20.59,-4.04,-0.1,0.42,12815.0,-101.6,551
870,PNB,Mar 2017,2.58,,22.21,6.3638,,1.1187,22097.0,159.0,6.0,3.3602,0.0,35497,21938.0,8.62,9.26,-6.19,20.59,17.71,0.01,-0.45,21779.0,768.4000000000001,16
871,PNB,Mar 2017,2.58,,22.21,6.3638,,1.1187,22097.0,159.0,6.0,3.3602,0.0,35497,21938.0,8.62,9.26,-6.19,20.59,17.71,0.01,-0.45,21779.0,768.4000000000001,16
872,PNB,Mar 2017,2.58,,22.21,6.3638,,1.1187,22097.0,159.0,6.0,3.3602,0.0,35497,21938.0,8.62,9.26,-6.19,20.59,17.71,0.01,-0.45,21779.0,768.4000000000001,16
873,PNB,Mar 2017,2.58,,22.21,6.3638,,1.1187,22097.0,159.0,6.0,3.3602,0.0,35497,21938.0,8.62,9.26,-6.19,20.59,17.71,0.01,-0.45,21779.0,768.4000000000001,16
874,PNB,Mar 2017,2.58,,22.21,6.3638,,1.1187,22097.0,159.0,6.0,3.3602,0.0,35497,21938.0,8.62,9.26,-6.19,20.59,17.71,0.01,-0.45,21779.0,768.4000000000001,16
890,PNB,Mar 2021,3.29,,30.39,6.6983,,1.1486,30163.0,787.0,2.0,5.278,0.0,59394,30950.0,8.62,9.26,-6.19,20.59,11.48,-0.03,0.17,30163.0,519.2,28
891,PNB,Mar 2021,3.29,,30.39,6.6983,,1.1486,30163.0,787.0,2.0,5.278,0.0,59394,30950.0,8.62,9.26,-6.19,20.59,11.48,-0.03,0.17,30163.0,519.2,28
892,PNB,Mar 2021,3.29,,30.39,6.6983,,1.1486,30163.0,787.0,2.0,5.278,0.0,59394,30950.0,8.62,9.26,-6.19,20.59,11.48,-0.03,0.17,30163.0,519.2,28
893,PNB,Mar 2021,3.29,,30.39,6.6983,,1.1486,30163.0,787.0,2.0,5.278,0.0,59394,30950.0,8.62,9.26,-6.19,20.59,11.48,-0.03,0.17,30163.0,519.2,28
894,PNB,Mar 2021,3.29,,30.39,6.6983,,1.1486,30163.0,787.0,2.0,5.278,0.0,59394,30950.0,8.62,9.26,-6.19,20.59,11.48,-0.03,0.17,30163.0,519.2,28
895,PNB,Mar 2022,5.13,,39.87,5.4036,,1.1614,18828.0,1204.0,4.0,5.7994,18.0,52961,20032.0,8.62,9.26,-6.19,20.59,5.13,-0.06,0.1,18828.0,265.2,91
896,PNB,Mar 2022,5.13,,39.87,5.4036,,1.1614,18828.0,1204.0,4.0,5.7994,18.0,52961,20032.0,8.62,9.26,-6.19,20.59,5.13,-0.06,0.1,18828.0,265.2,91
897,PNB,Mar 2022,5.13,,39.87,5.4036,,1.1614,18828.0,1204.0,4.0,5.7994,18.0,52961,20032.0,8.62,9.26,-6.19,20.59,5.13,-0.06,0.1,18828.0,265.2,91
898,PNB,Mar 2022,5.13,,39.87,5.4036,,1.1614,18828.0,1204.0,4.0,5.7994,18.0,52961,20032.0,8.62,9.26,-6.19,20.59,5.13,-0.06,0.1,18828.0,265.2,91
899,PNB,Mar 2022,5.13,,39.87,5.4036,,1.1614,18828.0,1204.0,4.0,5.7994,18.0,52961,20032.0,8.62,9.26,-6.19,20.59,5.13,-0.06,0.1,18828.0,265.2,91
900,PNB,Mar 2023,3.87,,30.67,4.8956,,1.3,21860.0,732.0,3.0,6.4811,21.0,53621,22592.0,8.62,9.26,-6.19,20.59,6.73,-0.03,0.06,21860.0,329.20000000000005,64
901,PNB,Mar 2023,3.87,,30.67,4.8956,,1.3,21860.0,732.0,3.0,6.4811,21.0,53621,22592.0,8.62,9.26,-6.19,20.59,6.73,-0.03,0.06,21860.0,329.20000000000005,64
902,PNB,Mar 2023,3.87,,30.67,4.8956,,1.3,21860.0,732.0,3.0,6.4811,21.0,53621,22592.0,8.62,9.26,-6.19,20.59,6.73,-0.03,0.06,21860.0,329.20000000000005,64
903,PNB,Mar 2023,3.87,,30.67,4.8956,,1.3,21860.0,732.0,3.0,6.4811,21.0,53621,22592.0,8.62,9.26,-6.19,20.59,6.73,-0.03,0.06,21860.0,329.20000000000005,64
904,PNB,Mar 2023,3.87,,30.67,4.8956,,1.3,21860.0,732.0,3.0,6.4811,21.0,53621,22592.0,8.62,9.26,-6.19,20.59,6.73,-0.03,0.06,21860.0,329.20000000000005,64
922,POWERGRID,Mar 2019,28.62,77.0,16.98,2.4772,3.2534,0.1417,4544.0,18727.0,11.0,1.1294,43.0,146376,23271.0,11.01,11.37,10.74,7.0,2.32,-0.8,-0.1,4544.0,152.8,187
923,POWERGRID,Mar 2019,28.62,77.0,16.98,2.4772,3.2534,0.1417,4544.0,18727.0,11.0,1.1294,43.0,146376,23271.0,11.01,11.37,10.74,7.0,2.32,-0.8,-0.1,4544.0,152.8,187
924,POWERGRID,Mar 2020,29.3,87.0,17.09,2.2918,3.755,0.1471,20006.0,10733.0,12.0,1.2365,47.0,148270,30739.0,11.01,11.37,10.74,7.0,2.78,-0.35,-0.61,20006.0,171.2,155
925,POWERGRID,Mar 2020,29.3,87.0,17.09,2.2918,3.755,0.1471,20006.0,10733.0,12.0,1.2365,47.0,148270,30739.0,11.01,11.37,10.74,7.0,2.78,-0.35,-0.61,20006.0,171.2,155
926,POWERGRID,Mar 2021,30.36,88.0,17.21,2.048,4.3854,0.155,20159.0,9244.0,13.0,1.3367,52.0,143232,29403.0,11.01,11.37,10.74,7.0,2.44,-0.31,-0.7,20159.0,157.6,176
927,POWERGRID,Mar 2021,30.36,88.0,17.21,2.048,4.3854,0.155,20159.0,9244.0,13.0,1.3367,52.0,143232,29403.0,11.01,11.37,10.74,7.0,2.44,-0.31,-0.7,20159.0,157.6,176
928,POWERGRID,Mar 2022,40.42,86.0,22.07,1.7666,5.0421,0.1659,26877.0,753.0,18.0,1.0931,61.0,134696,26124.0,11.01,11.37,10.74,7.0,1.55,0.03,-1.11,25371.0,122.0,250
929,POWERGRID,Mar 2022,40.42,86.0,22.07,1.7666,5.0421,0.1659,26877.0,753.0,18.0,1.0931,61.0,134696,26124.0,11.01,11.37,10.74,7.0,1.55,0.03,-1.11,25371.0,122.0,250
930,POWERGRID,Mar 2023,33.81,87.0,18.57,1.5487,4.2214,0.1808,33065.0,7138.0,17.0,1.1903,67.0,128584,40203.0,11.01,11.37,10.74,7.0,2.61,-0.18,-0.76,33065.0,164.39999999999998,165
931,POWERGRID,Mar 2023,33.81,87.0,18.57,1.5487,4.2214,0.1808,33065.0,7138.0,17.0,1.1903,67.0,128584,40203.0,11.01,11.37,10.74,7.0,2.61,-0.18,-0.76,33065.0,164.39999999999998,165
932,POWERGRID,Mar 2024,33.97,87.0,17.87,1.4173,4.603,0.1828,24176.0,13114.0,17.0,0.937,67.0,123516,37290.0,11.01,11.37,10.74,7.0,2.39,-0.35,-0.69,24176.0,155.60000000000002,180
933,POWERGRID,Mar 2024,33.97,87.0,17.87,1.4173,4.603,0.1828,24176.0,13114.0,17.0,0.937,67.0,123516,37290.0,11.01,11.37,10.74,7.0,2.39,-0.35,-0.69,24176.0,155.60000000000002,180
938,RECLTD,Mar 2017,25.94,92.0,18.75,4.9851,1.6694,0.1158,6704.0,101.0,24.0,1.7049,30.0,167852,6805.0,11.71,11.97,11.77,13.48,1.08,-0.01,-0.58,6704.0,103.2,298
946,RELIANCE,Mar 2013,5.27,8.0,11.47,0.5889,11.814,1.0927,9317.0,27601.0,15.0,6.2008,13.0,107219,36918.0,7.47,11.83,10.74,14.37,1.77,-0.75,0.01,9317.0,130.8,231
949,RELIANCE,Mar 2016,10.95,15.0,12.9,0.8409,14.6283,0.4551,1948.0,36186.0,22.0,7.8547,10.0,194714,38134.0,7.47,11.83,10.74,14.37,1.28,-0.95,-0.08,1948.0,111.2,277
951,RELIANCE,Mar 2018,9.23,16.0,12.29,0.8172,9.2131,0.4817,3267.0,68192.0,27.0,4.9562,10.0,239843,71459.0,7.47,11.83,10.74,14.37,1.98,-0.95,-0.03,3267.0,139.2,212
953,RELIANCE,Mar 2020,6.68,15.0,8.88,0.7906,4.4416,0.513,22380.0,72497.0,29.0,7.0858,10.0,355133,94877.0,7.47,11.83,10.74,14.37,2.38,-0.76,-0.03,22380.0,155.2,181
955,RELIANCE,Mar 2022,9.77,16.0,8.7,0.4094,8.7892,0.4635,1492.0,109162.0,45.0,11.5223,9.0,319158,110654.0,7.47,11.83,10.74,14.37,1.63,-0.99,0.16,1492.0,125.2,243
956,RELIANCE,Mar 2023,8.450000000000001,16.0,10.35,0.6309,7.8861,0.5457,22031.0,93001.0,49.0,10.5804,9.0,451664,115032.0,7.47,11.83,10.74,14.37,1.55,-0.81,0.09,22031.0,122.0,250
957,RELIANCE,Mar 2024,8.790000000000001,18.0,9.96,0.5785,7.7289,0.5123,45207.0,113581.0,51.0,11.7275,10.0,458991,158788.0,7.47,11.83,10.74,14.37,2.01,-0.72,-0.1,45207.0,140.39999999999998,210
958,SBILIFE,Mar 2013,4.24,3.0,23.03,0.0,179.75,0.2768,903.0,227.0,6.0,0.2736,8.0,0,1130.0,19.81,11.83,12.25,19.35,1.79,-0.2,-0.05,903.0,131.6,229
960,SBILIFE,Mar 2015,3.48,3.0,20.09,0.0,244.25,0.3157,2533.0,178.0,8.0,0.4056,15.0,0,2711.0,19.81,11.83,12.25,19.35,3.33,-0.07,-0.04,2533.0,193.2,134
963,SBILIFE,Mar 2018,3.38,4.0,17.62,0.0,248.0,0.2799,1485.0,8910.0,12.0,0.6528,17.0,0,10395.0,19.81,11.83,12.25,19.35,9.04,-0.86,-0.02,1485.0,421.6,40
965,SBILIFE,Mar 2020,3.25,3.0,16.26,0.0,,0.2645,2313.0,16986.0,14.0,0.8743,0.0,0,19299.0,19.81,11.83,12.25,19.35,13.57,-0.88,-0.01,2313.0,602.8,25
966,SBILIFE,Mar 2021,1.78,1.0,14.0,0.0,,0.3611,4675.0,19203.0,15.0,1.04,17.0,0,23878.0,19.81,11.83,12.25,19.35,16.4,-0.8,0.0,4675.0,716.0,18
967,SBILIFE,Mar 2022,1.81,1.0,12.96,0.0,,0.3036,241.0,21611.0,15.0,1.1622,13.0,0,21852.0,19.81,11.83,12.25,19.35,14.51,-0.99,-0.01,241.0,640.4,22
970,SHREECEM,Jun 2013,18.53,29.0,26.12,0.3351,9.057,0.8795,990.0,270.0,288.0,10.9829,7.0,1288,1260.0,11.41,4.65,4.35,13.4,1.25,-0.21,-0.78,990.0,110.0,281
971,SHREECEM,Jun 2014,13.77,24.0,16.71,0.2547,11.5814,0.7798,167.0,1234.0,226.0,13.46,10.0,1200,1401.0,11.41,4.65,4.35,13.4,1.78,-0.88,-0.11,167.0,131.2,230
972,SHREECEM,Jun 2015,6.81,21.0,8.07,0.1738,11.9504,0.7826,249.0,990.0,122.0,15.0743,20.0,917,1239.0,11.41,4.65,4.35,13.4,2.91,-0.8,-0.21,249.0,176.4,149
973,SHREECEM,Mar 2017,15.58,29.0,17.39,0.168,22.2868,0.7697,154.0,2048.0,384.0,21.9943,36.0,1293,2202.0,11.41,4.65,4.35,13.4,1.64,-0.93,-0.08,154.0,125.6,242
975,SHREECEM,Mar 2019,8.08,22.0,10.5,0.2898,11.5565,0.8104,1360.0,720.0,289.0,27.6314,21.0,2803,2080.0,11.41,4.65,4.35,13.4,2.05,-0.35,-0.61,1360.0,142.0,207
977,SHREECEM,Mar 2021,17.23,30.0,15.18,0.1448,17.996,0.6303,1603.0,2651.0,646.0,42.7694,9.0,2230,4254.0,11.41,4.65,4.35,13.4,1.82,-0.62,-0.29,1603.0,132.8,227
978,SHREECEM,Mar 2022,8.450000000000001,25.0,7.27,0.1219,16.1749,0.632,525.0,2143.0,352.0,48.5,14.0,2129,2668.0,11.41,4.65,4.35,13.4,2.1,-0.8,-0.32,525.0,144.0,203
979,SHREECEM,Mar 2023,13.27,17.0,12.71,0.1462,13.0,0.6779,164.0,2405.0,664.0,51.7667,28.0,2725,2569.0,11.41,4.65,4.35,13.4,1.08,-0.94,-0.11,164.0,103.2,298
980,SHREECEM,Mar 2024,8.450000000000001,22.0,8.37,0.08,19.8256,0.7349,1929.0,1418.0,480.0,57.5083,16.0,1656,3347.0,11.41,4.65,4.35,13.4,1.93,-0.42,-0.51,1929.0,137.2,217
993,SIEMENS,Sep 2011,7.26,10.0,22.75,0.0,56.5385,1.1769,267.0,264.0,,5.6118,24.0,0,3.0,5.81,10.93,,8.65,0.0,88.0,-65.33,-261.0,0.0,473
994,SIEMENS,Sep 2014,5.65,1.0,13.78,0.0,35.6129,1.0377,738.0,130.0,17.0,6.162,35.0,0,608.0,5.81,10.93,,8.65,1.01,0.21,-0.36,478.0,100.4,306
995,SIEMENS,Sep 2015,11.11,9.0,22.94,0.0049,64.7,0.9988,1220.0,646.0,33.0,7.207,30.0,25,574.0,5.81,10.93,,8.65,0.49,1.13,-0.43,-72.0,19.6,443
996,SIEMENS,Sep 2016,26.89,9.0,42.83,0.0037,379.7273,0.9041,750.0,237.0,82.0,9.5817,41.0,25,513.0,5.81,10.93,,8.65,0.18,0.46,-3.15,276.0,67.2,377
997,SIEMENS,Sep 2017,10.28,10.0,14.79,0.0,234.25,0.8422,1894.0,1321.0,32.0,10.831,22.0,0,573.0,5.81,10.93,,8.65,0.5,2.31,-0.5,-748.0,20.0,442
999,SIEMENS,Sep 2019,8.4,11.0,12.14,0.0,157.3333,0.8519,138.0,1135.0,31.0,12.7451,23.0,0,1273.0,5.81,10.93,,8.65,1.16,-0.89,-0.25,138.0,106.4,290
1000,SIEMENS,Sep 2020,7.73,10.0,8.1,0.0,43.9333,0.6271,1591.0,871.0,22.0,13.369,32.0,0,720.0,5.81,10.93,,8.65,0.94,1.21,-0.54,-151.0,37.6,418
1002,SIEMENS,Sep 2022,9.56,12.0,13.29,0.0157,65.1944,0.8025,944.0,34.0,43.0,16.3521,23.0,182,978.0,5.81,10.93,,8.65,0.63,-0.03,-0.4,944.0,85.2,344
1003,SIEMENS,Sep 2023,10.03,13.0,14.99,0.0134,129.6957,0.9034,641.0,759.0,55.0,18.4324,18.0,175,1400.0,5.81,10.93,,8.65,0.71,-0.54,-0.32,641.0,88.4,338
1004,SIEMENS,Sep 2024,12.22,14.0,17.7,0.0182,67.15,0.8791,1168.0,502.0,76.0,21.6296,16.0,279,1670.0,5.81,10.93,,8.65,0.61,-0.3,-0.31,1168.0,84.4,347
1005,SUNPHARMA,Mar 2013,31.17,43.0,23.14,0.0173,109.1628,0.5463,982.0,2375.0,14.0,14.4135,9.0,260,3357.0,13.39,10.19,10.42,12.98,0.97,-0.71,-0.2,982.0,98.8,311
1006,SUNPHARMA,Mar 2014,24.12,44.0,20.94,0.1382,114.4318,0.5527,1783.0,2176.0,15.0,8.9493,10.0,2561,3959.0,13.39,10.19,10.42,12.98,1.02,-0.55,0.13,1783.0,100.8,305
1007,SUNPHARMA,Mar 2015,19.99,29.0,21.36,0.3509,14.1226,0.5622,4114.0,1502.0,22.0,12.3855,14.0,8996,5616.0,13.39,10.19,10.42,12.98,1.03,-0.27,-0.21,4114.0,101.2,304
1008,SUNPHARMA,Mar 2016,19.86,29.0,17.15,0.2576,15.5488,0.5139,2737.0,3949.0,19.0,13.6859,5.0,8497,6686.0,13.39,10.19,10.42,12.98,1.18,-0.59,-0.28,2737.0,107.2,288
1009,SUNPHARMA,Mar 2017,24.85,32.0,21.41,0.2683,26.78,0.5169,2896.0,4186.0,29.0,15.2667,12.0,9832,7082.0,13.39,10.19,10.42,12.98,0.9,-0.59,-0.32,2896.0,96.0,319
1010,SUNPHARMA,Mar 2018,9.6,21.0,6.63,0.271,10.61,0.412,803.0,3104.0,9.0,15.9642,23.0,10385,3907.0,13.39,10.19,10.42,12.98,1.54,-0.79,-0.39,803.0,121.6,251
1011,SUNPHARMA,Mar 2019,11.04,22.0,7.75,0.2539,11.0252,0.45,1886.0,310.0,11.0,17.2538,25.0,10514,2196.0,13.39,10.19,10.42,12.98,0.68,-0.14,-1.24,1886.0,87.2,340
1012,SUNPHARMA,Mar 2020,12.7,21.0,9.22,0.1837,24.3069,0.4815,4330.0,2225.0,16.0,18.8604,25.0,8315,6555.0,13.39,10.19,10.42,12.98,1.57,-0.34,-0.87,4330.0,122.8,248
1013,SUNPHARMA,Mar 2021,6.78,25.0,4.89,0.0833,35.6099,0.4954,6577.0,407.0,12.0,19.3596,62.0,3869,6170.0,13.39,10.19,10.42,12.98,2.72,0.07,-0.97,5763.0,168.8,158
1014,SUNPHARMA,Mar 2022,8.77,27.0,7.06,0.0269,53.1732,0.554,3429.0,5556.0,14.0,20.0046,73.0,1290,8985.0,13.39,10.19,10.42,12.98,2.65,-0.62,-0.58,3429.0,166.0,162
1016,SUNPHARMA,Mar 2024,19.82,28.0,15.09,0.0514,58.3319,0.5685,11372.0,763.0,40.0,26.5279,34.0,3274,12135.0,13.39,10.19,10.42,12.98,1.26,-0.06,-0.55,11372.0,110.4,280
1017,TATACONSUM,Mar 2013,6.05,10.0,9.25,0.2888,9.8333,0.8359,197.0,24.0,6.0,7.7581,36.0,1389,173.0,6.86,8.39,5.95,11.06,0.39,0.14,1.08,149.0,75.6,363
1018,TATACONSUM,Mar 2014,6.59,10.0,8.72,0.2459,10.5977,0.7807,421.0,1.0,7.0,9.4339,29.0,1438,422.0,6.86,8.39,5.95,11.06,0.83,-0.0,-0.86,421.0,93.2,326
1019,TATACONSUM,Mar 2015,3.42,10.0,4.97,0.241,8.7195,0.8451,211.0,207.0,4.0,8.8597,6.0,1324,418.0,6.86,8.39,5.95,11.06,1.53,-0.5,-0.94,211.0,121.2,252
1020,TATACONSUM,Mar 2016,-0.5599999999999999,6.0,-0.59,0.2167,3.453,0.6707,261.0,145.0,0.0,9.9159,-999.0,1354,116.0,6.86,8.39,5.95,11.06,-3.14,1.25,-2.43,-29.0,-125.6,563
1021,TATACONSUM,Mar 2017,6.710000000000001,12.0,7.26,0.1256,20.4419,0.7099,886.0,145.0,6.0,9.9444,38.0,787,741.0,6.86,8.39,5.95,11.06,1.63,0.2,-1.1,596.0,125.2,243
1022,TATACONSUM,Mar 2018,8.16,12.0,7.91,0.1519,17.5385,0.6515,325.0,31.0,8.0,11.1603,30.0,1068,356.0,6.86,8.39,5.95,11.06,0.64,-0.09,-0.08,325.0,85.6,343
1023,TATACONSUM,Mar 2019,6.3,11.0,6.23,0.1556,11.6667,0.6665,263.0,53.0,6.0,11.6381,39.0,1141,210.0,6.86,8.39,5.95,11.06,0.46,0.25,-1.07,157.0,78.4,359
1024,TATACONSUM,Mar 2020,4.77,13.0,3.330000000000001,0.1148,16.3623,0.5217,460.0,622.0,5.0,15.0163,54.0,1586,1082.0,6.86,8.39,5.95,11.06,2.35,-0.57,-0.28,460.0,154.0,184
1025,TATACONSUM,Mar 2021,8.02,13.0,6.4,0.1124,22.3973,0.5738,1310.0,346.0,9.0,15.7978,44.0,1634,1656.0,6.86,8.39,5.95,11.06,1.78,-0.21,-0.26,1310.0,131.2,230
1026,TATACONSUM,Mar 2022,8.17,14.0,6.7,0.0933,20.7701,0.5896,199.0,1317.0,10.0,16.4587,60.0,1412,1516.0,6.86,8.39,5.95,11.06,1.49,-0.87,-0.66,199.0,119.6,256
1027,TATACONSUM,Mar 2023,9.58,13.0,8.110000000000001,0.0983,16.8,0.6055,627.0,834.0,12.0,17.5022,65.0,1600,1461.0,6.86,8.39,5.95,11.06,1.11,-0.57,-0.49,627.0,104.4,295
1028,TATACONSUM,Mar 2024,7.99,15.0,7.57,0.2165,25.3218,0.5454,26.0,1911.0,12.0,16.9021,64.0,3477,1937.0,6.86,8.39,5.95,11.06,1.59,-0.99,0.13,26.0,123.6,246
1030,TATAMOTORS,Mar 2014,6.03,15.0,21.42,0.9244,7.306,1.066,8160.0,27991.0,48.0,10.187,5.0,60642,36151.0,7.31,10.71,9.05,7.27,2.57,-0.77,-0.11,8160.0,162.8,168
1032,TATAMOTORS,Mar 2016,4.279999999999999,14.0,14.79,0.8785,7.3072,1.0375,1206.0,36694.0,40.0,11.6277,1.0,69360,37900.0,7.31,10.71,9.05,7.27,3.25,-0.97,-0.1,1206.0,190.0,138
1037,TATAMOTORS,Mar 2021,-5.36,13.0,-24.25,2.5726,2.6144,0.7313,3329.0,25672.0,-41.0,7.2124,0.0,142131,29001.0,7.31,10.71,9.05,7.27,-2.17,-0.89,0.34,3329.0,-26.8,501
1038,TATAMOTORS,Mar 2022,-4.06,9.0,-25.38,3.2865,2.9149,0.8462,9839.0,4444.0,-34.0,5.8174,0.0,146449,14283.0,7.31,10.71,9.05,7.27,-1.26,-0.31,-0.24,9839.0,9.6,457
1039,TATAMOTORS,Mar 2023,0.7799999999999999,9.0,5.94,2.9591,3.7633,1.0337,19971.0,15417.0,7.0,5.9167,32.0,134113,35388.0,7.31,10.71,9.05,7.27,13.16,-0.44,-0.74,19971.0,586.4,26
1040,TATAMOTORS,Mar 2024,7.26,14.0,37.46,1.2631,6.5302,1.1851,45133.0,22782.0,94.0,11.0859,7.0,107262,67915.0,7.31,10.71,9.05,7.27,2.14,-0.34,-0.54,45133.0,145.60000000000002,199
1042,TATAPOWER,Mar 2014,0.03,19.0,0.1,3.2395,2.077,0.5005,2874.0,3609.0,-1.0,5.2325,-114.0,40173,6483.0,5.56,34.74,,6.62,540.25,-0.56,-0.5,2874.0,21670.0,1
1043,TATAPOWER,Mar 2015,1.36,19.0,3.19,2.8361,1.9889,0.4468,2116.0,3865.0,1.0,5.303,210.0,40607,5981.0,5.56,34.74,,6.62,13.09,-0.65,-0.37,2116.0,583.6,27
1044,TATAPOWER,Mar 2016,2.66,7.0,6.76,3.3396,1.9051,0.421,5610.0,1805.0,2.0,4.3085,53.0,38849,7415.0,5.56,34.74,,6.62,9.43,-0.24,-0.83,5610.0,437.2,37
1046,TATAPOWER,Mar 2018,9.73,9.0,15.92,2.9629,2.3613,0.3277,4852.0,1512.0,9.0,6.0737,15.0,48589,6364.0,5.56,34.74,,6.62,2.44,-0.24,-0.74,4852.0,157.6,176
1047,TATAPOWER,Mar 2019,8.72,10.0,14.24,2.6499,2.4595,0.3554,4302.0,272.0,9.0,6.7796,15.0,48506,4574.0,5.56,34.74,,6.62,1.76,-0.06,-1.13,4302.0,130.4,232
1048,TATAPOWER,Mar 2020,4.52,23.0,6.73,2.6544,2.0216,0.3249,6882.0,493.0,4.0,7.2467,41.0,51936,7375.0,5.56,34.74,,6.62,5.6,-0.07,-0.69,6882.0,284.0,80
1049,TATAPOWER,Mar 2021,4.399999999999999,21.0,6.45,2.0924,2.1686,0.3315,9338.0,993.0,4.0,6.9759,44.0,46708,8345.0,5.56,34.74,,6.62,5.8,0.12,-0.91,7352.0,292.0,76
1050,TATAPOWER,Mar 2022,5.04,16.0,9.61,2.2812,2.4662,0.3804,443.0,6250.0,5.0,7.0131,32.0,51195,6693.0,5.56,34.74,,6.62,3.1,-0.93,-0.18,443.0,184.0,142
1052,TATAPOWER,Mar 2024,6.97,17.0,13.23,1.6593,3.0544,0.4419,3569.0,9027.0,12.0,10.1113,17.0,53689,12596.0,5.56,34.74,,6.62,2.94,-0.72,-0.36,3569.0,177.6,148
1053,TATASTEEL,Mar 2013,-5.4,3.0,-21.28,2.0054,1.3634,0.9172,936.0,13099.0,-6.0,3.5193,-11.0,68529,14035.0,4.21,,,5.55,-1.93,-0.93,-0.13,936.0,-17.200000000000003,492
1055,TATASTEEL,Mar 2015,-2.82,2.0,-12.56,2.5743,1.9396,0.8768,2859.0,9021.0,-3.0,3.2285,-20.0,80701,11880.0,4.21,,,5.55,-3.02,-0.76,-0.22,2859.0,-60.8,529
1056,TATASTEEL,Mar 2016,-0.49,-1.0,-1.14,1.8748,2.303,0.5765,2661.0,8794.0,0.0,4.5085,-203.0,81987,11455.0,4.21,,,5.55,-23.05,-0.77,-0.41,2661.0,-862.0,645
1057,TATASTEEL,Mar 2017,-3.71,12.0,-11.02,2.195,1.8444,0.6512,1334.0,9490.0,-4.0,3.8989,-23.0,83014,10824.0,4.21,,,5.55,-2.6,-0.88,-0.24,1334.0,-44.0,516
1060,TATASTEEL,Mar 2020,0.84,12.0,1.6,1.5811,1.9354,0.5612,6157.0,14012.0,1.0,6.4259,74.0,116328,20169.0,4.21,,,5.55,17.18,-0.69,-0.08,6157.0,747.2,17
1061,TATASTEEL,Mar 2021,5.24,20.0,11.03,1.1921,4.0337,0.6408,34890.0,9437.0,6.0,6.1969,40.0,88501,44327.0,4.21,,,5.55,5.41,-0.21,-0.84,34890.0,276.4,84
1062,TATASTEEL,Mar 2022,17.11,26.0,36.48,0.6603,11.862,0.8638,33476.0,10905.0,33.0,9.3729,16.0,75561,44381.0,4.21,,,5.55,1.06,-0.25,-0.53,33476.0,102.4,301
1063,TATASTEEL,Mar 2023,3.32,13.0,7.829999999999999,0.8235,5.3769,0.8527,3504.0,18179.0,7.0,8.4424,50.0,84893,21683.0,4.21,,,5.55,2.69,-0.84,-0.32,3504.0,167.6,159
1064,TATASTEEL,Mar 2024,-2.14,10.0,-5.33,0.9462,2.1634,0.8509,6048.0,14253.0,-4.0,7.3805,-101.0,87082,20301.0,4.21,,,5.55,-4.13,-0.7,-0.55,6048.0,-105.2,554
1065,TCS,Mar 2013,22.35,29.0,36.52,0.0086,400.375,1.2129,5577.0,6038.0,36.0,19.6663,31.0,332,11615.0,12.25,10.96,11.64,9.89,0.83,-0.52,-0.49,5577.0,93.2,326
1066,TCS,Mar 2014,23.63,31.0,39.3,0.006,686.9231,1.2242,5299.0,9452.0,49.0,25.0995,33.0,297,14751.0,12.25,10.96,11.64,9.89,0.76,-0.64,-0.38,5299.0,90.4,333
1067,TCS,Mar 2015,21.19,26.0,39.62,0.0071,271.1731,1.2909,17562.0,1807.0,51.0,25.8342,78.0,358,19369.0,12.25,10.96,11.64,9.89,0.97,-0.09,-0.89,17562.0,98.8,311
1068,TCS,Mar 2016,22.4,28.0,34.23999999999999,0.0034,1023.0606,1.2305,14099.0,5010.0,62.0,36.0772,35.0,245,19109.0,12.25,10.96,11.64,9.89,0.79,-0.26,-0.51,14099.0,91.6,330
1069,TCS,Mar 2017,22.34,27.0,30.57,0.0034,1141.625,1.1528,8328.0,16895.0,67.0,43.7635,35.0,289,25223.0,12.25,10.96,11.64,9.89,0.96,-0.67,-0.44,8328.0,98.4,312
1070,TCS,Mar 2018,21.02,26.0,30.4,0.0029,695.3462,1.171,28171.0,3104.0,67.0,44.5696,37.0,247,25067.0,12.25,10.96,11.64,9.89,0.97,0.12,-1.07,21963.0,98.8,311
1071,TCS,Mar 2019,21.55,27.0,35.29,0.0007,221.298,1.2859,30238.0,1645.0,84.0,23.8523,36.0,62,28593.0,12.25,10.96,11.64,9.89,0.91,0.06,-0.98,26948.0,96.4,318
1072,TCS,Mar 2020,20.67,27.0,38.57,0.0972,50.5422,1.3065,41337.0,8968.0,86.0,22.4336,85.0,8174,32369.0,12.25,10.96,11.64,9.89,1.0,0.28,-1.23,23401.0,100.0,307
1073,TCS,Mar 2021,19.83,28.0,37.66999999999999,0.0902,76.0785,1.263,30846.0,7956.0,88.0,23.3603,43.0,7795,38802.0,12.25,10.96,11.64,9.89,1.19,-0.21,-0.84,30846.0,107.6,287
1074,TCS,Mar 2022,20.05,28.0,43.13,0.0877,72.7997,1.3607,39211.0,738.0,105.0,24.3549,41.0,7818,39949.0,12.25,10.96,11.64,9.89,1.04,-0.02,-0.84,39211.0,101.6,303
1075,TCS,Mar 2023,18.76,26.0,46.78,0.085,80.4981,1.5782,42513.0,548.0,115.0,24.706,100.0,7688,41965.0,12.25,10.96,11.64,9.89,0.99,0.01,-1.14,41417.0,99.6,309
1076,TCS,Mar 2024,19.14,27.0,50.94,0.0886,87.0951,1.6559,50429.0,6091.0,127.0,24.997,58.0,8021,44338.0,12.25,10.96,11.64,9.89,0.96,0.14,-1.09,38247.0,98.4,312
1077,TECHM,Mar 2013,19.02,21.0,24.09,0.2543,12.4369,0.765,233.0,622.0,25.0,4.2391,5.0,1380,855.0,18.46,9.24,3.55,13.9,0.65,-0.73,0.08,233.0,86.0,342
1078,TECHM,Mar 2013,19.02,21.0,24.09,0.2543,12.4369,0.765,233.0,622.0,25.0,4.2391,5.0,1380,855.0,18.46,9.24,3.55,13.9,0.65,-0.73,0.08,233.0,86.0,342
1079,TECHM,Mar 2014,16.29,22.0,33.35,0.0395,55.2,1.1795,1887.0,291.0,32.0,3.9239,15.0,363,1596.0,18.46,9.24,3.55,13.9,0.52,0.18,-0.61,1305.0,80.8,352
1080,TECHM,Mar 2014,16.29,22.0,33.35,0.0395,55.2,1.1795,1887.0,291.0,32.0,3.9239,15.0,363,1596.0,18.46,9.24,3.55,13.9,0.52,0.18,-0.61,1305.0,80.8,352
1081,TECHM,Mar 2015,11.75,19.0,21.71,0.0572,62.3043,1.1397,583.0,1865.0,27.0,2.5517,22.0,700,2448.0,18.46,9.24,3.55,13.9,0.92,-0.76,-0.34,583.0,96.8,316
1082,TECHM,Mar 2015,11.75,19.0,21.71,0.0572,62.3043,1.1397,583.0,1865.0,27.0,2.5517,22.0,700,2448.0,18.46,9.24,3.55,13.9,0.92,-0.76,-0.34,583.0,96.8,316
1083,TECHM,Mar 2016,11.43,16.0,20.75,0.0748,48.5876,1.1762,1684.0,1453.0,31.0,3.3466,35.0,1091,3137.0,18.46,9.24,3.55,13.9,1.04,-0.46,-0.16,1684.0,101.6,303
1084,TECHM,Mar 2016,11.43,16.0,20.75,0.0748,48.5876,1.1762,1684.0,1453.0,31.0,3.3466,35.0,1091,3137.0,18.46,9.24,3.55,13.9,1.04,-0.46,-0.16,1684.0,101.6,303
1085,TECHM,Mar 2017,9.78,14.0,17.35,0.0831,38.4419,1.1184,1178.0,2893.0,29.0,3.7442,28.0,1366,4071.0,18.46,9.24,3.55,13.9,1.43,-0.71,-0.39,1178.0,117.2,263
1086,TECHM,Mar 2017,9.78,14.0,17.35,0.0831,38.4419,1.1184,1178.0,2893.0,29.0,3.7442,28.0,1366,4071.0,18.46,9.24,3.55,13.9,1.43,-0.71,-0.39,1178.0,117.2,263
1087,TECHM,Mar 2018,12.3,15.0,20.09,0.1272,37.821,1.0112,235.0,3319.0,39.0,4.2631,33.0,2397,3554.0,18.46,9.24,3.55,13.9,0.94,-0.93,-0.08,235.0,97.6,314
1088,TECHM,Mar 2018,12.3,15.0,20.09,0.1272,37.821,1.0112,235.0,3319.0,39.0,4.2631,33.0,2397,3554.0,18.46,9.24,3.55,13.9,0.94,-0.93,-0.08,235.0,97.6,314
1089,TECHM,Mar 2019,12.35,18.0,21.14,0.0984,51.1654,1.0387,2328.0,2104.0,44.0,4.5687,29.0,1996,4432.0,18.46,9.24,3.55,13.9,1.03,-0.47,-0.51,2328.0,101.2,304
1090,TECHM,Mar 2019,12.35,18.0,21.14,0.0984,51.1654,1.0387,2328.0,2104.0,44.0,4.5687,29.0,1996,4432.0,18.46,9.24,3.55,13.9,1.03,-0.47,-0.51,2328.0,101.2,304
1091,TECHM,Mar 2020,10.57,15.0,17.87,0.1682,34.8698,0.9879,5439.0,1081.0,42.0,5.003,32.0,3670,4358.0,18.46,9.24,3.55,13.9,1.12,0.25,-1.02,3277.0,104.8,294
1092,TECHM,Mar 2020,10.57,15.0,17.87,0.1682,34.8698,0.9879,5439.0,1081.0,42.0,5.003,32.0,3670,4358.0,18.46,9.24,3.55,13.9,1.12,0.25,-1.02,3277.0,104.8,294
1093,TECHM,Mar 2021,11.5,18.0,17.51,0.1167,43.5862,0.9559,2661.0,5433.0,46.0,5.6899,89.0,2901,8094.0,18.46,9.24,3.55,13.9,1.86,-0.67,-0.37,2661.0,134.4,223
1094,TECHM,Mar 2021,11.5,18.0,17.51,0.1167,43.5862,0.9559,2661.0,5433.0,46.0,5.6899,89.0,2901,8094.0,18.46,9.24,3.55,13.9,1.86,-0.67,-0.37,2661.0,134.4,223
1095,TECHM,Mar 2022,12.61,18.0,20.94,0.0974,56.0429,1.0052,5765.0,480.0,57.0,6.1244,47.0,2618,5285.0,18.46,9.24,3.55,13.9,0.94,0.09,-0.88,4805.0,97.6,314
1096,TECHM,Mar 2022,12.61,18.0,20.94,0.0974,56.0429,1.0052,5765.0,480.0,57.0,6.1244,47.0,2618,5285.0,18.46,9.24,3.55,13.9,0.94,0.09,-0.88,4805.0,97.6,314
1097,TECHM,Mar 2023,9.11,15.0,17.39,0.0981,26.773,1.1629,5346.0,226.0,50.0,6.3464,91.0,2740,5572.0,18.46,9.24,3.55,13.9,1.15,-0.04,-0.91,5346.0,106.0,291
1098,TECHM,Mar 2023,9.11,15.0,17.39,0.0981,26.773,1.1629,5346.0,226.0,50.0,6.3464,91.0,2740,5572.0,18.46,9.24,3.55,13.9,1.15,-0.04,-0.91,5346.0,106.0,291
1099,TECHM,Mar 2024,4.61,9.0,8.99,0.0951,13.8597,1.205,5058.0,1318.0,24.0,6.0474,150.0,2537,6376.0,18.46,9.24,3.55,13.9,2.66,-0.21,-0.75,5058.0,166.4,161
1100,TECHM,Mar 2024,4.61,9.0,8.99,0.0951,13.8597,1.205,5058.0,1318.0,24.0,6.0474,150.0,2537,6376.0,18.46,9.24,3.55,13.9,2.66,-0.21,-0.75,5058.0,166.4,161
1101,TITAN,Mar 2013,7.16,10.0,36.8,0.0,21.8235,1.7204,411.0,142.0,8.0,2.2135,26.0,0,553.0,15.05,13.3,13.61,17.03,0.76,-0.26,-0.43,411.0,90.4,333
1103,TITAN,Mar 2015,6.850000000000001,10.0,26.46,0.0324,15.0617,2.0302,385.0,118.0,9.0,3.4652,25.0,100,503.0,15.05,13.3,13.61,17.03,0.62,-0.23,-2.0,385.0,84.8,346
1104,TITAN,Mar 2016,5.99,8.0,19.25,0.0322,24.0,1.778,417.0,159.0,8.0,3.9404,29.0,113,576.0,15.05,13.3,13.61,17.03,0.85,-0.28,-0.88,417.0,94.0,324
1105,TITAN,Mar 2017,5.26,9.0,16.47,0.4446,29.5263,1.5772,759.0,953.0,8.0,4.7562,32.0,1882,1712.0,15.05,13.3,13.61,17.03,2.46,-0.56,-0.1,759.0,158.4,174
1106,TITAN,Mar 2018,6.84,10.0,21.65,0.3322,32.3396,1.6931,47.0,98.0,13.0,5.7191,29.0,1691,-51.0,15.05,13.3,13.61,17.03,-0.05,-1.92,4.94,-149.0,-2.0,475
1107,TITAN,Mar 2019,7.02,10.0,22.88,0.3942,40.9811,1.6891,446.0,797.0,16.0,6.8202,32.0,2393,1243.0,15.05,13.3,13.61,17.03,0.89,-0.64,-0.39,446.0,95.6,320
1109,TITAN,Mar 2021,4.5,8.0,12.99,0.752,9.3842,1.3162,1340.0,2799.0,11.0,8.4236,37.0,5638,4139.0,15.05,13.3,13.61,17.03,4.25,-0.68,-0.3,1340.0,230.0,114
1110,TITAN,Mar 2022,7.630000000000001,12.0,23.63,0.782,16.1514,1.3592,441.0,1165.0,24.0,10.4528,31.0,7275,-724.0,15.05,13.3,13.61,17.03,-0.33,-1.61,0.56,-1889.0,-13.2,489
1112,TITAN,Mar 2024,6.84,10.0,37.22,1.6531,9.412,1.6193,1506.0,189.0,39.0,10.5539,28.0,15528,1695.0,15.05,13.3,13.61,17.03,0.48,-0.11,-0.78,1506.0,79.2,357
1114,TORNTPHARM,Mar 2014,15.92,23.0,34.89,0.5949,16.7627,0.8307,181.0,418.0,20.0,2.2388,25.0,1132,599.0,11.08,12.88,12.77,12.29,0.9,-0.7,0.14,181.0,96.0,319
1116,TORNTPHARM,Mar 2016,25.92,41.0,49.6,0.6732,15.0272,0.7525,1873.0,869.0,51.0,4.1106,34.0,2352,2742.0,11.08,12.88,12.77,12.29,1.58,-0.32,-0.52,1873.0,123.2,247
1117,TORNTPHARM,Mar 2017,16.06,24.0,21.47,0.5769,7.767,0.6058,211.0,798.0,28.0,5.1188,25.0,2510,1009.0,11.08,12.88,12.77,12.29,1.08,-0.79,-0.19,211.0,103.2,298
1119,TORNTPHARM,Mar 2019,5.680000000000001,26.0,9.23,1.2779,3.3393,0.5437,1552.0,246.0,13.0,5.5588,66.0,6038,1798.0,11.08,12.88,12.77,12.29,4.12,-0.14,-0.73,1552.0,224.8,116
1120,TORNTPHARM,Mar 2020,12.91,27.0,21.25,1.199,5.0798,0.5667,1622.0,229.0,30.0,5.6753,53.0,5784,1393.0,11.08,12.88,12.77,12.29,1.36,0.16,-1.11,1164.0,114.4,270
1121,TORNTPHARM,Mar 2021,15.64,31.0,21.45,0.8349,7.187,0.5687,1561.0,444.0,37.0,6.8682,47.0,4874,2005.0,11.08,12.88,12.77,12.29,1.6,-0.22,-0.82,1561.0,124.0,245
1122,TORNTPHARM,Mar 2022,9.13,29.0,13.05,0.6837,8.4039,0.6592,1607.0,196.0,23.0,7.0035,105.0,4070,1803.0,11.08,12.88,12.77,12.29,2.32,-0.11,-0.99,1607.0,152.8,187
1123,TORNTPHARM,Mar 2023,12.94,30.0,20.09,0.8662,8.6697,0.6585,33.0,2335.0,37.0,3.6675,60.0,5369,2368.0,11.08,12.88,12.77,12.29,1.9,-0.99,0.03,33.0,136.0,221
1124,TORNTPHARM,Mar 2024,15.44,31.0,24.15,0.5866,9.9266,0.7396,3106.0,160.0,49.0,4.0568,57.0,4022,3266.0,11.08,12.88,12.77,12.29,1.97,-0.05,-0.85,3106.0,138.8,213
1128,TRENT,Mar 2016,3.26,5.0,3.76,0.2732,3.6667,0.7816,11.0,98.0,2.0,4.4364,54.0,400,109.0,17.67,,,11.63,1.98,-0.9,-0.12,11.0,139.2,212
1129,TRENT,Mar 2017,4.69,7.0,5.489999999999999,0.2534,4.6739,0.8155,58.0,44.0,3.0,4.6879,39.0,392,102.0,17.67,,,11.63,1.2,-0.43,-0.5,58.0,108.0,286
1130,TRENT,Mar 2018,4.03,10.0,5.45,0.2451,5.3409,0.9234,73.0,4.0,3.0,4.8333,44.0,391,77.0,17.67,,,11.63,0.89,-0.05,-0.96,73.0,95.6,320
1133,TRENT,Mar 2021,-6.98,4.0,-7.829999999999999,0.1297,1.1992,0.453,303.0,18.0,-4.0,6.425,-15.0,300,285.0,17.67,,,11.63,-1.57,0.06,-0.99,267.0,-2.8000000000000043,476
1134,TRENT,Mar 2022,0.7799999999999999,13.0,1.48,1.9987,2.2985,0.5822,114.0,56.0,3.0,6.5667,57.0,4725,58.0,17.67,,,11.63,1.66,0.97,-1.86,2.0,126.4,240
1135,TRENT,Mar 2023,4.78,14.0,15.18,1.7196,3.5575,1.0198,492.0,103.0,13.0,7.2111,18.0,4464,595.0,17.67,,,11.63,1.51,-0.17,-0.83,492.0,120.4,254
1136,TRENT,Mar 2024,11.94,16.0,36.31,0.4309,8.0435,1.7279,841.0,508.0,42.0,11.3,8.0,1753,1349.0,17.67,,,11.63,0.91,-0.38,-0.47,841.0,96.4,318
1137,TVSMOTOR,Mar 2013,2.64,6.0,22.02,1.188,5.5146,2.2212,344.0,120.0,4.0,1.8729,30.0,1068,464.0,15.63,21.72,21.65,24.06,2.34,-0.26,-0.87,344.0,153.6,185
1138,TVSMOTOR,Mar 2014,2.23,6.0,16.11,0.627,6.7,2.3084,235.0,235.0,4.0,2.4188,37.0,728,470.0,15.63,21.72,21.65,24.06,2.51,-0.5,-0.46,235.0,160.39999999999998,171
1140,TVSMOTOR,Mar 2016,3.77,7.0,23.58,0.5998,13.0286,2.2108,331.0,605.0,9.0,3.7896,28.0,1091,936.0,15.63,21.72,21.65,24.06,2.18,-0.65,-0.34,331.0,147.2,196
1145,TVSMOTOR,Mar 2021,3.13,11.0,15.89,3.1824,2.5743,0.8882,269.0,882.0,13.0,7.9729,28.0,12179,1151.0,15.63,21.72,21.65,24.06,1.89,-0.77,0.23,269.0,135.6,222
1150,ULTRACEMCO,Mar 2014,10.68,19.0,12.88,0.4267,12.0693,0.6441,1113.0,2342.0,80.0,6.2708,11.0,7332,3455.0,10.94,7.29,6.81,11.36,1.56,-0.68,-0.27,1113.0,122.4,249
1151,ULTRACEMCO,Mar 2015,9.02,19.0,11.04,0.5162,8.1346,0.6125,2046.0,2144.0,76.0,6.9493,12.0,9829,4190.0,10.94,7.29,6.81,11.36,1.99,-0.51,-0.5,2046.0,139.6,211
1152,ULTRACEMCO,Mar 2016,9.86,19.0,11.3,0.4838,9.4788,0.6106,853.0,3673.0,90.0,8.0091,11.0,10616,4526.0,10.94,7.29,6.81,11.36,1.82,-0.81,-0.19,853.0,132.8,227
1153,ULTRACEMCO,Mar 2017,10.7,21.0,11.13,0.3474,9.1562,0.6012,2504.0,2501.0,99.0,8.8698,10.0,8474,5005.0,10.94,7.29,6.81,11.36,1.84,-0.5,-0.51,2504.0,133.60000000000002,225
1154,ULTRACEMCO,Mar 2018,7.180000000000001,20.0,8.43,0.7384,5.1591,0.5422,5754.0,1866.0,81.0,9.5935,13.0,19480,3888.0,10.94,7.29,6.81,11.36,1.75,0.48,-1.48,2022.0,130.0,234
1155,ULTRACEMCO,Mar 2019,5.79,18.0,7.109999999999999,0.7507,4.329,0.5418,7121.0,1165.0,88.0,12.2731,13.0,25337,5956.0,10.94,7.29,6.81,11.36,2.48,0.2,-1.13,4791.0,159.2,173
1156,ULTRACEMCO,Mar 2020,13.55,22.0,14.73,0.5896,4.9684,0.5356,4780.0,4192.0,199.0,13.51,7.0,23019,8972.0,10.94,7.29,6.81,11.36,1.56,-0.47,-0.57,4780.0,122.4,249
1157,ULTRACEMCO,Mar 2021,12.21,26.0,12.36,0.4917,8.2012,0.519,3644.0,8856.0,189.0,15.2855,20.0,21719,12500.0,10.94,7.29,6.81,11.36,2.29,-0.71,-0.35,3644.0,151.6,189
1158,ULTRACEMCO,Mar 2022,13.94,22.0,14.54,0.224,12.8921,0.6276,11540.0,2257.0,254.0,17.4519,15.0,11299,9283.0,10.94,7.29,6.81,11.36,1.27,0.24,-1.35,7026.0,110.8,279
1159,ULTRACEMCO,Mar 2023,8.02,17.0,9.34,0.2036,13.52,0.6921,1881.0,7188.0,175.0,18.7976,22.0,11058,9069.0,10.94,7.29,6.81,11.36,1.79,-0.79,-0.18,1881.0,131.6,229
1160,ULTRACEMCO,Mar 2024,9.88,18.0,11.63,0.1893,13.9835,0.7035,2109.0,8789.0,243.0,20.8401,29.0,11403,10898.0,10.94,7.29,6.81,11.36,1.56,-0.81,-0.18,2109.0,122.4,249
1162,UNIONBANK,Mar 2014,5.74,-3.0,9.05,17.5528,0.1043,0.0828,2207.0,363.0,27.0,2.9578,15.0,327078,2570.0,12.82,18.43,-4.39,13.31,1.52,-0.14,1.91,2207.0,120.8,253
1164,UNIONBANK,Mar 2016,4.17,-6.0,5.84,16.2597,0.084,0.0793,72.0,9.0,20.0,3.3549,10.0,374754,81.0,12.82,18.43,-4.39,13.31,0.06,-0.11,-0.02,72.0,62.4,380
1166,UNIONBANK,Mar 2018,-15.82,-36.0,-20.64,18.0567,-0.2658,0.0671,5782.0,315.0,-45.0,2.1601,0.0,455969,6097.0,12.82,18.43,-4.39,13.31,-1.17,-0.05,1.77,5782.0,13.200000000000005,451
1169,UNIONBANK,Mar 2021,4.130000000000001,-16.0,4.42,15.1005,0.0734,0.064,19926.0,601.0,4.0,1.0104,0.0,977576,20527.0,12.82,18.43,-4.39,13.31,7.17,-0.03,-0.92,19926.0,346.8,56
1170,UNIONBANK,Mar 2022,7.720000000000001,-6.0,7.430000000000001,15.3203,0.2317,0.0572,35781.0,558.0,8.0,1.0367,25.0,1085613,36339.0,12.82,18.43,-4.39,13.31,6.9,-0.02,-0.02,35781.0,336.0,61
1171,UNIONBANK,Mar 2023,10.49,-4.0,10.8,14.7589,0.2684,0.063,3495.0,2561.0,12.0,1.1529,24.0,1163059,6056.0,12.82,18.43,-4.39,13.31,0.71,-0.42,-1.76,3495.0,88.4,338
1172,UNIONBANK,Mar 2024,13.75,5.0,14.14,12.8237,0.3536,0.0716,18536.0,1394.0,18.0,1.2785,20.0,1251568,19930.0,12.82,18.43,-4.39,13.31,1.44,-0.07,-0.58,18536.0,117.6,261
1175,INDIGO,Mar 2015,9.36,1904.0,4939.39,0.1515,30.4709,228.2787,1444.0,940.0,42481.0,6.6,83.0,4,2384.0,19.3,18.57,-34.6,37.99,1.83,-0.39,-0.55,1444.0,133.2,226
1176,INDIGO,Mar 2016,12.3,3164.0,1534.78,0.0618,25.235,82.3469,1779.0,1337.0,55.0,32.35,27.0,8,3116.0,19.3,18.57,-34.6,37.99,1.57,-0.43,-0.39,1779.0,122.8,248
1177,INDIGO,Mar 2017,8.93,2219.0,1692.86,0.5306,20.7529,75.5285,749.0,3033.0,46.0,0.3379,74.0,52,3782.0,19.3,18.57,-34.6,37.99,2.28,-0.8,-0.37,749.0,151.2,190
1179,INDIGO,Mar 2019,0.5499999999999999,-151.0,120.93,0.6822,21.6204,76.3995,634.0,2526.0,4.0,0.4448,123.0,88,3160.0,19.3,18.57,-34.6,37.99,20.26,-0.8,-0.19,634.0,870.4000000000001,11
1180,INDIGO,Mar 2020,-0.69,4069.0,-138.55,0.419,20.7041,84.7299,2370.0,4573.0,-6.0,0.6172,0.0,75,6943.0,19.3,18.57,-34.6,37.99,-28.0,-0.66,-0.35,2370.0,-1060.0,647
1181,INDIGO,Mar 2021,-42.15,2.0,-1094.15,0.016,14.1293,18.053,1608.0,3228.0,-151.0,1.175,0.0,9,-1620.0,19.3,18.57,-34.6,37.99,0.26,-1.99,1.1,-4848.0,10.4,455
1182,INDIGO,Mar 2022,-1.22,558.0,-48.77,0.0185,35.0,28.1859,3591.0,1527.0,-160.0,1.3542,0.0,12,2064.0,19.3,18.57,-34.6,37.99,-6.51,0.74,-1.5,537.0,-200.4,598
1183,INDIGO,Mar 2023,-0.58,6521.0,-40.8,0.0154,33.4997,51.2674,8664.0,4039.0,-8.0,1.6187,0.0,12,12703.0,19.3,18.57,-34.6,37.99,-40.07,-0.32,-0.66,8664.0,-1542.8,649
1184,INDIGO,Mar 2024,11.85,16331.0,892.57,0.0186,22.6126,56.3863,9424.0,11759.0,212.0,1.9062,0.0,17,21183.0,19.3,18.57,-34.6,37.99,2.59,-0.56,-0.47,9424.0,163.6,166
